# Blender 4.2.1 LTS
# www.blender.org
mtllib casat.mtl
o Casa
v -0.000000 0.006825 -1.505405
v 0.711621 1.071738 -0.914601
v 0.000000 3.415918 -0.911717
v 0.752703 0.006825 -1.303719
v 0.455859 3.415918 -0.789570
v 1.303719 0.006825 -0.752703
v 1.030971 1.071738 -0.595252
v 0.789571 3.415918 -0.455859
v 1.505405 0.006825 0.000000
v 0.911718 3.415918 0.000000
v 1.303719 0.006825 0.752703
v 0.789571 3.415918 0.455859
v 0.752703 0.006825 1.303719
v 0.455859 3.415918 0.789571
v -0.000000 0.006825 1.505405
v 0.000000 3.415918 0.911718
v -0.752703 0.006825 1.303719
v -0.455859 3.415918 0.789571
v -1.303719 0.006825 0.752703
v -0.789571 3.415918 0.455859
v -1.505405 0.006825 0.000000
v -0.911718 3.415918 0.000000
v -1.303719 0.006825 -0.752703
v -0.789571 3.415918 -0.455859
v -0.752703 0.006825 -1.303719
v -0.455859 3.415918 -0.789570
v 0.478341 3.415918 -0.828511
v 0.000000 3.415918 -0.956682
v 0.828511 3.415918 -0.478341
v 0.956682 3.415918 0.000000
v 0.828511 3.415918 0.478341
v 0.478341 3.415918 0.828511
v 0.000000 3.415918 0.956682
v -0.478341 3.415918 0.828511
v -0.828511 3.415918 0.478341
v -0.956682 3.415918 0.000000
v -0.828511 3.415918 -0.478341
v -0.478341 3.415918 -0.828511
v 0.000000 5.251169 -0.718820
v 0.382351 5.251169 -0.616369
v 0.662251 5.251169 -0.336469
v 0.764702 5.251169 0.045882
v 0.662251 5.251169 0.428232
v 0.382351 5.251169 0.708133
v 0.000000 5.251169 0.810583
v -0.382351 5.251169 0.708133
v -0.662251 5.251169 0.428232
v -0.764701 5.251169 0.045882
v -0.662251 5.251169 -0.336469
v -0.382351 5.251169 -0.616369
v 0.000000 5.725276 -0.744707
v 0.395295 5.725276 -0.638788
v 0.684670 5.725276 -0.349413
v 0.790589 5.725276 0.045882
v 0.684670 5.725276 0.441176
v 0.395295 5.725276 0.730552
v 0.000000 5.725276 0.836470
v -0.395294 5.725276 0.730552
v -0.684670 5.725276 0.441176
v -0.790589 5.725276 0.045882
v -0.684670 5.725276 -0.349413
v -0.395294 5.725276 -0.638788
v 0.000000 6.467022 -0.557234
v 0.301558 6.467022 -0.476432
v 0.522314 6.467022 -0.255676
v 0.603116 6.467022 0.045882
v 0.522314 6.467022 0.347440
v 0.301558 6.467022 0.568195
v 0.000000 6.467022 0.648997
v -0.301558 6.467022 0.568195
v -0.522313 6.467022 0.347440
v -0.603115 6.467022 0.045882
v -0.522313 6.467022 -0.255676
v -0.301558 6.467022 -0.476432
v 0.000000 5.251169 -0.851792
v 0.000000 5.284581 -0.877737
v 0.461810 5.284581 -0.753996
v 0.448837 5.251169 -0.731526
v 0.799877 5.284581 -0.415928
v 0.777408 5.251169 -0.402955
v 0.923619 5.284581 0.045882
v 0.897674 5.251169 0.045882
v 0.799877 5.284581 0.507691
v 0.777408 5.251169 0.494718
v 0.461810 5.284581 0.845759
v 0.448837 5.251169 0.823290
v 0.000000 5.284581 0.969500
v 0.000000 5.251169 0.943555
v -0.461809 5.284581 0.845759
v -0.448837 5.251169 0.823290
v -0.799877 5.284581 0.507691
v -0.777408 5.251169 0.494718
v -0.923619 5.284581 0.045882
v -0.897674 5.251169 0.045882
v -0.799877 5.284581 -0.415928
v -0.777408 5.251169 -0.402955
v -0.461809 5.284581 -0.753996
v -0.448837 5.251169 -0.731526
v 0.880072 0.006825 -1.176350
v 0.807509 1.091189 -1.010489
v 1.292719 0.006825 -0.763702
v 1.126859 1.091189 -0.691140
v 1.184716 0.006825 -0.657527
v 0.773896 0.006825 -1.068347
v 1.268145 2.884858 0.178672
v 1.577524 2.860199 0.257817
v 0.958765 2.860199 0.257817
v 1.268145 3.427575 0.401298
v 1.268145 4.059412 0.760076
v 0.997318 3.406363 0.470688
v 1.538971 3.406363 0.470688
v 1.445894 4.045963 0.805756
v 1.737230 3.348409 0.660267
v 1.804006 2.792832 0.474048
v 1.576016 4.009221 0.930554
v 1.809797 3.269242 0.919237
v 1.886904 2.700806 0.769424
v 1.623644 3.959032 1.101033
v 1.737230 3.190076 1.178206
v 1.804006 2.608780 1.064800
v 1.576016 3.908842 1.271511
v 1.538971 3.132122 1.367785
v 1.577524 2.541413 1.281030
v 1.445894 3.872100 1.396310
v 1.268145 3.110909 1.437176
v 1.268145 2.516754 1.360175
v 1.268145 3.858652 1.441989
v 0.997318 3.132122 1.367785
v 0.958765 2.541413 1.281030
v 1.090395 3.872100 1.396310
v 0.799060 3.190076 1.178206
v 0.732284 2.608780 1.064800
v 0.960273 3.908842 1.271511
v 0.726492 3.269242 0.919237
v 0.649386 2.700806 0.769424
v 0.912646 3.959032 1.101033
v 0.799060 3.348409 0.660267
v 0.732284 2.792832 0.474048
v 0.960273 4.009221 0.930554
v 1.061377 4.800872 1.199448
v 1.090395 4.045963 0.805756
v 1.148767 4.823345 1.114997
v 1.268145 4.831570 1.084085
v 1.387522 4.823345 1.114997
v 1.474913 4.800872 1.199448
v 1.506900 4.770174 1.314812
v 1.474913 4.739477 1.430175
v 1.387522 4.717004 1.514627
v 1.268145 4.708778 1.545538
v 1.148767 4.717004 1.514627
v 1.061377 4.739477 1.430175
v 1.029389 4.770174 1.314812
v -1.310554 2.243695 -1.529664
v -0.976488 2.251987 -1.440536
v -1.644620 2.251987 -1.440536
v -1.310554 2.997138 -1.538494
v -1.310554 3.886918 -1.408307
v -1.594909 3.004725 -1.462690
v -1.026200 3.004725 -1.462690
v -1.161272 3.891552 -1.368585
v -0.818038 3.025454 -1.255588
v -0.731936 2.274640 -1.197035
v -1.051990 3.904213 -1.260063
v -0.741845 3.053771 -0.972682
v -0.642423 2.305584 -0.864405
v -1.011990 3.921510 -1.111819
v -0.818038 3.082088 -0.689776
v -0.731936 2.336528 -0.531776
v -1.066344 3.940469 -0.949321
v -1.026200 3.102816 -0.482674
v -0.976488 2.359180 -0.288275
v -1.161272 3.951468 -0.855053
v -1.310554 3.110404 -0.406869
v -1.310554 2.367471 -0.199147
v -1.310554 3.956102 -0.815331
v -1.594909 3.102816 -0.482674
v -1.644620 2.359180 -0.288275
v -1.459836 3.951468 -0.855053
v -1.803071 3.082088 -0.689776
v -1.889173 2.336528 -0.531776
v -1.554764 3.940469 -0.949321
v -1.879263 3.053771 -0.972682
v -1.978685 2.305584 -0.864405
v -1.609118 3.921510 -1.111819
v -1.803071 3.025454 -1.255588
v -1.889173 2.274640 -1.197035
v -1.569118 3.904213 -1.260063
v -1.517322 4.386562 -1.252224
v -1.459836 3.891552 -1.368585
v -1.429932 4.374825 -1.338823
v -1.310554 4.370529 -1.370520
v -1.191177 4.374825 -1.338823
v -1.103786 4.386562 -1.252224
v -1.071799 4.402595 -1.133928
v -1.103786 4.418628 -1.015632
v -1.191177 4.430365 -0.929034
v -1.310554 4.434662 -0.897336
v -1.429932 4.430365 -0.929034
v -1.517322 4.418628 -1.015632
v -1.549309 4.402595 -1.133928
v 0.074147 0.033389 1.481261
v 0.351386 0.056022 1.556297
v 0.110416 1.620999 1.216004
v 0.388600 1.150778 1.367954
v 0.157047 1.793629 1.175723
v 0.203678 1.966259 1.135442
v 0.420965 1.398262 1.318367
v 0.453330 1.645746 1.268779
v 0.429937 1.390794 1.357899
v 0.397285 1.109970 1.413027
v 0.462588 1.671618 1.302771
v 0.741102 1.085332 1.582185
v 0.653375 0.875694 1.615256
v 0.828828 1.294971 1.549115
v 1.026009 0.835267 1.682097
v 1.012217 0.612789 1.725160
v 1.039801 1.057745 1.639033
v 1.019472 0.837464 1.715067
v 1.004071 0.593549 1.762371
v 1.034874 1.081378 1.667763
v 1.250970 0.648137 1.921293
v 1.537448 0.458809 2.028372
v 1.261807 0.424282 2.032956
v 1.242267 0.871991 1.805779
v 1.449661 0.662603 1.943796
v 1.609156 0.688218 1.717757
v 1.754357 0.674131 1.463770
v 1.433594 0.928274 1.598028
v 1.710698 0.469713 1.793396
v 1.760715 0.251207 1.840463
v 1.815223 0.461417 1.514768
v 1.876088 0.248703 1.565767
v 1.689951 0.657619 1.310960
v 1.509190 0.853822 1.207217
v 1.761801 0.411478 1.299095
v 1.590470 0.903760 1.372654
v 1.468945 1.133390 1.205144
v 1.258031 1.168330 1.478300
v 1.437846 1.106342 1.219833
v 1.244435 1.138914 1.468531
v 1.341613 1.361348 1.075968
v 1.475739 0.848472 1.222278
v 1.513633 0.590602 1.224722
v 1.399962 1.024169 1.074655
v 1.458312 0.686991 1.073342
v 1.169800 1.324455 0.851699
v 1.286191 0.884452 0.802380
v 1.048311 1.764458 0.910208
v 1.123381 1.307448 0.867231
v 1.229981 0.881495 0.835557
v 1.011775 1.733401 0.907934
v 1.032385 1.544297 0.678520
v 1.167121 1.025981 0.650282
v 0.897650 2.062613 0.706758
v 0.578238 2.175440 1.001362
v 0.764779 1.810377 1.129578
v 0.787256 1.840503 1.150748
v 1.095744 1.414493 1.369470
v 1.329424 0.008904 0.638293
v 1.364774 0.039030 0.841776
v 1.425608 0.012605 0.810038
v 1.554634 0.016352 1.079174
v 1.582172 0.076184 1.232618
v 1.622969 0.016385 1.216322
v 1.778161 0.017202 1.336212
v 1.549434 0.574253 1.209290
v 1.876793 0.018019 1.558097
v 1.763383 0.017782 1.861631
v 1.624924 0.025005 2.165054
v 1.625235 0.255016 2.112949
v 1.273454 0.025053 2.066583
v 0.976966 0.025101 1.868964
v 0.988487 0.083827 1.823774
v 0.617857 0.029281 1.765414
v 0.355763 0.029950 1.600348
v -0.049751 0.019751 -1.489994
v -0.126914 1.011913 -1.296538
v -0.187139 0.022304 -1.623558
v -0.337937 0.021635 -1.726882
v -0.253975 1.099343 -1.416575
v -0.285017 1.416833 -1.365664
v -0.407112 0.844327 -1.577333
v -0.383240 1.024885 -1.522802
v -0.568824 0.585902 -1.768233
v -0.510787 0.017455 -1.853647
v -0.561309 0.787461 -1.691663
v -0.685432 0.416636 -1.948162
v -0.811220 0.654956 -1.917760
v -1.012542 0.680572 -1.729572
v -0.676556 0.829991 -1.772539
v -0.868279 0.247369 -2.057807
v -0.847547 0.017358 -2.101090
v -1.070973 0.243561 -1.831101
v -1.064518 0.010135 -1.848678
v -1.260376 0.241057 -1.602612
v -1.263892 0.010373 -1.596239
v -1.243256 0.403831 -1.425555
v -1.214798 0.666484 -1.518207
v -1.099606 0.863693 -1.414040
v -1.165651 0.566606 -1.312676
v -1.219683 0.008738 -1.313006
v -1.160009 0.679344 -1.194671
v -1.113866 0.814956 -1.282135
v -1.019015 0.988323 -1.242264
v -1.043270 0.951662 -1.132362
v -0.975677 1.350091 -1.089550
v -0.972482 1.321915 -0.934028
v -1.138484 0.875662 -0.969886
v -0.927460 1.825268 -1.044765
v -0.932214 1.557067 -0.768949
v -1.060846 0.999175 -0.773527
v -0.889127 2.027751 -0.726176
v -0.575298 2.045991 -1.073550
v -0.572725 2.192430 -1.001948
v -0.225607 1.969797 -1.131694
v -0.652138 1.901313 -1.251393
v -0.689721 1.408495 -1.336605
v -0.378011 1.732428 -1.356923
v -0.427801 1.280169 -1.483512
v -0.544979 0.940685 -1.614306
v -0.776345 1.021010 -1.468958
v -0.902666 0.889388 -1.602244
v -0.181382 1.604993 -1.201995
v -1.243785 0.027848 -0.808016
v -1.240638 0.004959 -0.976037
v -1.225551 0.008706 -1.199261
v -1.281782 0.009555 -1.412185
v -0.638779 0.017407 -2.020222
v 0.000000 6.522604 -1.051096
v 0.549445 6.522604 -0.903872
v -0.549445 6.522604 -0.903872
v 0.000000 6.803562 -0.559175
v -0.000000 6.157848 -1.243526
v -0.645660 6.157848 -1.070522
v 0.322830 5.917551 -1.157024
v 0.645660 6.157848 -1.070522
v -0.322830 5.914560 -1.157024
v 0.881988 5.914560 -0.834194
v 1.118316 6.157848 -0.597867
v 1.291320 6.157848 0.047793
v 0.951666 6.522604 -0.501651
v 1.204818 5.917551 -0.275037
v 0.525651 6.803562 -0.255691
v 1.098889 6.522604 0.047794
v 0.606969 6.803562 0.047794
v 0.951666 6.522604 0.597238
v 0.525651 6.803562 0.351278
v 0.549445 6.522604 0.999460
v 1.118316 6.157848 0.693453
v 1.204818 5.914560 0.370623
v 0.645660 6.157848 1.166110
v 0.881988 5.917551 0.929781
v -0.000000 6.157848 1.339113
v 0.322830 5.914560 1.252612
v -0.645660 6.157848 1.166110
v 0.000000 6.522604 1.146683
v -0.322830 5.917551 1.252612
v 0.000000 6.803562 0.654762
v -0.549445 6.522604 0.999460
v -0.303484 6.803562 0.573444
v -0.951666 6.522604 0.597238
v -0.525651 6.803562 0.351278
v -1.098889 6.522604 0.047794
v -1.118316 6.157848 0.693453
v -0.881988 5.914560 0.929781
v -1.291320 6.157848 0.047793
v -1.204818 5.917551 0.370623
v -1.118316 6.157848 -0.597867
v -1.204818 5.914560 -0.275037
v -0.951666 6.522604 -0.501651
v -0.881988 5.917551 -0.834194
v -0.525651 6.803562 -0.255691
v -0.427520 7.437232 -0.199035
v -0.303484 6.803562 -0.477857
v -0.606969 6.803562 0.047794
v -0.493658 7.437232 0.047794
v -0.427520 7.437232 0.294622
v -0.246829 7.437232 0.475314
v -0.000000 7.437232 0.541451
v 0.246829 7.437232 0.475314
v 0.427520 7.437232 0.294622
v 0.303484 6.803562 0.573444
v 0.493658 7.437232 0.047794
v 0.427520 7.437232 -0.199035
v 0.246829 7.437232 -0.379727
v -0.000000 7.437232 -0.445864
v 0.303484 6.803562 -0.477857
v -0.246829 7.437232 -0.379727
v 0.809754 0.008769 -1.246240
v 0.678057 0.010494 -1.302190
v 0.847110 0.008531 -1.323847
v 0.732836 0.394036 -1.238448
v 0.687938 0.434942 -1.248566
v 0.754071 0.387466 -1.265504
v 0.707351 0.430244 -1.270242
v 0.771010 0.344783 -1.276161
v 0.801782 0.231308 -1.362393
v 0.890037 0.008448 -1.419223
v 0.881245 0.008500 -1.479935
v 0.759101 0.009468 -1.604360
v 0.695671 0.009835 -1.388845
v 0.695097 0.230412 -1.393716
v 0.684167 0.009865 -1.598391
v 0.614138 0.229762 -1.408609
v 0.618564 0.010508 -1.568538
v 0.580834 0.043597 -1.474551
v 0.544231 0.011139 -1.453843
v 0.546359 0.012219 -1.358140
v 0.555813 0.379983 -1.333031
v 0.591706 0.425259 -1.307553
v 0.548446 0.384784 -1.297614
v 0.583381 0.429534 -1.280154
v 0.636490 0.432281 -1.264109
v 0.650188 0.427780 -1.288684
v 1.885429 0.009132 -0.221624
v 1.873050 0.009327 -0.186889
v 1.798797 0.006875 -0.482965
v 1.876560 0.080765 -0.238057
v 1.860794 0.098432 -0.206988
v 1.862570 0.131178 -0.277166
v 1.846563 0.148903 -0.246061
v 1.798426 0.236914 -0.482915
v 1.778381 0.264269 -0.470806
v 1.754255 0.222421 -0.564975
v 1.730234 0.231713 -0.559686
v 1.754255 0.006706 -0.564975
v 1.730239 0.006706 -0.559689
v 1.565182 0.006706 -0.459080
v 1.565192 0.231713 -0.459086
v 1.543005 0.006706 -0.422558
v 1.551335 0.214730 -0.408892
v 1.578206 0.006875 -0.348508
v 1.750867 0.008899 -0.172120
v 1.578455 0.207934 -0.348839
v 1.622215 0.264252 -0.375574
v 1.720707 0.108769 -0.205000
v 1.790727 0.148895 -0.212007
v 1.739510 0.075129 -0.184636
v 1.818899 0.098448 -0.181456
v 1.831142 0.009327 -0.161344
v 0.408832 0.011359 -1.395129
v 0.306775 0.006825 -1.417715
v 0.453836 -0.003555 -1.515123
v 0.328455 0.539738 -1.331619
v 0.244225 0.658868 -1.335013
v 0.364474 0.541418 -1.447079
v 0.328919 0.582693 -1.425570
v 0.349902 0.542725 -1.456305
v 0.284195 0.648459 -1.420770
v 0.306170 0.609323 -1.450839
v 0.223968 0.647221 -1.426802
v 0.240290 0.607622 -1.459533
v 0.161290 0.640965 -1.432689
v 0.186682 0.667698 -1.349011
v 0.127888 0.651200 -1.367420
v 0.120379 0.590541 -1.379195
v 0.147103 0.007516 -1.465877
v 0.127683 0.570304 -1.446185
v 0.133735 0.529494 -1.475418
v 0.135467 0.523016 -1.479819
v 0.176521 0.602298 -1.464768
v 0.145435 0.054368 -1.607558
v 0.190217 0.302427 -1.550171
v 0.145721 -0.000290 -1.625177
v 0.203285 -0.001352 -1.668553
v 0.114197 0.000753 -1.579401
v 0.276131 -0.001401 -1.548810
v 0.275139 -0.002007 -1.690638
v 0.270775 0.303219 -1.556317
v 0.421370 -0.003607 -1.595678
v 0.443124 -0.003692 -1.538320
v 0.382849 0.304194 -1.510901
v 1.826697 2.185223 1.915230
v 1.924092 2.185223 1.955572
v 1.729303 2.185223 1.955572
v 1.826697 2.256601 1.832687
v 1.826697 2.361290 1.810042
v 1.670936 2.256601 1.897206
v 1.982458 2.256601 1.897206
v 1.998471 2.361290 1.881193
v 2.046977 2.256601 2.052967
v 1.964434 2.185223 2.052967
v 2.069623 2.361290 2.052967
v 1.982458 2.256601 2.208728
v 1.924092 2.185223 2.150361
v 1.998471 2.361290 2.224741
v 1.826697 2.256601 2.273246
v 1.826697 2.185223 2.190703
v 1.826697 2.361290 2.295892
v 1.670936 2.256601 2.208728
v 1.729303 2.185223 2.150361
v 1.654923 2.361290 2.224741
v 1.606418 2.256601 2.052967
v 1.688961 2.185223 2.052967
v 1.583772 2.361290 2.052967
v 1.654923 2.361290 1.881193
v 0.272641 1.830714 1.467603
v 0.386254 1.830714 1.514663
v 0.159029 1.830714 1.514663
v 0.272641 1.913978 1.371314
v 0.272641 2.036100 1.344897
v 0.090942 1.913978 1.446576
v 0.454341 1.913978 1.446576
v 0.473020 2.036100 1.427897
v 0.529603 1.913978 1.628276
v 0.433314 1.830714 1.628276
v 0.556020 2.036100 1.628276
v 0.454341 1.913978 1.809975
v 0.386254 1.830714 1.741889
v 0.473020 2.036100 1.828655
v 0.272641 1.913978 1.885237
v 0.272641 1.830714 1.788949
v 0.272641 2.036100 1.911654
v 0.090942 1.913978 1.809975
v 0.159029 1.830714 1.741889
v 0.072263 2.036100 1.828655
v 0.015680 1.913978 1.628276
v 0.111969 1.830714 1.628276
v -0.010737 2.036100 1.628276
v 0.072263 2.036100 1.427897
v -1.853962 1.948769 -2.586955
v -1.733013 1.948769 -2.536856
v -1.974911 1.948769 -2.536856
v -1.853962 2.055190 -2.716281
v -1.853962 2.197943 -2.747161
v -2.066358 2.055190 -2.628304
v -1.641565 2.055190 -2.628304
v -1.619730 2.197943 -2.650139
v -1.553588 2.055190 -2.415907
v -1.682914 1.948769 -2.415907
v -1.522708 2.197943 -2.415907
v -1.641565 2.055190 -2.203511
v -1.733013 1.948769 -2.294958
v -1.619730 2.197943 -2.181675
v -1.853962 2.055190 -2.115533
v -1.853962 1.948769 -2.244859
v -1.853962 2.197943 -2.084653
v -2.066358 2.055190 -2.203511
v -1.974911 1.948769 -2.294958
v -2.088194 2.197943 -2.181675
v -2.154336 2.055190 -2.415907
v -2.025010 1.948769 -2.415907
v -2.185216 2.197943 -2.415907
v -2.088194 2.197943 -2.650139
v -0.881350 2.944358 -1.745741
v -0.881350 2.758748 -1.774121
v -0.731117 2.965057 -1.661511
v -1.031583 2.965057 -1.661511
v -1.093811 2.788022 -1.655001
v -1.031583 3.006457 -1.493049
v -1.093811 2.846569 -1.416760
v -0.881350 3.027157 -1.408819
v -0.881350 2.875843 -1.297640
v -0.731117 3.006457 -1.493049
v -0.668889 2.846570 -1.416760
v -0.731117 2.669534 -1.410250
v -0.668889 2.788022 -1.655001
v -0.731117 2.628134 -1.578712
v -0.881350 2.607435 -1.662942
v -0.881350 2.608223 -1.484501
v -0.881350 2.690233 -1.326019
v -1.031583 2.669534 -1.410250
v -1.031583 2.628134 -1.578712
v -1.863475 2.197137 -1.668177
v -1.863475 2.057036 -1.578232
v -1.730267 2.260290 -1.624286
v -1.996683 2.260290 -1.624286
v -2.051859 2.146348 -1.516160
v -1.996683 2.386596 -1.536503
v -2.051859 2.324973 -1.392016
v -1.863475 2.449749 -1.492612
v -1.863475 2.414285 -1.329944
v -1.730267 2.386596 -1.536503
v -1.675090 2.324973 -1.392016
v -1.730267 2.211031 -1.283890
v -1.675090 2.146348 -1.516160
v -1.730267 2.084724 -1.371673
v -1.863475 2.021571 -1.415564
v -1.863475 2.126716 -1.297333
v -1.863475 2.274184 -1.239999
v -1.996683 2.211031 -1.283890
v -1.996683 2.084724 -1.371673
v 0.866317 2.360722 -1.115178
v 0.776507 2.220621 -1.120110
v 0.815187 2.423875 -0.984577
v 0.829797 2.423875 -1.250592
v 0.724859 2.309933 -1.311615
v 0.742146 2.550181 -1.255406
v 0.600902 2.488558 -1.318423
v 0.691016 2.613334 -1.124806
v 0.528593 2.577870 -1.133726
v 0.727536 2.550181 -0.989391
v 0.580241 2.488558 -0.942221
v 0.475303 2.374616 -1.003244
v 0.704197 2.309933 -0.935413
v 0.562954 2.248309 -0.998430
v 0.614084 2.185156 -1.129031
v 0.496031 2.290301 -1.135514
v 0.438783 2.437769 -1.138659
v 0.489913 2.374616 -1.269259
v 0.577564 2.248309 -1.264445
v 2.019202 2.669715 1.488735
v 1.946340 2.529615 1.435997
v 1.905543 2.732868 1.570908
v 2.061751 2.732868 1.355092
v 2.006513 2.618927 1.246997
v 1.990641 2.859175 1.303622
v 1.905947 2.797551 1.174208
v 1.876982 2.922328 1.385795
v 1.745209 2.886863 1.290419
v 1.834433 2.859175 1.519438
v 1.685037 2.797551 1.479418
v 1.629798 2.683609 1.371324
v 1.785602 2.618927 1.552208
v 1.700909 2.557303 1.422794
v 1.814567 2.494150 1.340620
v 1.718792 2.599295 1.271298
v 1.672347 2.746763 1.237681
v 1.786006 2.683609 1.155508
v 1.857116 2.557303 1.206977
v 1.627952 2.731152 1.738828
v 1.598020 2.570815 1.687915
v 1.460452 2.795805 1.764971
v 1.732250 2.795805 1.605181
v 1.745521 2.662247 1.498909
v 1.669049 2.925109 1.497676
v 1.656140 2.845111 1.346875
v 1.501548 2.989761 1.523819
v 1.419259 2.936543 1.383847
v 1.397250 2.925109 1.657466
v 1.271758 2.845111 1.572852
v 1.285029 2.711554 1.466581
v 1.361139 2.662247 1.724887
v 1.348230 2.582250 1.574085
v 1.515731 2.517597 1.547943
v 1.439002 2.621161 1.417430
v 1.389327 2.776206 1.332934
v 1.556827 2.711554 1.306791
v 1.620029 2.582250 1.414295
v 0.919044 3.832731 0.112211
v 0.889388 3.887910 0.010246
v 1.043797 3.841925 0.080902
v 0.988041 4.860649 0.633823
v 0.964544 4.904368 0.553035
v 1.086884 4.867933 0.609017
v 1.020734 5.063108 0.701639
v 1.010851 5.081497 0.667660
v 1.062307 5.066172 0.691206
v 1.052425 5.084560 0.657226
v 1.063387 4.911652 0.528229
v 1.014140 3.897104 -0.021063
v 2.070688 3.408168 1.557169
v 2.106758 3.422589 1.443979
v 2.192915 3.417163 1.597265
v 2.074336 4.157353 1.720085
v 1.948015 4.819969 1.753793
v 2.191381 4.165967 1.758480
v 2.108877 4.171162 1.611693
v 1.976593 4.831395 1.664111
v 2.225921 4.179776 1.650089
v 2.228985 3.431584 1.484075
v 2.073435 4.838521 1.695879
v 2.044856 4.827096 1.785561
v 2.013878 5.055450 1.733578
v 1.973146 5.052453 1.720216
v 2.001857 5.050645 1.771299
v 1.961125 5.047647 1.757937
v 1.965674 3.741107 0.392139
v 1.862782 3.752491 0.332100
v 2.029046 3.795398 0.293830
v 1.755148 5.090408 0.984013
v 1.673625 5.099428 0.936443
v 1.805358 5.133424 0.906121
v 1.716645 5.296895 1.034401
v 1.682357 5.300688 1.014393
v 1.737764 5.314987 1.001640
v 1.703475 5.318780 0.981632
v 1.723835 5.142444 0.858552
v 1.926153 3.806782 0.233792
v 1.169718 3.400563 1.888236
v 1.288771 3.403197 1.900086
v 1.157071 3.395331 2.016457
v 1.145286 4.566877 1.984397
v 1.224627 4.568632 1.992295
v 1.136857 4.563390 2.069849
v 1.216199 4.565146 2.077746
v 1.276124 3.397966 2.028307
v 0.370596 3.552463 1.319293
v 0.415922 3.520538 1.425347
v 0.254439 3.567096 1.373343
v 0.457654 4.172052 1.441309
v 0.633206 4.767177 1.586735
v 0.346422 4.186065 1.493067
v 0.521299 4.127225 1.590223
v 0.669118 4.741882 1.670762
v 0.410067 4.141239 1.641981
v 0.299765 3.535172 1.479396
v 0.577086 4.753477 1.713586
v 0.541173 4.778771 1.629559
v 0.610740 4.867103 1.716397
v 0.673510 4.859195 1.687190
v 0.586246 4.884355 1.659087
v 0.649016 4.876447 1.629879
v 1.108216 5.168269 1.348612
v 1.166939 5.188235 1.266353
v 1.099674 5.145570 1.448795
v 0.801630 4.912590 1.166627
v 1.177720 5.607585 1.491346
v 1.210869 6.049273 1.621198
v 1.214650 5.621271 1.439915
v 1.172348 5.590986 1.553729
v 1.199973 5.575919 1.610350
v 1.207009 6.037345 1.666023
v 1.226858 6.026518 1.706708
v 1.229407 6.129552 1.686371
v 1.244233 6.121466 1.716757
v 1.232290 6.138460 1.652892
v 1.295495 6.174123 1.685873
v 1.252109 6.145804 1.625292
v 1.283552 6.149617 1.610965
v 1.318196 6.148875 1.613751
v 1.346756 6.143779 1.632903
v 1.361582 6.135694 1.663289
v 1.358699 6.126785 1.696768
v 1.338880 6.119441 1.724368
v 1.307437 6.115628 1.738695
v 1.272793 6.116369 1.735909
v 1.265099 6.019695 1.732351
v 1.311484 6.018703 1.736081
v 1.253193 5.566422 1.646038
v 1.228230 5.123769 1.600171
v 1.317748 5.565041 1.651229
v 1.330880 5.133717 1.611658
v 1.376339 5.572145 1.624533
v 1.353585 6.023807 1.716899
v 1.413269 5.585831 1.573103
v 1.424050 5.150658 1.570709
v 1.482773 5.166055 1.487234
v 1.634502 4.923577 1.767594
v 2.070304 4.623697 2.220629
v 1.388809 4.854297 1.869030
v 1.789359 4.931849 1.538862
v 2.424232 4.644107 1.698258
v 1.811884 4.939483 1.260776
v 2.475715 4.749857 1.086185
v 1.491315 5.178973 1.384449
v 1.678081 4.976373 1.068103
v 2.210959 4.894256 0.543531
v 1.445853 5.191396 1.295762
v 1.433597 4.990743 0.973094
v 1.700905 4.982188 0.200686
v 1.359250 5.200451 1.243096
v 1.184217 4.988148 0.887681
v 1.082222 4.940169 0.136230
v 1.258504 5.200284 1.228725
v 0.956487 4.957154 0.947552
v 0.520685 4.824833 0.379508
v 0.166757 4.740927 0.884984
v 0.523974 4.804513 0.378123
v 0.171550 4.720967 0.881454
v 1.083127 4.919363 0.135879
v 1.295495 4.679193 1.288075
v 1.699184 4.961515 0.200144
v 2.207072 4.874089 0.541569
v 2.470704 4.730303 1.081918
v 2.419439 4.625614 1.691555
v 2.067014 4.605375 2.211732
v 1.507862 4.427217 2.437130
v 0.891805 4.386671 2.373292
v 0.383917 4.477297 2.032719
v 0.120285 4.617883 1.491518
v 0.115274 4.637091 1.497566
v 0.380030 4.495772 2.041039
v 0.779105 4.866805 1.434560
v 0.894945 4.825275 1.677752
v 1.143602 5.127495 1.540396
v 1.118112 4.811281 1.834274
v 0.890084 4.404760 2.383065
v 1.508767 4.444865 2.447012
v 1.273241 5.628375 1.413219
v 1.337796 5.626994 1.418411
v 1.279505 6.064210 1.565061
v 1.237404 6.059106 1.584243
v 1.325890 6.063218 1.568791
v 1.364130 6.056395 1.594434
v 1.383980 6.045568 1.635119
v 1.391016 5.617497 1.454098
v 1.418641 5.602430 1.510719
v 1.380120 6.033640 1.679944
v 1.150338 4.117268 0.793434
v 1.337759 4.120720 0.779914
v 0.995003 4.091094 0.895941
v 0.961652 4.004171 0.207159
v 0.846659 3.845617 -0.173028
v 1.444388 4.013063 0.172335
v 0.561561 3.936758 0.471182
v 0.297402 3.753069 0.189430
v 0.351318 3.828886 0.893660
v 0.008776 3.604979 0.769420
v 0.913377 4.049213 1.059967
v 0.387259 3.709459 1.361390
v 0.058116 3.441027 1.411533
v 0.927331 4.002846 1.241562
v 0.659753 3.610478 1.749044
v 0.432203 3.305143 1.943716
v 1.033126 3.964417 1.392068
v 1.095785 3.558465 1.952751
v 1.030800 3.233738 2.223370
v 1.202415 3.944223 1.471157
v 1.578521 3.567357 1.917928
v 1.693514 3.245945 2.175563
v 1.389836 3.947676 1.457637
v 1.978613 3.634770 1.653904
v 2.242771 3.338492 1.813105
v 1.545170 3.973849 1.355130
v 2.188855 3.742643 1.231426
v 2.531398 3.486583 1.233115
v 1.626797 4.015730 1.191104
v 2.152914 3.862070 0.763696
v 2.482057 3.650535 0.591002
v 1.612843 4.062097 1.009509
v 1.880421 3.961050 0.376042
v 2.107970 3.786418 0.058820
v 1.507048 4.100526 0.859003
v 1.509373 3.857823 -0.220835
v 2.104412 3.764660 0.057526
v 1.508357 3.835761 -0.220941
v 2.476911 3.629353 0.587450
v 2.526042 3.466097 1.226836
v 2.238641 3.318636 1.804363
v 1.691716 3.226481 2.165282
v 1.031816 3.214326 2.212887
v 0.435761 3.285428 1.934419
v 0.063262 3.420735 1.404496
v 0.014131 3.583991 0.765109
v 0.301532 3.731452 0.187582
v 0.848457 3.823607 -0.173337
v -0.889663 4.683922 -0.905458
v -1.095731 4.697464 -0.684793
v -0.800720 4.666622 -1.200214
v -0.038630 4.299696 -0.335580
v -1.152851 5.144845 -1.145980
v -1.241498 5.846633 -1.364230
v -1.195416 5.154731 -1.073044
v -1.156994 5.130413 -1.252466
v -1.192569 5.116713 -1.353549
v -1.224146 5.839870 -1.414126
v -1.234294 5.832848 -1.465935
v -1.250126 5.946591 -1.430431
v -1.257705 5.941347 -1.469126
v -1.263086 5.951642 -1.393166
v -1.326780 5.994562 -1.442363
v -1.293113 5.955146 -1.367314
v -1.332161 5.956164 -1.359804
v -1.369768 5.954423 -1.372646
v -1.395855 5.950390 -1.402401
v -1.403435 5.945146 -1.441096
v -1.390474 5.940095 -1.478361
v -1.360447 5.936591 -1.504213
v -1.321399 5.935574 -1.511723
v -1.283793 5.937314 -1.498880
v -1.269223 5.827448 -1.505775
v -1.319576 5.825118 -1.522970
v -1.246678 5.107603 -1.420762
v -1.031769 4.640477 -1.699741
v -1.316753 5.104191 -1.445933
v -1.289852 4.621223 -1.786776
v -1.389515 5.106719 -1.427283
v -1.371858 5.826481 -1.512914
v -1.445467 5.114726 -1.368206
v -1.557829 4.613613 -1.729550
v -1.763898 4.602232 -1.532188
v -2.007663 4.076528 -2.592868
v -2.614930 4.024932 -2.069672
v -2.004772 4.051446 -2.583511
v -1.217955 4.091763 -2.749153
v -1.218417 4.068330 -2.739334
v -0.457405 4.204142 -2.499880
v -0.461097 4.179550 -2.491027
v 0.070195 4.312315 -1.901722
v 0.064264 4.287284 -1.895412
v 0.223478 4.279899 -1.100399
v -0.852734 4.665139 -1.489984
v 0.216896 4.254087 -1.097368
v -0.044099 4.273267 -0.335723
v -1.326780 4.241729 -1.162440
v -0.648788 4.281300 0.193352
v -1.435144 4.364608 0.338209
v -2.192463 4.399736 0.070588
v -2.717824 4.202246 -0.532255
v -2.870456 3.987457 -1.311486
v -2.609461 4.000363 -2.062681
v -2.877038 4.013068 -1.315423
v -2.723756 4.228756 -0.532867
v -1.852840 4.613029 -1.238920
v -1.798682 4.666044 -0.934491
v -1.466612 5.126586 -1.280585
v -1.438991 5.139977 -1.181899
v -1.429415 5.837935 -1.428405
v -1.419267 5.844957 -1.376596
v -1.412062 5.831172 -1.478301
v -1.384337 5.850357 -1.336757
v -1.333985 5.852687 -1.319561
v -1.369857 5.151124 -1.099654
v -1.279029 5.156669 -1.058740
v -1.616886 4.722093 -0.713108
v -1.361466 4.722933 -0.618324
v -2.196155 4.426553 0.072827
v -1.435606 4.391470 0.341547
v -0.645897 4.307770 0.195750
v -1.281703 5.851324 -1.329617
v 1.240506 0.643206 -0.722880
v 1.216489 0.624067 -0.702006
v 1.254954 0.646483 -0.707712
v 1.250549 0.678870 -0.725333
v 1.226102 0.652717 -0.735192
v 1.196118 0.637518 -0.719419
v 1.217244 0.671384 -0.739947
v 1.183590 0.663917 -0.726142
v 1.217314 0.692077 -0.735326
v 1.183690 0.693182 -0.719608
v 1.226287 0.706892 -0.723096
v 1.196379 0.714132 -0.702313
v 1.240734 0.710169 -0.707928
v 1.216811 0.718767 -0.680861
v 1.255138 0.700658 -0.695616
v 1.237181 0.705316 -0.663449
v 1.263997 0.681990 -0.690861
v 1.249709 0.678916 -0.656725
v 1.263926 0.661297 -0.695482
v 1.249610 0.649652 -0.663259
v 1.236920 0.628701 -0.680555
v 0.682190 1.333435 -1.066880
v 0.711707 1.096698 -1.096397
v 0.727112 1.344637 -1.111802
v 0.771577 1.333435 -0.977494
v 1.093123 1.333435 -0.655948
v 0.816499 1.344637 -1.022416
v 1.138045 1.344637 -0.700870
v 0.846016 1.107900 -1.051933
v 0.756629 1.107900 -1.141319
v 1.167562 1.107900 -0.730387
v 0.801094 1.096698 -1.007011
v 0.861208 0.986052 -1.067125
v 0.771821 0.986052 -1.156511
v 0.816286 0.974850 -1.022203
v 0.809172 0.970816 -1.065860
v 0.845986 0.731947 -1.088535
v 0.770557 0.970816 -1.104475
v 0.789766 0.965977 -1.046454
v 0.819474 0.725336 -1.062022
v 0.816179 0.715009 -1.077749
v 0.782446 0.715009 -1.111482
v 0.833131 0.719236 -1.094702
v 0.799398 0.719236 -1.128435
v 0.793231 0.731947 -1.141290
v 0.766718 0.725336 -1.114777
v 0.751151 0.965977 -1.085069
v 0.726900 0.974850 -1.111589
v 1.122640 1.096698 -0.685465
v 1.137832 0.974850 -0.700657
v 1.182754 0.986052 -0.745579
v 1.156926 0.961653 -0.670270
v 1.175725 0.724579 -0.699702
v 1.176314 0.966487 -0.689658
v 1.200600 0.730782 -0.724577
v 1.213885 0.966487 -0.652086
v 1.248804 0.730782 -0.676372
v 1.269807 0.986052 -0.658526
v 1.179591 0.957936 -0.617792
v 1.190346 0.966238 -0.579066
v 1.204805 0.719810 -0.632373
v 1.207417 0.711225 -0.656161
v 1.232089 0.717377 -0.680832
v 1.191112 0.713899 -0.693914
v 1.205060 0.717377 -0.707862
v 1.175154 1.088085 -0.563874
v 1.254614 1.107900 -0.643334
v 1.145637 1.324823 -0.534357
v 1.225098 1.344637 -0.613817
v 0.882982 1.718820 -0.753169
v 0.721935 1.452918 -0.972681
v 0.925795 1.728233 -0.795982
v 1.102494 1.452918 -0.592121
v 0.941447 1.187016 -0.811634
v 1.145307 1.462331 -0.634934
v 0.984260 1.196430 -0.854447
v 0.764747 1.462332 -1.015494
v 0.825147 0.643529 -1.140379
v 0.801129 0.624390 -1.119506
v 0.839594 0.646807 -1.125211
v 0.835190 0.679194 -1.142832
v 0.810743 0.653041 -1.152692
v 0.780759 0.637842 -1.136918
v 0.801884 0.671708 -1.157446
v 0.768231 0.664241 -1.143642
v 0.801955 0.692401 -1.152826
v 0.768331 0.693505 -1.137108
v 0.810927 0.707215 -1.140596
v 0.781020 0.714456 -1.119812
v 0.825375 0.710493 -1.125428
v 0.801452 0.719091 -1.098361
v 0.839779 0.700981 -1.113115
v 0.821822 0.705640 -1.080948
v 0.848638 0.682314 -1.108361
v 0.834350 0.679240 -1.074225
v 0.848567 0.661621 -1.112981
v 0.834251 0.649976 -1.080759
v 0.821561 0.629025 -1.098055
vn -0.0000 0.1589 -0.9873
vn 0.4936 0.1589 -0.8550
vn 0.8550 0.1589 -0.4936
vn 0.9873 0.1589 -0.0000
vn 0.8550 0.1589 0.4937
vn 0.8550 0.1589 0.4936
vn 0.4936 0.1589 0.8550
vn -0.0000 0.1589 0.9873
vn -0.4937 0.1589 0.8550
vn -0.4936 0.1589 0.8550
vn -0.8550 0.1589 0.4936
vn -0.9873 0.1589 -0.0000
vn -0.8550 0.1589 -0.4937
vn 0.4957 0.1013 -0.8626
vn -0.0000 0.1045 -0.9945
vn 0.4992 0.1012 -0.8605
vn -0.8550 0.1589 -0.4936
vn -0.4936 0.1589 -0.8550
vn -0.0000 1.0000 -0.0000
vn -0.0000 0.2890 0.9573
vn 0.4817 0.2681 0.8343
vn -0.0000 0.2681 0.9634
vn -0.5009 0.0584 0.8635
vn -0.8622 0.0674 0.5020
vn -0.8658 0.0675 0.4958
vn 0.5009 0.0584 0.8635
vn 0.8622 0.0674 0.5020
vn 0.4973 0.0583 0.8656
vn -0.4957 0.1013 -0.8626
vn 0.8606 0.0923 -0.5009
vn 0.8641 0.0921 -0.4947
vn -0.9968 0.0797 0.0042
vn -0.9968 0.0800 -0.0040
vn -0.0000 0.0550 0.9985
vn 0.9968 0.0799 -0.0040
vn 0.9968 0.0797 0.0042
vn -0.8641 0.0921 -0.4947
vn -0.8606 0.0923 -0.5009
vn -0.4973 0.0583 0.8656
vn 0.8658 0.0675 0.4958
vn -0.4992 0.1012 -0.8605
vn -0.0000 -1.0000 -0.0000
vn 0.4787 0.2890 -0.8291
vn 0.8343 0.2681 -0.4817
vn 0.8291 0.2890 -0.4787
vn 0.9634 0.2681 -0.0000
vn 0.9573 0.2890 -0.0000
vn -0.8291 0.2890 -0.4787
vn -0.9634 0.2681 -0.0000
vn -0.8343 0.2681 -0.4817
vn -0.4787 0.2890 0.8291
vn -0.4817 0.2681 0.8343
vn 0.8291 0.2890 0.4787
vn 0.8343 0.2681 0.4817
vn -0.4817 0.2681 -0.8343
vn -0.4787 0.2890 -0.8291
vn -0.8291 0.2890 0.4787
vn -0.8343 0.2681 0.4817
vn 0.4787 0.2890 0.8291
vn -0.0000 0.2681 -0.9634
vn -0.0000 0.2890 -0.9573
vn -0.9573 0.2890 -0.0000
vn -0.8396 0.2450 0.4848
vn 0.4848 0.2450 0.8396
vn -0.4848 0.2450 -0.8396
vn -0.0000 0.2450 -0.9695
vn 0.4848 0.2450 -0.8396
vn 0.8396 0.2450 -0.4848
vn -0.9695 0.2450 -0.0000
vn -0.0000 0.2450 0.9695
vn 0.9695 0.2450 -0.0000
vn -0.8396 0.2450 -0.4848
vn -0.4848 0.2450 0.8396
vn 0.8396 0.2450 0.4848
vn 0.4817 0.2681 -0.8343
vn 0.3949 -0.6133 -0.6840
vn -0.0000 -0.6133 -0.7898
vn 0.6840 -0.6133 -0.3949
vn 0.7898 -0.6133 -0.0000
vn 0.6840 -0.6133 0.3949
vn 0.3949 -0.6133 0.6840
vn -0.0000 -0.6133 0.7898
vn -0.3949 -0.6133 0.6840
vn -0.6840 -0.6133 0.3949
vn -0.7898 -0.6133 -0.0000
vn -0.6840 -0.6133 -0.3949
vn -0.3949 -0.6133 -0.6840
vn 0.7119 -0.0594 0.6998
vn -0.6998 -0.0594 -0.7119
vn 0.1004 -0.9899 -0.1004
vn 0.6999 0.1420 -0.6999
vn 0.6987 0.1536 -0.6987
vn -0.0000 0.3795 -0.9252
vn 0.4934 0.4018 -0.7715
vn 0.5008 0.3447 -0.7939
vn -0.0000 -0.9547 -0.2975
vn -0.4934 0.4018 -0.7715
vn -0.5008 0.3447 -0.7939
vn -0.0000 0.4360 -0.8999
vn 0.4921 0.4086 -0.7687
vn -0.4921 0.4086 -0.7687
vn 0.8528 0.3086 -0.4213
vn 0.8639 0.2502 -0.4372
vn 0.8510 0.3159 -0.4195
vn 0.9818 0.1817 0.0549
vn 0.9914 0.1224 0.0453
vn 0.9803 0.1895 0.0556
vn 0.8475 0.0555 0.5279
vn 0.8531 -0.0039 0.5218
vn 0.8467 0.0637 0.5283
vn 0.4880 -0.0363 0.8721
vn 0.4901 -0.0953 0.8665
vn 0.4878 -0.0281 0.8725
vn -0.0000 -0.0698 0.9976
vn -0.0000 -0.1285 0.9917
vn -0.0000 -0.0616 0.9981
vn -0.4901 -0.0953 0.8665
vn -0.4880 -0.0363 0.8721
vn -0.8531 -0.0039 0.5218
vn -0.4878 -0.0281 0.8725
vn -0.8475 0.0555 0.5279
vn -0.9914 0.1224 0.0453
vn -0.8467 0.0637 0.5283
vn -0.9818 0.1817 0.0549
vn -0.8639 0.2502 -0.4372
vn -0.9803 0.1895 0.0556
vn -0.8528 0.3086 -0.4213
vn -0.8510 0.3159 -0.4195
vn -0.8577 0.2604 -0.4434
vn -0.9904 0.1336 0.0354
vn -0.4951 0.3531 -0.7938
vn -0.0000 0.4426 -0.8967
vn -0.0000 0.9664 0.2571
vn 0.4951 0.3531 -0.7938
vn 0.8577 0.2604 -0.4434
vn 0.9904 0.1336 0.0354
vn 0.8577 0.0066 0.5141
vn 0.4952 -0.0866 0.8645
vn -0.0000 -0.1207 0.9927
vn -0.4952 -0.0866 0.8645
vn -0.8577 0.0066 0.5141
vn -0.0000 -0.0118 -0.9999
vn 0.4928 0.0841 -0.8661
vn 0.5016 0.0076 -0.8651
vn -0.0000 -0.9957 0.0926
vn -0.4928 0.0841 -0.8661
vn -0.5016 0.0076 -0.8651
vn -0.0000 0.0646 -0.9979
vn 0.4832 0.1258 -0.8664
vn -0.4832 0.1258 -0.8664
vn 0.8508 0.1373 -0.5072
vn 0.8646 0.0601 -0.4989
vn 0.8408 0.1617 -0.5166
vn 0.9771 0.2118 -0.0195
vn 0.9914 0.1310 -0.0043
vn 0.9768 0.2141 -0.0053
vn 0.8424 0.2824 0.4589
vn 0.8522 0.2007 0.4833
vn 0.8371 0.2593 0.4818
vn 0.4842 0.3314 0.8098
vn 0.4892 0.2510 0.8353
vn 0.4936 0.2962 0.8177
vn -0.0000 0.3501 0.9367
vn -0.0000 0.2693 0.9631
vn -0.0000 0.3095 0.9509
vn -0.4892 0.2510 0.8353
vn -0.4842 0.3314 0.8098
vn -0.8522 0.2007 0.4833
vn -0.4936 0.2962 0.8177
vn -0.8424 0.2824 0.4589
vn -0.9914 0.1310 -0.0043
vn -0.8371 0.2593 0.4818
vn -0.9771 0.2118 -0.0195
vn -0.8646 0.0601 -0.4989
vn -0.9768 0.2141 -0.0053
vn -0.8508 0.1373 -0.5072
vn -0.8408 0.1617 -0.5166
vn -0.4966 0.0836 -0.8639
vn -0.8605 0.1002 -0.4996
vn -0.0000 0.0777 -0.9970
vn -0.0000 0.1127 -0.9936
vn -0.0000 0.9909 -0.1343
vn 0.4966 0.0836 -0.8639
vn 0.8605 0.1002 -0.4996
vn 0.9596 0.1141 0.2572
vn 0.8609 0.1353 0.4904
vn 0.4931 0.1628 0.8546
vn -0.4931 0.1628 0.8546
vn -0.8609 0.1353 0.4904
vn -0.9596 0.1141 0.2572
vn -0.2292 0.1758 0.9574
vn -0.2657 0.1710 0.9488
vn -0.2704 0.1722 0.9472
vn -0.1664 0.2199 0.9612
vn -0.1563 0.2352 0.9593
vn -0.0561 0.3323 0.9415
vn -0.1604 0.2565 0.9531
vn -0.9371 0.1526 0.3140
vn -0.9528 0.1731 0.2494
vn -0.9526 0.1745 0.2491
vn -0.9757 0.1465 0.1629
vn -0.9771 0.1443 0.1563
vn -0.2758 0.2501 0.9281
vn -0.4431 0.2221 0.8685
vn -0.3387 0.2112 0.9169
vn -0.2928 0.2548 0.9216
vn -0.3863 0.2315 0.8929
vn -0.1556 0.2005 0.9673
vn -0.1642 0.1862 0.9687
vn -0.1648 0.2043 0.9649
vn -0.9786 0.0173 -0.2050
vn -0.9804 0.0230 -0.1959
vn -0.9804 0.0229 -0.1959
vn -0.9815 0.0251 -0.1896
vn -0.9816 0.0253 -0.1892
vn -0.3248 0.3852 0.8638
vn -0.5959 0.2173 0.7731
vn -0.3515 0.2632 0.8984
vn -0.3458 0.3645 0.8646
vn -0.4496 0.2493 0.8577
vn -0.0509 0.3830 0.9223
vn -0.1311 0.3699 0.9198
vn -0.1746 0.2073 0.9626
vn 0.6742 0.5842 0.4518
vn 0.4307 0.7226 0.5407
vn 0.5967 0.6360 0.4894
vn 0.8001 0.4025 0.4448
vn 0.7356 0.4629 0.4946
vn 0.6558 0.6504 0.3833
vn 0.7665 0.4937 0.4108
vn 0.8570 0.3731 0.3553
vn 0.8847 0.1887 0.4262
vn 0.8688 0.2700 0.4150
vn 0.9162 0.1553 0.3693
vn 0.9298 0.1765 -0.3229
vn 0.9269 0.2193 -0.3045
vn 0.9278 0.0595 -0.3683
vn 0.7522 0.2687 -0.6016
vn 0.8770 0.2682 -0.3986
vn 0.7867 0.2290 -0.5733
vn 0.8217 0.3191 -0.4722
vn 0.5023 0.1051 -0.8583
vn 0.4711 0.0639 -0.8797
vn 0.5101 0.6467 0.5671
vn 0.5405 0.6729 0.5050
vn -0.6593 0.4930 -0.5677
vn -0.6725 0.4615 -0.5786
vn -0.6596 0.4932 -0.5672
vn -0.3831 -0.0622 -0.9216
vn -0.4006 -0.0673 -0.9138
vn -0.4006 -0.0675 -0.9138
vn 0.5728 0.5302 0.6251
vn 0.6714 0.5873 0.4520
vn 0.4945 0.5984 0.6304
vn 0.9325 0.1504 -0.3284
vn 0.8935 0.1759 -0.4132
vn 0.7961 0.1932 -0.5735
vn -0.4201 -0.0682 -0.9049
vn 0.9453 0.1513 -0.2890
vn 0.9213 0.1425 -0.3618
vn 0.8630 0.1938 -0.4665
vn 0.7734 0.2413 -0.5862
vn -0.4986 -0.0589 -0.8648
vn -0.3179 0.0018 -0.9481
vn -0.5044 -0.0647 -0.8611
vn -0.0571 0.1143 -0.9918
vn -0.3170 -0.0010 -0.9484
vn 0.9622 0.2244 -0.1544
vn 0.9569 0.2566 -0.1359
vn 0.9658 0.1843 -0.1827
vn 0.9568 0.2596 -0.1312
vn 0.9577 0.2582 -0.1268
vn 0.6595 0.5360 0.5270
vn 0.6586 0.5369 0.5272
vn 0.6467 0.5482 0.5303
vn 0.1276 0.4255 0.8959
vn 0.0193 0.3703 0.9287
vn -0.4463 0.5899 -0.6729
vn -0.4451 0.7066 -0.5501
vn -0.4528 0.5821 -0.6754
vn -0.4745 0.7153 -0.5130
vn -0.5617 0.7243 -0.3998
vn 0.1336 0.5911 0.7955
vn 0.2324 0.5708 0.7875
vn 0.6169 0.6554 0.4357
vn 0.3544 0.5277 0.7719
vn 0.9690 0.1541 -0.1933
vn 0.9694 0.1537 -0.1912
vn -0.4904 -0.0860 -0.8672
vn -0.4899 -0.0860 -0.8675
vn 0.8899 0.1278 -0.4378
vn 0.9309 0.1266 -0.3425
vn 0.9564 0.1350 -0.2591
vn -0.4222 -0.0692 -0.9038
vn -0.4577 -0.0716 -0.8862
vn 0.5559 -0.0213 -0.8310
vn 0.6108 -0.0491 -0.7903
vn 0.9169 0.0079 -0.3991
vn 0.9136 0.0163 -0.4062
vn 0.9283 0.0122 0.3715
vn 0.9181 0.0557 0.3925
vn 0.9067 0.0920 0.4116
vn -0.3824 0.0936 0.9192
vn -0.2635 0.2135 0.9407
vn -0.6049 0.1074 0.7890
vn -0.9692 -0.0000 -0.2464
vn -0.9777 0.0095 -0.2099
vn -0.3617 0.1802 0.9147
vn -0.1797 0.1881 0.9656
vn -0.5224 0.1691 0.8358
vn -0.9887 0.0616 0.1365
vn -0.9574 0.0978 0.2717
vn -0.6617 0.5181 -0.5420
vn 0.3710 0.6765 0.6362
vn 0.7329 0.1740 -0.6577
vn 0.6217 0.1916 -0.7595
vn 0.6526 0.1803 -0.7359
vn 0.5482 0.1935 -0.8136
vn 0.5703 0.1876 -0.7997
vn 0.4917 0.2027 -0.8468
vn 0.6325 0.1876 -0.7515
vn 0.6979 0.2087 -0.6851
vn 0.6044 0.2415 -0.7592
vn 0.5508 0.2873 -0.7836
vn 0.5392 0.2573 -0.8020
vn 0.6819 0.1867 -0.7073
vn 0.5846 0.2091 -0.7839
vn 0.5950 0.2603 -0.7604
vn 0.5011 0.3055 -0.8097
vn -0.7462 0.1464 -0.6495
vn -0.5689 0.5133 -0.6426
vn -0.7408 0.1678 -0.6504
vn -0.6003 0.4675 -0.6489
vn -0.2706 0.7822 -0.5611
vn 0.3422 0.2205 -0.9134
vn 0.3536 0.2037 -0.9130
vn -0.7672 0.0326 -0.6406
vn -0.7580 0.0540 -0.6500
vn -0.7762 0.0072 -0.6304
vn -0.7581 0.1147 -0.6419
vn -0.9974 0.0489 -0.0527
vn -0.9966 0.0804 -0.0187
vn -0.9952 0.0125 -0.0967
vn -0.9503 0.2237 0.2166
vn -0.9617 0.1172 0.2477
vn -0.5237 0.7245 -0.4482
vn -0.6687 0.4226 -0.6117
vn -0.9219 0.3795 0.0780
vn -0.9772 0.1512 0.1490
vn -0.9936 0.0970 -0.0580
vn -0.9940 0.0963 -0.0512
vn -0.8492 0.0972 0.5190
vn -0.8429 0.1003 0.5286
vn -0.9743 0.2107 -0.0795
vn -0.9315 0.3579 -0.0643
vn -0.8798 0.4688 0.0781
vn -0.9186 0.3538 -0.1761
vn -0.9908 0.1329 0.0267
vn -0.9599 0.2800 -0.0162
vn -0.9811 0.1931 -0.0098
vn -0.9498 0.2703 0.1578
vn -0.9934 0.0928 0.0676
vn -0.9911 0.1237 0.0500
vn -0.9942 0.0851 0.0656
vn 0.7116 -0.3187 0.6262
vn -0.6184 0.6491 -0.4430
vn -0.6205 0.6506 -0.4379
vn -0.6535 0.6720 -0.3485
vn 0.0534 -0.4394 0.8967
vn 0.1117 0.6371 -0.7626
vn 0.1119 0.6368 -0.7629
vn 0.1151 0.6280 -0.7696
vn -0.4920 0.2828 -0.8234
vn -0.2899 0.2205 -0.9313
vn -0.3416 0.3556 -0.8700
vn -0.6390 0.1620 -0.7519
vn -0.6639 0.2584 -0.7018
vn 0.4827 0.2065 -0.8511
vn 0.6602 0.2122 -0.7205
vn 0.6870 0.2169 -0.6935
vn -0.4963 0.3959 -0.7726
vn 0.3701 0.3547 -0.8586
vn -0.3925 0.7378 -0.5492
vn -0.1367 0.8241 -0.5496
vn -0.2977 0.8046 -0.5139
vn -0.9922 0.1243 0.0056
vn -0.9931 0.1088 -0.0444
vn 0.4422 0.4666 -0.7660
vn -0.0004 0.3348 -0.9423
vn -0.0000 0.4666 -0.8845
vn -0.0000 0.8683 -0.4960
vn 0.2480 0.8683 -0.4295
vn -0.4422 0.4666 -0.7660
vn -0.4708 0.3348 -0.8162
vn -0.2480 0.8683 -0.4295
vn -0.2588 -0.0000 -0.9659
vn 0.4715 0.3348 -0.8159
vn 0.2588 -0.0000 -0.9659
vn 0.8159 0.3348 -0.4715
vn 0.7071 -0.0000 -0.7071
vn 0.7660 0.4666 -0.4422
vn 0.9423 0.3348 0.0004
vn 0.9659 -0.0000 -0.2588
vn 0.4295 0.8683 -0.2480
vn 0.4960 0.8683 -0.0000
vn 0.4295 0.8683 0.2480
vn 0.7660 0.4666 0.4422
vn 0.8845 0.4666 -0.0000
vn 0.2480 0.8683 0.4295
vn 0.4422 0.4666 0.7660
vn 0.8162 0.3348 0.4708
vn 0.9659 -0.0000 0.2588
vn 0.4708 0.3348 0.8162
vn 0.7071 -0.0000 0.7071
vn 0.0004 0.3348 0.9423
vn 0.2588 -0.0000 0.9659
vn -0.4715 0.3348 0.8159
vn -0.2588 -0.0000 0.9659
vn -0.4422 0.4666 0.7660
vn -0.0000 0.4666 0.8845
vn -0.0000 0.8683 0.4960
vn -0.2480 0.8683 0.4295
vn -0.4295 0.8683 0.2480
vn -0.8159 0.3348 0.4715
vn -0.4960 0.8683 -0.0000
vn -0.8845 0.4666 -0.0000
vn -0.7660 0.4666 0.4422
vn -0.7071 -0.0000 0.7071
vn -0.9423 0.3348 -0.0004
vn -0.9659 -0.0000 0.2588
vn -0.8162 0.3348 -0.4708
vn -0.9659 -0.0000 -0.2588
vn -0.7660 0.4666 -0.4422
vn -0.7071 -0.0000 -0.7071
vn -0.4295 0.8683 -0.2480
vn -0.8525 0.1760 -0.4922
vn -0.4922 0.1760 -0.8525
vn -0.9844 0.1760 -0.0000
vn -0.8525 0.1760 0.4922
vn -0.4922 0.1760 0.8525
vn -0.0000 0.1760 0.9844
vn 0.4922 0.1760 0.8525
vn 0.8525 0.1760 0.4922
vn 0.9844 0.1760 -0.0000
vn 0.8525 0.1760 -0.4922
vn 0.4922 0.1760 -0.8525
vn -0.0000 0.1760 -0.9844
vn -0.3099 -0.1066 0.9448
vn -0.2939 -0.1149 0.9489
vn -0.3753 -0.1191 0.9192
vn -0.0129 -0.9999 0.0037
vn -0.0095 -1.0000 -0.0012
vn -0.0120 -0.9999 -0.0027
vn 0.7918 0.1380 0.5949
vn 0.8865 0.1526 0.4369
vn 0.8959 0.1484 0.4188
vn 0.5931 0.7250 0.3502
vn 0.6132 0.7190 0.3272
vn 0.6232 0.7156 0.3154
vn 0.6087 0.4963 -0.6190
vn 0.6913 0.5259 -0.4956
vn 0.8759 0.4205 -0.2364
vn 0.5728 0.0134 0.8196
vn 0.9021 0.1466 0.4059
vn 0.9082 0.3950 -0.1385
vn -0.0073 -1.0000 -0.0009
vn -0.0103 -0.9999 0.0029
vn -0.0073 -1.0000 -0.0002
vn 0.2145 0.5685 -0.7942
vn 0.4826 0.6380 -0.6001
vn 0.2465 0.7052 -0.6648
vn -0.0071 -1.0000 0.0003
vn -0.0063 -1.0000 -0.0001
vn -0.0276 0.6807 -0.7320
vn -0.5007 0.6332 -0.5902
vn -0.6672 0.4135 -0.6195
vn -0.6695 0.3516 -0.6544
vn -0.6847 0.3725 -0.6265
vn -0.2485 0.8781 -0.4089
vn -0.0140 -0.9999 0.0095
vn -0.9996 0.0251 0.0094
vn -0.9828 0.0376 -0.1807
vn -0.9995 0.0242 0.0220
vn -0.6887 0.6654 -0.2878
vn -0.6911 0.6757 -0.2564
vn -0.6864 0.6573 -0.3111
vn -0.0267 0.4900 -0.8713
vn 0.0137 0.4536 -0.8911
vn 0.1916 0.4679 -0.8627
vn -0.2786 -0.1525 0.9482
vn -0.3089 -0.1255 0.9428
vn 0.0011 0.9870 -0.1606
vn 0.0062 0.9850 -0.1727
vn 0.0104 0.9839 -0.1786
vn 0.0158 0.9816 -0.1901
vn 0.0204 0.9807 -0.1943
vn 0.2449 0.4987 -0.8314
vn 0.2383 0.5101 -0.8264
vn 0.2388 0.4856 -0.8409
vn 0.0044 -1.0000 0.0072
vn 0.9221 0.1944 0.3346
vn 0.9092 0.3018 0.2866
vn 0.9054 0.3227 0.2759
vn 0.9493 0.0361 -0.3123
vn 0.9203 0.0066 -0.3912
vn 0.9523 0.0159 -0.3047
vn 0.8534 0.4978 0.1544
vn 0.8129 0.5805 0.0456
vn 0.8421 0.5224 0.1337
vn 0.8149 0.5780 0.0430
vn 0.5190 0.6877 -0.5076
vn 0.3520 0.8594 -0.3709
vn 0.5520 0.6407 -0.5337
vn 0.8800 0.0012 -0.4749
vn 0.9174 0.0016 -0.3979
vn -0.2150 -0.0000 -0.9766
vn -0.3728 -0.0000 -0.9279
vn -0.3929 -0.0000 -0.9196
vn 0.0012 -1.0000 0.0014
vn 0.0007 -1.0000 0.0016
vn 0.0024 -1.0000 0.0041
vn -0.5205 -0.0000 -0.8539
vn -0.8746 0.0579 -0.4813
vn -0.9556 0.0075 -0.2947
vn -0.9639 -0.0000 -0.2661
vn -0.8421 0.0055 0.5392
vn -0.9048 0.0034 0.4258
vn -0.8192 0.0038 0.5734
vn -0.7147 0.0147 0.6993
vn -0.3143 0.6042 0.7322
vn -0.2334 0.5403 0.8084
vn -0.2210 0.5287 0.8195
vn -0.6323 0.7294 0.2610
vn -0.6234 0.7546 0.2047
vn -0.6425 0.6731 0.3663
vn -0.1298 0.3137 0.9406
vn -0.1394 0.3139 0.9392
vn -0.1118 0.1867 0.9760
vn -0.1314 0.2010 0.9707
vn 0.3180 0.7917 0.5216
vn 0.4624 0.4592 0.7585
vn 0.5032 0.2554 0.8256
vn 0.2355 0.8918 0.3863
vn -0.1597 0.9518 -0.2619
vn -0.1598 0.9518 -0.2620
vn -0.1596 0.9518 -0.2619
vn -0.2458 -0.1457 0.9583
vn -0.2562 -0.1492 0.9550
vn -0.2456 -0.1501 0.9577
vn -0.0144 -0.9963 0.0844
vn -0.0100 -0.9980 0.0621
vn 0.0155 -0.9915 0.1290
vn 0.9139 0.2809 0.2930
vn 0.9367 0.1109 0.3321
vn 0.9350 0.1113 0.3368
vn 0.7903 0.5444 0.2812
vn 0.8210 0.5638 0.0901
vn 0.8146 0.5382 0.2161
vn 0.8865 0.3646 0.2850
vn 0.8157 0.5604 -0.1437
vn 0.8196 0.5510 -0.1571
vn 0.4342 0.6812 -0.5894
vn 0.0613 0.4800 -0.8751
vn 0.0751 0.6429 -0.7623
vn 0.1504 0.4300 -0.8902
vn 0.0091 0.9803 -0.1975
vn 0.1180 0.9815 -0.1506
vn -0.0080 0.9922 -0.1241
vn -0.2059 0.4504 -0.8687
vn 0.0323 0.6450 -0.7635
vn -0.1167 0.9558 -0.2699
vn 0.0087 0.9749 -0.2223
vn -0.2557 -0.1536 0.9545
vn -0.2638 -0.1489 0.9530
vn -0.7829 0.3702 -0.5000
vn -0.8738 0.3336 -0.3538
vn -0.8597 0.1978 -0.4710
vn -0.9929 -0.0423 -0.1110
vn -0.9927 -0.0889 -0.0814
vn -0.9959 -0.0358 -0.0828
vn 0.2405 0.5885 -0.7719
vn -0.6769 0.4450 -0.5863
vn -0.2522 0.3033 -0.9189
vn -0.8002 0.1627 -0.5773
vn -0.8364 0.1353 -0.5311
vn -0.6790 0.2166 -0.7015
vn -0.1453 0.2928 -0.9451
vn -0.3874 0.3376 -0.8579
vn -0.0105 -0.9999 0.0060
vn -0.0104 -0.9999 0.0043
vn -0.0190 -0.9991 0.0370
vn -0.0255 -0.9974 0.0675
vn -0.0143 -0.9999 0.0095
vn -0.0139 -0.9999 0.0040
vn 0.1512 0.3203 -0.9352
vn -0.2680 0.3848 -0.8832
vn 0.4795 0.3392 -0.8093
vn 0.5125 0.3520 -0.7832
vn 0.8416 0.2034 -0.5004
vn 0.9013 0.2102 -0.3787
vn 0.9143 0.2098 -0.3465
vn 0.5666 0.2547 -0.7836
vn 0.8838 0.2096 -0.4183
vn 0.3553 0.2775 -0.8926
vn 0.2638 0.2497 -0.9317
vn 0.2615 -0.7301 -0.6313
vn -0.2615 -0.7301 -0.6313
vn -0.3753 -0.1960 -0.9060
vn 0.3753 -0.1960 -0.9060
vn 0.6313 -0.7301 -0.2615
vn 0.9060 -0.1960 -0.3753
vn 0.6313 -0.7301 0.2615
vn 0.9060 -0.1960 0.3753
vn 0.2615 -0.7301 0.6313
vn 0.3753 -0.1960 0.9060
vn -0.2615 -0.7301 0.6313
vn -0.3753 -0.1960 0.9060
vn -0.6313 -0.7301 0.2615
vn -0.9060 -0.1960 0.3753
vn -0.6313 -0.7301 -0.2615
vn -0.9060 -0.1960 -0.3753
vn -0.0000 -0.7722 -0.6354
vn 0.4493 -0.7722 -0.4493
vn -0.4493 -0.7722 -0.4493
vn 0.6354 -0.7722 -0.0000
vn 0.4493 -0.7722 0.4493
vn -0.0000 -0.7722 0.6354
vn -0.4493 -0.7722 0.4493
vn -0.6354 -0.7722 -0.0000
vn -0.4706 0.1334 -0.8722
vn 0.4706 0.1334 -0.8722
vn -0.9413 0.3279 -0.0806
vn -0.4706 0.5224 0.7110
vn 0.4706 0.5224 0.7110
vn 0.9413 0.3279 -0.0806
vn 0.4706 -0.1334 0.8722
vn 0.9413 -0.3279 0.0806
vn 0.4706 -0.5224 -0.7110
vn -0.0000 -0.9711 0.2387
vn -0.0000 -1.0000 0.0044
vn 0.2030 -0.9720 0.1182
vn 0.2030 -0.9161 0.3458
vn -0.0000 -0.8881 0.4596
vn -0.2030 -0.9161 0.3458
vn -0.2030 -0.9720 0.1182
vn -0.4706 -0.5224 -0.7110
vn -0.9413 -0.3279 0.0806
vn -0.4706 -0.1334 0.8722
vn -0.4706 -0.4767 -0.7425
vn 0.4706 -0.4767 -0.7425
vn -0.9413 0.1927 -0.2773
vn -0.4706 0.8621 0.1880
vn -0.4706 0.8621 0.1879
vn 0.4706 0.8621 0.1880
vn 0.9413 0.1927 -0.2773
vn 0.4706 0.4767 0.7425
vn 0.9413 -0.1927 0.2773
vn 0.4706 -0.8621 -0.1880
vn -0.0000 -0.5707 0.8212
vn -0.0000 -0.7473 0.6645
vn 0.2030 -0.6510 0.7314
vn 0.2030 -0.4586 0.8652
vn -0.0000 -0.3624 0.9320
vn -0.2030 -0.4586 0.8652
vn -0.2030 -0.6510 0.7314
vn -0.4706 -0.8621 -0.1880
vn -0.9413 -0.1927 0.2773
vn -0.4706 0.4767 0.7425
vn 0.7672 -0.4767 -0.4292
vn 0.7156 -0.4767 0.5106
vn 0.3285 0.1927 -0.9246
vn -0.1619 0.8621 -0.4802
vn -0.2135 0.8621 0.4596
vn 0.2252 0.1927 0.9551
vn -0.7672 0.4767 0.4292
vn -0.3285 -0.1927 0.9246
vn -0.3285 -0.1927 0.9247
vn 0.1619 -0.8621 0.4802
vn -0.8199 -0.5707 -0.0450
vn -0.6635 -0.7473 -0.0364
vn -0.7414 -0.6510 0.1625
vn -0.8750 -0.4586 0.1552
vn -0.9306 -0.3624 -0.0511
vn -0.8527 -0.4586 -0.2501
vn -0.7192 -0.6510 -0.2428
vn 0.2135 -0.8621 -0.4596
vn -0.2252 -0.1927 -0.9551
vn -0.7156 0.4767 -0.5106
vn 0.8774 -0.4767 0.0541
vn 0.3255 -0.4767 0.8166
vn 0.7765 0.1927 -0.5999
vn 0.1237 0.8621 -0.4914
vn -0.4282 0.8621 0.2710
vn -0.3273 0.1927 0.9251
vn -0.8774 0.4767 -0.0541
vn -0.7765 -0.1927 0.5999
vn -0.1237 -0.8621 0.4914
vn -0.6652 -0.5707 -0.4815
vn -0.5383 -0.7473 -0.3896
vn -0.7115 -0.6510 -0.2644
vn -0.8198 -0.4586 -0.3429
vn -0.7550 -0.3624 -0.5465
vn -0.5818 -0.4586 -0.6717
vn -0.4735 -0.6510 -0.5933
vn 0.4282 -0.8621 -0.2710
vn 0.3273 -0.1927 -0.9251
vn -0.3255 0.4767 -0.8166
vn 0.8166 -0.3075 0.4885
vn 0.0297 -0.3075 0.9511
vn 0.9361 0.2713 -0.2240
vn 0.2530 0.8455 -0.4702
vn -0.5339 0.8455 -0.0076
vn -0.6510 0.2713 0.7090
vn -0.8166 0.3075 -0.4885
vn -0.9361 -0.2713 0.2240
vn -0.2530 -0.8455 0.4702
vn -0.3648 -0.6942 -0.6205
vn -0.2861 -0.8254 -0.4867
vn -0.4715 -0.7523 -0.4601
vn -0.5421 -0.6079 -0.5801
vn -0.4284 -0.5344 -0.7287
vn -0.2433 -0.6079 -0.7558
vn -0.1727 -0.7523 -0.6357
vn 0.5339 -0.8455 0.0076
vn 0.6510 -0.2713 -0.7090
vn -0.0297 0.3075 -0.9511
vn -0.9612 -0.0073 0.2756
vn -0.9668 -0.0610 0.2482
vn 0.2484 -0.4515 0.8570
vn 0.2507 -0.4010 0.8811
vn -0.9511 0.0516 0.3045
vn 0.2523 -0.3437 0.9045
vn 0.0512 0.8845 0.4637
vn 0.0512 0.8845 0.4638
vn 0.9686 0.1349 -0.2087
vn 0.9653 0.1928 -0.1764
vn -0.2438 0.5191 -0.8192
vn -0.2392 0.5708 -0.7855
vn -0.2472 0.4706 -0.8470
vn 0.9680 0.0815 -0.2374
vn -0.9530 0.0688 -0.2949
vn -0.9503 -0.0431 -0.3083
vn -0.2918 -0.2019 0.9349
vn -0.2976 -0.1547 0.9421
vn -0.3074 -0.0570 0.9499
vn -0.2977 -0.1540 0.9422
vn -0.9492 -0.0561 -0.3096
vn -0.9498 -0.0494 -0.3090
vn 0.2956 0.1723 -0.9397
vn 0.2910 0.2084 -0.9338
vn 0.2942 0.1835 -0.9380
vn 0.2956 0.1717 -0.9397
vn 0.9487 0.0618 0.3102
vn 0.9532 -0.0618 0.2959
vn 0.9270 0.1954 0.3203
vn 0.9480 0.0687 0.3108
vn 0.2866 0.2399 -0.9275
vn 0.9262 0.1986 0.3205
vn -0.1034 0.9903 0.0932
vn -0.1035 0.9903 0.0932
vn -0.3117 0.0007 0.9502
vn -0.3077 -0.0534 0.9500
vn -0.9533 0.0603 -0.2961
vn -0.4927 -0.4129 0.7660
vn -0.5000 -0.3561 0.7894
vn 0.8489 -0.0358 0.5274
vn 0.8586 -0.0876 0.5051
vn -0.5059 -0.2924 0.8115
vn 0.8349 0.0215 0.5500
vn -0.1387 0.9020 0.4087
vn 0.4804 0.4838 -0.7315
vn 0.4676 0.5416 -0.6986
vn -0.8670 0.1541 -0.4738
vn -0.8705 0.2101 -0.4451
vn -0.8609 0.1027 -0.4983
vn 0.4902 0.4291 -0.7587
vn 0.0969 0.0838 -0.9918
vn -0.9950 -0.0127 -0.0987
vn -0.0259 0.9989 0.0382
vn -0.0979 -0.0471 0.9941
vn 0.9939 0.0468 0.0999
vn 0.9030 -0.1031 -0.4170
vn 0.9131 -0.0486 -0.4049
vn -0.3866 0.2302 -0.8931
vn -0.3767 0.2758 -0.8843
vn -0.3580 0.3523 -0.8647
vn 0.9086 -0.0747 -0.4108
vn 0.9031 -0.1031 -0.4170
vn 0.3807 -0.2577 0.8880
vn 0.3704 -0.3030 0.8781
vn 0.3964 -0.1791 0.9004
vn -0.8986 0.1231 0.4211
vn -0.9118 0.0568 0.4068
vn -0.8728 0.2155 0.4379
vn 0.3967 -0.1777 0.9006
vn 0.4029 -0.1417 0.9042
vn -0.8628 0.2446 0.4424
vn 0.2124 0.9571 0.1973
vn -0.3576 0.3536 -0.8643
vn -0.3484 0.3874 -0.8535
vn 0.9215 0.0198 -0.3879
vn -0.9263 0.2406 -0.2900
vn -0.6407 0.3077 -0.7034
vn -0.8104 0.2927 -0.5075
vn -0.4351 0.9003 0.0077
vn -0.4225 0.8402 -0.3400
vn -0.3001 0.9410 -0.1564
vn -0.9742 0.1124 0.1959
vn -0.9344 0.2008 -0.2941
vn -0.4650 0.8512 0.2433
vn -0.6149 0.7870 -0.0496
vn -0.9771 0.0699 0.2010
vn -0.9299 0.2346 -0.2832
vn -0.6383 0.3427 -0.6893
vn -0.7711 -0.0031 0.6367
vn -0.7542 -0.0154 0.6564
vn -0.9723 0.1036 0.2094
vn -0.7420 0.0652 0.6672
vn -0.9566 0.1822 0.2274
vn -0.9149 0.3112 -0.2572
vn -0.5302 0.7895 0.3092
vn -0.4112 0.7246 0.5530
vn -0.5070 0.8610 0.0407
vn -0.0958 0.9505 -0.2957
vn -0.3481 0.9199 -0.1807
vn 0.1821 0.9445 -0.2733
vn 0.4112 0.9036 -0.1197
vn 0.5302 0.8388 0.1241
vn 0.5070 0.7673 0.3926
vn 0.3480 0.7084 0.6140
vn 0.0958 0.6778 0.7290
vn -0.1821 0.6838 0.7066
vn 0.1757 -0.1013 0.9792
vn -0.3286 -0.0086 0.9444
vn -0.3340 -0.0904 0.9382
vn 0.1761 -0.1303 0.9757
vn -0.3362 -0.1212 0.9340
vn -0.7582 -0.0481 0.6503
vn -0.3690 -0.0765 0.9263
vn 0.1468 -0.0874 0.9853
vn 0.4129 -0.0705 0.9080
vn 0.6383 -0.0452 0.7684
vn 0.9339 0.0346 0.3558
vn 0.6409 -0.0733 0.7641
vn 0.8157 0.0170 0.5782
vn 0.5289 0.7966 0.2927
vn 0.2407 0.8372 0.4911
vn 0.4633 0.8651 0.1921
vn 0.0002 0.6910 0.7228
vn -0.0826 0.7505 0.6557
vn 0.1661 0.8858 0.4334
vn 0.3401 0.9169 0.2089
vn -0.0812 0.8132 0.5763
vn 0.4170 0.9085 0.0282
vn 0.3072 0.9403 0.1466
vn 0.5839 0.8113 -0.0293
vn 0.2188 0.9744 0.0513
vn 0.2673 0.9543 -0.1340
vn 0.0438 0.9989 -0.0180
vn 0.2168 0.8150 -0.5374
vn 0.4579 0.8156 -0.3538
vn -0.0808 0.9675 -0.2396
vn -0.1342 0.9895 -0.0540
vn -0.0787 0.8414 -0.5347
vn -0.2431 0.9692 -0.0393
vn -0.2884 0.9558 0.0573
vn -0.8085 -0.0913 -0.5813
vn -0.9149 -0.1537 -0.3733
vn -0.9237 -0.1603 -0.3479
vn -0.3972 -0.0018 -0.9177
vn -0.1656 0.0094 -0.9862
vn 0.0434 -0.9774 -0.2070
vn 0.0205 -0.9872 -0.1580
vn 0.0608 -0.9806 -0.1866
vn 0.0964 -0.9707 -0.2201
vn 0.0147 -0.9777 -0.2097
vn 0.0456 -0.9709 -0.2350
vn -0.0005 -0.9674 -0.2532
vn 0.0053 -0.9772 -0.2122
vn -0.0070 -0.9936 -0.1125
vn 0.0890 -0.9842 -0.1530
vn 0.1459 -0.9604 -0.2376
vn 0.0447 -0.9686 -0.2445
vn 0.0041 -0.9664 -0.2570
vn -0.9531 -0.2826 0.1079
vn -0.9503 -0.2864 0.1222
vn -0.7396 -0.3995 0.5417
vn -0.7390 -0.3997 0.5423
vn -0.2398 0.8708 0.4292
vn -0.2956 0.9221 0.2495
vn -0.3969 0.7903 0.4667
vn -0.6356 0.7230 0.2708
vn -0.1627 0.8317 0.5309
vn -0.2657 0.7455 0.6113
vn -0.5129 0.6650 0.5428
vn -0.2940 0.6463 0.7042
vn -0.0592 -0.4790 0.8758
vn -0.0587 -0.4853 0.8724
vn -0.0587 -0.4854 0.8723
vn -0.5536 -0.4360 0.7095
vn 0.4537 -0.4530 0.7674
vn 0.6260 -0.4287 0.6514
vn 0.7713 -0.3839 0.5076
vn 0.9660 -0.2559 0.0373
vn 0.9642 -0.2627 0.0357
vn 0.9660 -0.2557 0.0373
vn 0.8783 -0.1244 -0.4616
vn 0.7398 -0.0776 -0.6683
vn 0.7404 -0.0777 -0.6677
vn 0.3461 -0.0043 -0.9382
vn 0.3320 -0.0029 -0.9433
vn -0.1383 0.0106 -0.9903
vn -0.3964 0.3783 -0.8365
vn -0.1746 0.3591 -0.9168
vn 0.3209 0.3768 -0.8689
vn 0.3338 0.3476 -0.8762
vn -0.1757 0.3988 -0.9001
vn 0.3340 0.3879 -0.8591
vn -0.6280 0.4175 -0.6568
vn -0.1729 0.4726 -0.8641
vn 0.3286 0.4619 -0.8238
vn 0.7542 0.3129 -0.5773
vn 0.7420 0.3882 -0.5466
vn 0.7566 0.2792 -0.5913
vn 0.9723 0.1939 -0.1302
vn 0.9765 0.1642 -0.1398
vn 0.9566 0.2711 -0.1067
vn 0.5180 0.3485 -0.7812
vn 0.8745 0.2646 -0.4064
vn 0.9380 0.0849 0.3359
vn 0.9299 0.0629 0.3624
vn 0.9149 0.1422 0.3779
vn 0.6280 0.0358 0.7774
vn 0.1729 -0.0193 0.9848
vn -0.0793 0.9966 0.0202
vn 0.0946 0.9582 -0.2700
vn -0.1674 0.9534 -0.2511
vn 0.0793 0.8843 0.4601
vn 0.2363 0.9294 0.2836
vn 0.1569 0.9856 0.0636
vn -0.3846 0.9168 -0.1078
vn -0.4388 0.8834 -0.1645
vn -0.1910 0.9251 -0.3281
vn 0.1079 0.9307 -0.3496
vn -0.2363 0.9516 0.1967
vn -0.4987 0.8582 0.1215
vn -0.5690 0.8166 0.0971
vn -0.5467 0.7426 0.3868
vn -0.2270 0.9209 0.3170
vn -0.4792 0.7934 0.3754
vn -0.3313 0.7397 0.5858
vn -0.3780 0.6813 0.6268
vn -0.1570 0.8954 0.4167
vn -0.1079 0.6491 0.7530
vn -0.0448 0.8820 0.4691
vn -0.0946 0.7114 0.6963
vn 0.1674 0.7163 0.6774
vn 0.1910 0.6546 0.7314
vn 0.4388 0.6964 0.5679
vn 0.3846 0.7529 0.5341
vn 0.5690 0.7632 0.3063
vn 0.4987 0.8114 0.3048
vn 0.4792 0.8762 0.0509
vn 0.5467 0.8371 0.0166
vn 0.3780 0.8984 -0.2235
vn 0.3313 0.9300 -0.1595
vn 0.0448 0.9989 0.0112
vn 0.6325 -0.0575 -0.7725
vn 0.1806 -0.0036 -0.9835
vn 0.9148 -0.1601 -0.3707
vn -0.0000 -0.9689 -0.2474
vn 0.9521 -0.2838 0.1139
vn 0.7342 -0.3956 0.5517
vn 0.3196 -0.4655 0.8253
vn -0.1806 -0.4747 0.8614
vn -0.6325 -0.4208 0.6503
vn -0.9148 -0.3182 0.2486
vn -0.9521 -0.1945 -0.2361
vn -0.7342 -0.0827 -0.6739
vn -0.3196 -0.0128 -0.9475
vn 0.3098 0.9333 0.1817
vn 0.3115 0.8376 0.4487
vn 0.2097 0.9293 0.3041
vn 0.7165 0.5864 0.3779
vn 0.5144 0.5320 0.6726
vn 0.8078 0.5893 0.0152
vn 0.8817 0.4309 0.1921
vn 0.3552 0.9343 0.0304
vn 0.3192 0.9378 0.1368
vn 0.9092 0.3654 -0.1993
vn 0.8207 0.2685 0.5043
vn 0.4309 0.3452 0.8338
vn 0.6959 0.6137 -0.3730
vn 0.8785 -0.0184 -0.4775
vn 0.9856 0.1652 0.0367
vn 0.8890 0.0783 -0.4512
vn 0.9697 0.2416 0.0360
vn 0.8058 0.3055 0.5074
vn 0.5374 0.8399 -0.0758
vn 0.4843 0.8031 -0.3470
vn 0.4465 0.8753 0.1855
vn -0.0377 0.9070 0.4194
vn 0.2360 0.8999 0.3667
vn -0.3014 0.8948 0.3294
vn -0.4843 0.8665 0.1207
vn -0.5374 0.8298 -0.1505
vn -0.4466 0.7944 -0.4118
vn -0.2360 0.7698 -0.5930
vn 0.0377 0.7627 -0.6457
vn 0.3014 0.7749 -0.5557
vn 0.0693 -0.0040 -0.9976
vn 0.5438 0.1242 -0.8300
vn 0.5536 0.0203 -0.8325
vn 0.8738 0.1752 -0.4536
vn 0.3400 -0.0997 -0.9351
vn 0.3407 -0.0997 -0.9349
vn 0.7801 -0.0522 -0.6235
vn 0.4266 0.6022 -0.6748
vn 0.6468 0.6207 -0.4432
vn 0.2681 0.8043 -0.5303
vn 0.0271 0.5817 -0.8130
vn -0.0139 0.7708 -0.6369
vn -0.3900 0.5744 -0.7196
vn -0.2476 -0.1082 -0.9628
vn -0.4342 0.0091 -0.9008
vn -0.7257 -0.0708 -0.6843
vn -0.8207 0.0568 -0.5686
vn -0.3256 0.7616 -0.5603
vn -0.6926 0.5764 -0.4336
vn -0.5583 0.7573 -0.3388
vn -0.2480 0.8755 -0.4147
vn -0.4332 0.8660 -0.2498
vn -0.0450 0.8746 -0.4827
vn -0.7609 -0.3286 -0.5595
vn -0.4084 -0.3600 -0.8388
vn -0.7887 -0.3241 -0.5224
vn -0.3823 -0.3615 -0.8504
vn 0.0742 -0.3865 -0.9193
vn 0.0973 -0.3862 -0.9173
vn 0.5470 -0.3551 -0.7581
vn 0.1217 0.9021 -0.4140
vn 0.5635 -0.3534 -0.7467
vn 0.8670 -0.3048 -0.3942
vn 0.2858 0.9394 -0.1891
vn 0.9453 -0.2638 -0.1918
vn 0.8578 -0.3072 -0.4121
vn 0.3452 0.9385 -0.0009
vn 0.8238 -0.1735 0.5397
vn 0.9257 -0.1981 0.3224
vn 0.9256 -0.1982 0.3224
vn 0.0540 -0.9947 0.0880
vn 0.0492 -0.9983 0.0314
vn 0.0084 -0.9999 -0.0087
vn 0.0077 -0.9996 0.0262
vn -0.0411 -0.9979 0.0497
vn -0.0822 -0.9938 0.0754
vn 0.0257 -0.9891 0.1448
vn 0.1293 -0.9657 0.2250
vn 0.1482 -0.9796 0.1359
vn 0.1493 -0.9874 0.0520
vn 0.0918 -0.9918 0.0890
vn 0.0753 -0.9906 0.1141
vn 0.0969 -0.9893 0.1094
vn -0.9048 -0.2818 -0.3192
vn -0.9049 -0.2817 -0.3192
vn -0.9479 -0.2063 0.2426
vn -0.8710 -0.1843 0.4555
vn -0.8507 -0.1790 0.4943
vn -0.4528 0.8904 -0.0462
vn -0.6280 0.7679 -0.1259
vn -0.4915 0.8580 -0.1490
vn -0.5688 0.8176 0.0897
vn -0.7879 0.6110 -0.0766
vn -0.9984 0.0533 0.0200
vn -0.8907 0.2153 0.4004
vn -0.9872 0.1304 -0.0919
vn -0.8818 -0.0348 -0.4703
vn -0.8738 0.2896 0.3905
vn -0.9697 0.2233 -0.0990
vn -0.8058 0.1594 -0.5704
vn -0.4259 0.1151 -0.8974
vn -0.5587 0.2950 0.7751
vn -0.8755 0.1520 0.4587
vn -0.0681 0.3627 0.9294
vn -0.5438 0.3406 0.7670
vn -0.5359 0.5179 0.6668
vn -0.0783 0.3497 0.9336
vn -0.3434 0.8719 0.3491
vn -0.6891 0.6759 0.2614
vn 0.0084 0.8682 0.4961
vn 0.0459 0.9453 0.3229
vn -0.2467 0.9519 0.1818
vn -0.1005 -0.1244 0.9871
vn -0.5459 -0.1440 0.8254
vn -0.0738 -0.1241 0.9895
vn -0.5373 -0.1434 0.8311
vn 0.1691 -0.1075 0.9797
vn 0.1691 -0.1072 0.9797
vn 0.6511 -0.1387 0.7462
vn 0.8078 -0.1702 0.5644
vn -0.0920 0.5508 0.8295
vn 0.4259 0.3498 0.8344
vn 0.0681 0.1022 -0.9924
vn 0.4588 -0.8517 -0.2530
vn 0.0475 -0.7628 -0.6448
vn 0.6443 -0.2316 -0.7289
vn 0.8054 -0.1950 -0.5597
vn 0.4836 -0.1255 -0.8663
vn -0.2842 -0.3611 -0.8882
vn 0.3848 0.0828 -0.9193
vn -0.4095 0.2001 -0.8901
vn 0.3856 0.3136 -0.8678
vn -0.2806 0.7064 -0.6498
vn 0.4856 0.4789 -0.7313
vn 0.0534 0.9644 -0.2592
vn 0.6468 0.5154 -0.5621
vn 0.8075 0.4093 -0.4248
vn 0.4647 0.8755 0.1326
vn 0.7964 0.4737 0.3760
vn 0.9063 0.2011 -0.3718
vn 0.9217 -0.0875 0.3779
vn 0.9055 -0.0297 -0.4233
vn 0.7928 -0.5938 0.1376
vn -0.1228 0.9848 0.1228
vn 0.6964 0.1736 -0.6964
vn 0.1228 -0.9848 -0.1228
vn 0.1222 -0.9533 -0.2762
vn 0.2769 -0.9547 -0.1092
vn 0.1092 -0.9547 -0.2769
vn 0.2817 -0.9586 0.0427
vn 0.2762 -0.9533 -0.1222
vn 0.6964 0.1734 -0.6964
vn 0.7015 0.0406 0.7116
vn 0.5566 -0.7431 0.3713
vn 0.6627 -0.3487 -0.6627
vn -0.3713 -0.7431 -0.5566
vn -0.7116 0.0406 -0.7014
vn -0.0427 -0.9586 -0.2817
vn -0.1062 -0.9347 -0.3392
vn 0.0803 -0.9437 -0.3209
vn -0.7106 0.0309 -0.7029
vn 0.1265 -0.9408 -0.3146
vn 0.3209 -0.9437 -0.0803
vn 0.6962 0.1749 -0.6962
vn 0.7029 0.0309 0.7106
vn 0.3392 -0.9347 0.1062
vn 0.3146 -0.9408 -0.1265
vn 0.5321 -0.7761 0.3385
vn -0.3385 -0.7761 -0.5321
vn 0.5938 -0.5429 -0.5938
vn -0.5768 0.6987 -0.4232
vn 0.4232 0.6987 0.5768
vn 0.5768 -0.6987 0.4232
vn -0.4232 -0.6987 -0.5768
vn 0.0475 -0.7629 -0.6448
vn 0.3855 0.3136 -0.8678
vn -0.0000 0.3869 -0.9221
vn -0.0000 0.9664 0.2572
vn -0.9561 0.1063 -0.2730
vn 0.9561 0.1063 -0.2729
vn -0.0000 0.1689 0.9856
vn -0.3781 0.2205 0.8991
vn -0.3958 0.1989 0.8965
vn 0.8756 0.1226 -0.4672
vn 0.6437 0.6432 0.4147
vn -0.6734 0.4599 -0.5788
vn -0.3818 -0.0618 -0.9222
vn 0.7006 0.5324 0.4751
vn 0.7377 0.2851 -0.6120
vn -0.0408 0.1206 -0.9919
vn 0.9586 0.2560 -0.1249
vn 0.6695 0.5262 0.5243
vn 0.1155 0.3812 0.9173
vn -0.5615 0.7250 -0.3989
vn 0.0683 0.5917 0.8032
vn 0.6021 0.6638 0.4436
vn 0.9669 0.1254 -0.2224
vn -0.4588 -0.0716 -0.8857
vn -0.9690 -0.0002 -0.2472
vn -0.9890 0.0614 0.1346
vn -0.6616 0.5195 -0.5408
vn 0.6861 0.1903 -0.7021
vn -0.5741 0.6174 -0.5378
vn 0.1080 0.6469 -0.7549
vn -0.4720 0.1850 -0.8620
vn -0.3625 0.4414 -0.8209
vn -0.6628 0.3572 -0.6581
vn -0.4565 0.8081 -0.3722
vn -0.3903 -0.0964 0.9156
vn -0.2847 -0.0762 0.9556
vn 0.7951 0.1468 0.5884
vn 0.5815 0.7281 0.3630
vn 0.4267 0.3748 -0.8231
vn 0.9098 0.3938 -0.1314
vn -0.0108 -0.9999 0.0052
vn -0.0092 -1.0000 0.0002
vn -0.6386 0.2576 -0.7251
vn -0.9772 0.0394 -0.2086
vn -0.6923 0.6818 -0.2364
vn -0.2367 0.3617 -0.9017
vn -0.3885 -0.1456 0.9099
vn -0.0041 0.9878 -0.1554
vn 0.0027 -1.0000 0.0042
vn 0.9252 0.1899 0.3286
vn 0.9481 0.0452 -0.3147
vn 0.2822 0.9072 -0.3121
vn 0.8788 -0.0000 -0.4773
vn -0.2149 -0.0000 -0.9766
vn 0.0004 -1.0000 0.0018
vn 0.0021 -1.0000 0.0013
vn -0.8528 0.0682 -0.5178
vn -0.9109 0.0094 0.4124
vn -0.7146 0.0096 0.6994
vn -0.7156 0.0146 0.6983
vn -0.3233 0.5990 0.7326
vn -0.6015 0.7923 0.1020
vn -0.1599 0.9517 -0.2620
vn -0.2074 -0.1478 0.9670
vn 0.0082 0.6404 -0.7680
vn -0.1897 0.9505 -0.2461
vn -0.2860 -0.1537 0.9458
vn -0.9600 -0.0195 0.2794
vn -0.9697 -0.0204 0.2434
vn -0.8381 0.1349 -0.5286
vn -0.6853 0.2202 -0.6942
vn -0.0206 -0.9990 0.0389
vn -0.0144 -0.9998 0.0101
vn 0.5332 0.2581 -0.8057
vn -0.1237 -0.8621 0.4915
vn 0.2937 0.1871 -0.9374
vn 0.2996 0.7682 0.5658
vn 0.0251 0.9997 -0.0024
vn 0.2399 0.7976 -0.5534
vn -0.0592 -0.4788 0.8759
vn 0.9642 -0.2628 0.0357
vn -0.3940 0.3790 -0.8373
vn 0.1295 0.3887 -0.9122
vn 0.8727 0.2648 -0.4103
vn 0.9852 0.1394 0.0994
vn -0.1822 0.9793 0.0881
vn 0.1822 0.9017 0.3922
vn 0.2270 0.9601 0.1633
vn -0.2503 -0.1083 -0.9621
vn 0.2787 0.9428 -0.1832
vn 0.9454 -0.2636 -0.1918
vn 0.0533 0.9644 -0.2592
vt 0.041336 0.224359
vt 0.248745 0.139502
vt 0.258911 0.188226
vt 0.025891 0.163065
vt 0.216596 0.045377
vt 0.234607 0.091777
vt 0.014444 0.133578
vt 0.194831 0.000613
vt 0.000613 0.469577
vt 0.216596 0.529332
vt 0.194831 0.574095
vt 0.014444 0.441130
vt 0.234608 0.482931
vt 0.025891 0.411643
vt 0.248745 0.435206
vt 0.034875 0.381314
vt 0.258911 0.386482
vt 0.041336 0.350349
vt 0.265039 0.337086
vt 0.045230 0.318959
vt 0.267086 0.287354
vt 0.733680 0.089042
vt 0.619517 0.128751
vt 0.616746 0.103619
vt 0.046531 0.287354
vt 0.265039 0.237622
vt 0.045230 0.255749
vt 0.286159 0.944303
vt 0.311522 0.962150
vt 0.284128 0.946334
vt 0.342410 0.959376
vt 0.312265 0.959376
vt 0.368516 0.944304
vt 0.343153 0.962150
vt 0.386363 0.918941
vt 0.370547 0.946335
vt 0.383588 0.888053
vt 0.386363 0.918941
vt 0.383589 0.918197
vt 0.368516 0.861947
vt 0.386363 0.887309
vt 0.343153 0.844100
vt 0.370547 0.859916
vt 0.312265 0.846874
vt 0.342410 0.846874
vt 0.286159 0.861947
vt 0.311522 0.844100
vt 0.268313 0.887309
vt 0.284128 0.859916
vt 0.271087 0.918197
vt 0.271087 0.888053
vt 0.268313 0.918941
vt 0.763160 0.694151
vt 0.726943 0.711198
vt 0.736168 0.686235
vt 0.731212 0.269322
vt 0.617720 0.229729
vt 0.734842 0.239397
vt 0.721303 0.328785
vt 0.601104 0.329434
vt 0.606365 0.304703
vt 0.738663 0.149103
vt 0.736984 0.119005
vt 0.728811 0.059293
vt 0.612662 0.078668
vt 0.619886 0.204538
vt 0.737424 0.209363
vt 0.726681 0.299124
vt 0.610876 0.279825
vt 0.722528 0.029811
vt 0.607392 0.053939
vt 0.621009 0.179279
vt 0.738763 0.179248
vt 0.614676 0.254829
vt 0.715031 0.000613
vt 0.601104 0.029450
vt 0.620925 0.153995
vt 0.256821 0.930451
vt 0.265025 0.957933
vt 0.256821 0.955735
vt 0.768813 0.502793
vt 0.735749 0.485127
vt 0.761707 0.476594
vt 0.726965 0.460776
vt 0.753368 0.450636
vt 0.779650 0.584722
vt 0.751167 0.610447
vt 0.752179 0.584817
vt 0.770538 0.667074
vt 0.743237 0.661207
vt 0.744873 0.422671
vt 0.715847 0.435734
vt 0.750896 0.559247
vt 0.778583 0.556557
vt 0.775890 0.639748
vt 0.748240 0.635957
vt 0.753733 0.721310
vt 0.715161 0.735947
vt 0.747807 0.534064
vt 0.774211 0.529467
vt 0.779310 0.612585
vt 0.698104 0.627884
vt 0.175103 0.908554
vt 0.154257 0.928253
vt 0.169097 0.902549
vt 0.222283 0.895913
vt 0.194801 0.887708
vt 0.224481 0.887708
vt 0.175103 0.977631
vt 0.194801 0.998477
vt 0.169097 0.983637
vt 0.244180 0.977631
vt 0.250185 0.983637
vt 0.244180 0.908554
vt 0.250185 0.902549
vt 0.154257 0.957933
vt 0.162461 0.955735
vt 0.224481 0.998477
vt 0.222283 0.990273
vt 0.265025 0.928253
vt 0.256821 0.930451
vt 0.162461 0.930451
vt 0.196999 0.895913
vt 0.196999 0.990273
vt 0.680342 0.689555
vt 0.701044 0.563429
vt 0.698284 0.542358
vt 0.694318 0.521575
vt 0.688174 0.501408
vt 0.700436 0.606399
vt 0.688160 0.669622
vt 0.680230 0.481733
vt 0.701602 0.584837
vt 0.694033 0.649004
vt 0.670333 0.462752
vt 0.742647 0.509507
vt 0.771254 0.502210
vt 0.764111 0.475876
vt 0.755741 0.449892
vt 0.747470 0.422326
vt 0.746153 0.751440
vt 0.756328 0.722214
vt 0.765669 0.694917
vt 0.773056 0.667655
vt 0.778413 0.640143
vt 0.781746 0.612757
vt 0.782355 0.584691
vt 0.781144 0.556292
vt 0.776697 0.529009
vt 0.493685 0.533231
vt 0.484935 0.464391
vt 0.494511 0.463015
vt 0.493685 0.562079
vt 0.484935 0.630919
vt 0.484935 0.562079
vt 0.947478 0.564330
vt 0.980457 0.495613
vt 0.976325 0.564330
vt 0.168878 0.116679
vt 0.177072 0.144338
vt 0.867779 0.213618
vt 0.841868 0.182000
vt 0.876065 0.194927
vt 0.923035 0.281296
vt 0.933264 0.243120
vt 0.971440 0.232891
vt 0.826156 0.213053
vt 0.858442 0.231664
vt 0.834665 0.197593
vt 0.798454 0.164650
vt 0.788071 0.186471
vt 0.847768 0.166007
vt 0.882997 0.175750
vt 0.802363 0.152909
vt 0.852278 0.149622
vt 0.888362 0.156114
vt 0.805317 0.140801
vt 0.855244 0.132904
vt 0.891906 0.136098
vt 0.807205 0.128435
vt 0.856509 0.115967
vt 0.893385 0.115854
vt 0.807922 0.115932
vt 0.855968 0.098971
vt 0.892638 0.095614
vt 0.807396 0.103433
vt 0.889708 0.075567
vt 0.853383 0.082162
vt 0.884589 0.055903
vt 0.805784 0.091051
vt 0.849013 0.065717
vt 0.877492 0.036812
vt 0.802952 0.078942
vt 0.842963 0.049760
vt 0.868709 0.018385
vt 0.799000 0.067242
vt 0.835365 0.034333
vt 0.858574 0.000613
vt 0.794052 0.056075
vt 0.826316 0.019356
vt 0.743338 0.077231
vt 0.788252 0.045608
vt 0.746135 0.084658
vt 0.739989 0.161935
vt 0.793680 0.175915
vt 0.571226 0.945111
vt 0.567279 0.959842
vt 0.541764 0.953005
vt 0.746109 0.147318
vt 0.748328 0.139679
vt 0.749940 0.131875
vt 0.750923 0.123958
vt 0.751263 0.115985
vt 0.750957 0.108013
vt 0.749971 0.100102
vt 0.748357 0.092298
vt 0.006519 0.746707
vt 0.057042 0.753520
vt 0.012448 0.768634
vt 0.934679 0.970745
vt 0.893457 0.981791
vt 0.874325 0.910392
vt 0.049235 0.719209
vt 0.002593 0.724331
vt 0.052498 0.736458
vt 0.111767 0.733613
vt 0.107536 0.713097
vt 0.063209 0.770215
vt 0.020092 0.789902
vt 0.115530 0.743281
vt 0.071148 0.786454
vt 0.029426 0.810377
vt 0.120263 0.752421
vt 0.081239 0.802335
vt 0.040257 0.829812
vt 0.126570 0.761760
vt 0.038183 0.575321
vt 0.068575 0.617384
vt 0.025982 0.594161
vt 0.079399 0.602340
vt 0.120908 0.650512
vt 0.059917 0.633177
vt 0.015989 0.614173
vt 0.116327 0.660264
vt 0.008369 0.635143
vt 0.053648 0.649825
vt 0.003295 0.656950
vt 0.112575 0.670445
vt 0.049585 0.666917
vt 0.000767 0.679277
vt 0.110115 0.679579
vt 0.047635 0.684305
vt 0.000613 0.701805
vt 0.107902 0.691631
vt 0.047572 0.701774
vt 0.107151 0.702425
vt 0.139338 0.709729
vt 0.139377 0.701899
vt 0.140299 0.717508
vt 0.109058 0.723541
vt 0.926982 0.415011
vt 0.923035 0.400280
vt 0.948549 0.393443
vt 0.142328 0.725071
vt 0.145248 0.732335
vt 0.148874 0.739241
vt 0.153031 0.657218
vt 0.125584 0.642751
vt 0.149805 0.664347
vt 0.144270 0.679027
vt 0.142048 0.686524
vt 0.140321 0.694152
vt 0.887932 0.827014
vt 0.883222 0.752666
vt 0.901047 0.757242
vt 0.886328 0.843189
vt 0.863280 0.853553
vt 0.884736 0.859365
vt 0.863570 0.865257
vt 0.479108 0.536138
vt 0.482546 0.551323
vt 0.480126 0.552360
vt 0.481144 0.568582
vt 0.483709 0.569685
vt 0.926705 0.821612
vt 0.902273 0.822605
vt 0.922975 0.807560
vt 0.930427 0.835573
vt 0.902273 0.841044
vt 0.947242 0.807331
vt 0.948174 0.792774
vt 0.946189 0.821856
vt 0.472772 0.777709
vt 0.477358 0.791331
vt 0.475309 0.791987
vt 0.477846 0.806264
vt 0.480131 0.806987
vt 0.419787 0.503582
vt 0.400445 0.502243
vt 0.422471 0.488475
vt 0.417725 0.519720
vt 0.401727 0.518787
vt 0.438826 0.492454
vt 0.431956 0.505096
vt 0.445133 0.479611
vt 0.444856 0.516769
vt 0.454306 0.502872
vt 0.926225 0.193739
vt 0.902309 0.180927
vt 0.920050 0.175998
vt 0.916993 0.162677
vt 0.898198 0.164731
vt 0.461465 0.489621
vt 0.914450 0.149203
vt 0.895839 0.149767
vt 0.930536 0.160732
vt 0.930127 0.176308
vt 0.939089 0.192718
vt 0.942454 0.173968
vt 0.916019 0.221233
vt 0.909260 0.200978
vt 0.920777 0.732774
vt 0.905102 0.719568
vt 0.921859 0.730903
vt 0.906878 0.702882
vt 0.909182 0.703427
vt 0.894612 0.082415
vt 0.923123 0.087189
vt 0.903972 0.101885
vt 0.912221 0.071538
vt 0.921859 0.066029
vt 0.913263 0.687286
vt 0.911164 0.054692
vt 0.920537 0.044083
vt 0.940840 0.057288
vt 0.940840 0.086541
vt 0.246495 0.631756
vt 0.240813 0.659758
vt 0.242495 0.630565
vt 0.242209 0.687956
vt 0.244122 0.659775
vt 0.259522 0.800323
vt 0.246509 0.819130
vt 0.247083 0.791017
vt 0.259521 0.834578
vt 0.245411 0.847355
vt 0.259522 0.868832
vt 0.228043 0.860464
vt 0.901047 0.877235
vt 0.863849 0.876962
vt 0.255656 0.705625
vt 0.239371 0.689117
vt 0.474926 0.591964
vt 0.476757 0.594024
vt 0.920943 0.877610
vt 0.946020 0.850735
vt 0.938489 0.116216
vt 0.257912 0.734551
vt 0.244734 0.736570
vt 0.257424 0.578366
vt 0.253849 0.575321
vt 0.937286 0.000628
vt 0.918078 0.000613
vt 0.910144 0.037961
vt 0.911331 0.685398
vt 0.921859 0.655267
vt 0.944406 0.137881
vt 0.931558 0.135990
vt 0.915465 0.134732
vt 0.894612 0.134732
vt 0.468288 0.475287
vt 0.448406 0.465208
vt 0.424331 0.463015
vt 0.400445 0.463891
vt 0.466411 0.743900
vt 0.474585 0.775674
vt 0.926861 0.752827
vt 0.950575 0.758288
vt 0.906956 0.752666
vt 0.474926 0.465268
vt 0.481409 0.532960
vt 0.467432 0.821792
vt 0.466411 0.819887
vt 0.431300 0.532703
vt 0.402930 0.535174
vt 0.183198 0.667456
vt 0.165196 0.601365
vt 0.195949 0.666695
vt 0.200194 0.644273
vt 0.175607 0.595657
vt 0.203355 0.656904
vt 0.205399 0.685357
vt 0.201009 0.702098
vt 0.204997 0.621256
vt 0.209321 0.634357
vt 0.210515 0.605457
vt 0.187709 0.588836
vt 0.199841 0.582008
vt 0.217960 0.631508
vt 0.221709 0.616467
vt 0.238145 0.591133
vt 0.218675 0.591319
vt 0.238023 0.620537
vt 0.214127 0.577044
vt 0.236483 0.575321
vt 0.174873 0.734593
vt 0.156176 0.750556
vt 0.154257 0.735651
vt 0.174689 0.749228
vt 0.161849 0.779100
vt 0.187109 0.734551
vt 0.179422 0.774545
vt 0.185379 0.759427
vt 0.183680 0.788980
vt 0.192573 0.786943
vt 0.192569 0.770461
vt 0.201837 0.735600
vt 0.194646 0.735229
vt 0.199434 0.778348
vt 0.193525 0.800731
vt 0.201244 0.798337
vt 0.204203 0.825837
vt 0.213107 0.792093
vt 0.214658 0.823760
vt 0.225823 0.801618
vt 0.208380 0.855526
vt 0.225575 0.839585
vt 0.226816 0.869486
vt 0.717125 0.385557
vt 0.707129 0.412565
vt 0.707129 0.382640
vt 0.203531 0.886482
vt 0.707996 0.359497
vt 0.213053 0.722554
vt 0.237690 0.708601
vt 0.238145 0.733325
vt 0.232715 0.677313
vt 0.218266 0.700944
vt 0.212100 0.671948
vt 0.180943 0.835072
vt 0.230610 0.650695
vt 0.212063 0.645812
vt 0.234632 0.637376
vt 0.172507 0.809590
vt 0.167478 0.795609
vt 0.226816 0.738141
vt 0.216059 0.736066
vt 0.613453 0.669944
vt 0.613327 0.711109
vt 0.595868 0.696155
vt 0.580065 0.652493
vt 0.572463 0.717893
vt 0.586396 0.736705
vt 0.549000 0.688217
vt 0.609178 0.733709
vt 0.633844 0.680920
vt 0.634438 0.703390
vt 0.648011 0.647135
vt 0.653224 0.669184
vt 0.625584 0.640531
vt 0.655321 0.609851
vt 0.665069 0.631121
vt 0.587913 0.629106
vt 0.631118 0.608145
vt 0.589468 0.579675
vt 0.629902 0.574343
vt 0.581819 0.555892
vt 0.621181 0.541004
vt 0.654334 0.570618
vt 0.669107 0.589875
vt 0.644400 0.531856
vt 0.663301 0.547666
vt 0.625786 0.496327
vt 0.648025 0.507317
vt 0.599398 0.465899
vt 0.623531 0.471627
vt 0.582860 0.484331
vt 0.605208 0.510572
vt 0.555472 0.514385
vt 0.554720 0.465058
vt 0.566302 0.442957
vt 0.537440 0.498782
vt 0.522535 0.453949
vt 0.591200 0.442382
vt 0.528074 0.429181
vt 0.552141 0.422326
vt 0.515393 0.765170
vt 0.553065 0.755671
vt 0.537686 0.774132
vt 0.544087 0.733721
vt 0.512497 0.741097
vt 0.576549 0.758171
vt 0.530416 0.699838
vt 0.509560 0.664651
vt 0.511355 0.707059
vt 0.509890 0.534987
vt 0.517807 0.488875
vt 0.653858 0.367658
vt 0.662019 0.398115
vt 0.639723 0.420412
vt 0.522202 0.545782
vt 0.571723 0.532820
vt 0.539920 0.572330
vt 0.543987 0.587714
vt 0.591204 0.604526
vt 0.544028 0.618748
vt 0.539382 0.633043
vt 0.565999 0.672231
vt 0.521730 0.656445
vt 0.586139 0.959003
vt 0.579775 0.961459
vt 0.581592 0.934339
vt 0.947144 0.945652
vt 0.952838 0.954932
vt 0.947338 0.954791
vt 0.471286 0.958777
vt 0.454669 0.942029
vt 0.458862 0.937730
vt 0.474107 0.960941
vt 0.470608 0.960932
vt 0.470305 0.956210
vt 0.470316 0.947272
vt 0.463846 0.932896
vt 0.959519 0.954932
vt 0.952654 0.944407
vt 0.962824 0.952828
vt 0.477655 0.947208
vt 0.467111 0.930647
vt 0.477817 0.926946
vt 0.964558 0.938244
vt 0.966870 0.942452
vt 0.950303 0.179779
vt 0.946233 0.198578
vt 0.945632 0.178662
vt 0.957595 0.187447
vt 0.951420 0.199120
vt 0.961118 0.187210
vt 0.954570 0.181189
vt 0.946950 0.936514
vt 0.966121 0.191663
vt 0.952094 0.209769
vt 0.949409 0.212144
vt 0.953243 0.211846
vt 0.949802 0.213910
vt 0.576231 0.961288
vt 0.573770 0.958401
vt 0.946157 0.214288
vt 0.945632 0.212409
vt 0.477773 0.961538
vt 0.474299 0.962788
vt 0.251537 0.709903
vt 0.242475 0.708580
vt 0.247360 0.706851
vt 0.961043 0.899680
vt 0.962998 0.905860
vt 0.960259 0.906067
vt 0.483632 0.949356
vt 0.479043 0.932907
vt 0.486875 0.946730
vt 0.960438 0.910234
vt 0.961871 0.925809
vt 0.963002 0.910601
vt 0.964096 0.925760
vt 0.962310 0.932655
vt 0.492859 0.927058
vt 0.493736 0.933018
vt 0.480190 0.840263
vt 0.466414 0.838670
vt 0.480786 0.838692
vt 0.253212 0.731672
vt 0.240880 0.732287
vt 0.239371 0.725890
vt 0.480805 0.826347
vt 0.466433 0.826323
vt 0.479725 0.823019
vt 0.654819 0.861607
vt 0.668033 0.857377
vt 0.667623 0.862598
vt 0.660140 0.874978
vt 0.951549 0.924704
vt 0.950847 0.908932
vt 0.956273 0.909828
vt 0.946950 0.927988
vt 0.947117 0.923429
vt 0.951315 0.905708
vt 0.957075 0.905808
vt 0.951145 0.900455
vt 0.957354 0.899347
vt 0.949425 0.930890
vt 0.959238 0.169114
vt 0.950250 0.177436
vt 0.956285 0.134732
vt 0.650306 0.941526
vt 0.641613 0.934327
vt 0.649837 0.934860
vt 0.667366 0.852568
vt 0.654706 0.822103
vt 0.662830 0.818375
vt 0.725996 0.409691
vt 0.723703 0.401149
vt 0.726789 0.404274
vt 0.667489 0.856151
vt 0.660572 0.855893
vt 0.726213 0.401510
vt 0.723309 0.397731
vt 0.668379 0.852774
vt 0.730192 0.401884
vt 0.730096 0.405410
vt 0.485430 0.781028
vt 0.482428 0.784671
vt 0.481409 0.781298
vt 0.486292 0.783997
vt 0.485491 0.789585
vt 0.946312 0.176391
vt 0.945632 0.172474
vt 0.491435 0.784097
vt 0.489157 0.787497
vt 0.659667 0.816097
vt 0.655935 0.813592
vt 0.654896 0.810534
vt 0.489140 0.780096
vt 0.488613 0.776344
vt 0.488730 0.776850
vt 0.658144 0.776245
vt 0.654706 0.810058
vt 0.654795 0.779025
vt 0.486535 0.761179
vt 0.487016 0.740191
vt 0.491121 0.745169
vt 0.636858 0.952482
vt 0.634180 0.948495
vt 0.642835 0.945816
vt 0.650306 0.952179
vt 0.640392 0.935411
vt 0.637287 0.937800
vt 0.481358 0.760693
vt 0.482273 0.739318
vt 0.728771 0.381649
vt 0.718351 0.361282
vt 0.729808 0.359497
vt 0.668079 0.838222
vt 0.664464 0.818075
vt 0.668379 0.817323
vt 0.720778 0.382528
vt 0.950942 0.581009
vt 0.961593 0.580092
vt 0.956859 0.584769
vt 0.913768 0.895092
vt 0.902273 0.890331
vt 0.907034 0.878836
vt 0.943347 0.572363
vt 0.944039 0.579619
vt 0.956101 0.568479
vt 0.953607 0.574586
vt 0.960580 0.590948
vt 0.973614 0.585303
vt 0.967026 0.588153
vt 0.969166 0.597618
vt 0.962554 0.597880
vt 0.961285 0.604720
vt 0.973815 0.609664
vt 0.967624 0.607097
vt 0.962563 0.615467
vt 0.957435 0.610637
vt 0.954292 0.621377
vt 0.951313 0.614681
vt 0.957669 0.627699
vt 0.943963 0.616281
vt 0.943347 0.624043
vt 0.951867 0.368936
vt 0.938811 0.369090
vt 0.945133 0.363341
vt 0.475547 0.646930
vt 0.481102 0.633521
vt 0.494511 0.639076
vt 0.960671 0.379578
vt 0.960099 0.370848
vt 0.958867 0.388270
vt 0.948241 0.376429
vt 0.932443 0.374789
vt 0.940166 0.356181
vt 0.932613 0.359161
vt 0.938402 0.348187
vt 0.925001 0.361728
vt 0.930640 0.348012
vt 0.940522 0.340277
vt 0.925788 0.334010
vt 0.933153 0.337144
vt 0.939238 0.327801
vt 0.944745 0.333263
vt 0.948602 0.321539
vt 0.951717 0.328984
vt 0.945234 0.314236
vt 0.960671 0.318639
vt 0.959912 0.327272
vt 0.865566 0.716273
vt 0.852315 0.724932
vt 0.856389 0.715015
vt 0.670333 0.952103
vt 0.676246 0.946190
vt 0.684608 0.966378
vt 0.853564 0.662039
vt 0.865064 0.670428
vt 0.856719 0.671363
vt 0.850388 0.653553
vt 0.867075 0.659876
vt 0.865196 0.738704
vt 0.867075 0.728250
vt 0.849037 0.709545
vt 0.847942 0.733647
vt 0.840877 0.717256
vt 0.833959 0.705547
vt 0.843978 0.701931
vt 0.825101 0.709141
vt 0.843092 0.692585
vt 0.831914 0.692149
vt 0.834890 0.678977
vt 0.844716 0.683344
vt 0.821901 0.691763
vt 0.849550 0.675924
vt 0.826539 0.674760
vt 0.842497 0.668309
vt 0.836693 0.661826
vt 0.454669 0.922329
vt 0.469408 0.908697
vt 0.470192 0.925719
vt 0.456857 0.894891
vt 0.468826 0.895094
vt 0.456474 0.860146
vt 0.466729 0.844100
vt 0.467844 0.859004
vt 0.468271 0.870916
vt 0.457584 0.882603
vt 0.468663 0.882628
vt 0.480019 0.881825
vt 0.478622 0.870530
vt 0.481816 0.894602
vt 0.481814 0.907948
vt 0.623177 0.945617
vt 0.623177 0.956906
vt 0.613401 0.951261
vt 0.613401 0.939972
vt 0.623177 0.934328
vt 0.632954 0.939972
vt 0.632954 0.951261
vt 0.483690 0.921020
vt 0.480243 0.846956
vt 0.479095 0.859279
vt 0.683363 0.375443
vt 0.704842 0.359497
vt 0.687074 0.376633
vt 0.688051 0.380353
vt 0.663245 0.372288
vt 0.680518 0.378236
vt 0.663245 0.397668
vt 0.681329 0.381950
vt 0.692303 0.414335
vt 0.685065 0.382960
vt 0.683033 0.380321
vt 0.684475 0.380571
vt 0.685711 0.379616
vt 0.685229 0.378094
vt 0.700416 0.956200
vt 0.700416 0.946190
vt 0.709085 0.951195
vt 0.709085 0.961205
vt 0.700416 0.966210
vt 0.691747 0.961205
vt 0.691747 0.951195
vt 0.683743 0.377844
vt 0.682789 0.378932
vt 0.954047 0.434639
vt 0.963817 0.444209
vt 0.954891 0.444827
vt 0.955276 0.455252
vt 0.964264 0.424268
vt 0.952958 0.422326
vt 0.967704 0.477938
vt 0.957568 0.494387
vt 0.956452 0.478913
vt 0.967381 0.465822
vt 0.955630 0.466554
vt 0.965440 0.454290
vt 0.944339 0.478712
vt 0.944694 0.466623
vt 0.945108 0.455390
vt 0.945367 0.445120
vt 0.957288 0.736870
vt 0.948619 0.731865
vt 0.957288 0.726860
vt 0.965957 0.731865
vt 0.965957 0.741875
vt 0.957288 0.746880
vt 0.948619 0.741875
vt 0.945073 0.435487
vt 0.943347 0.426104
vt 0.943347 0.491675
vt 0.954088 0.024440
vt 0.964249 0.034242
vt 0.954081 0.035008
vt 0.954490 0.045970
vt 0.953289 0.013738
vt 0.963172 0.024093
vt 0.964396 0.003089
vt 0.952494 0.000613
vt 0.955203 0.057958
vt 0.968269 0.068853
vt 0.955482 0.073038
vt 0.965825 0.045381
vt 0.942066 0.069728
vt 0.943578 0.057388
vt 0.944157 0.045916
vt 0.944609 0.035312
vt 0.660201 0.944337
vt 0.668870 0.949342
vt 0.660201 0.954347
vt 0.651532 0.949342
vt 0.651532 0.939332
vt 0.660201 0.934327
vt 0.668870 0.939332
vt 0.943591 0.024907
vt 0.943568 0.014410
vt 0.942066 0.004302
vt 0.466939 0.711184
vt 0.478205 0.699206
vt 0.477701 0.711625
vt 0.467801 0.686470
vt 0.478724 0.686409
vt 0.477208 0.723799
vt 0.476629 0.738091
vt 0.467493 0.723444
vt 0.466794 0.672467
vt 0.480030 0.654198
vt 0.479291 0.672425
vt 0.491743 0.673478
vt 0.493330 0.658665
vt 0.489605 0.687354
vt 0.487984 0.699657
vt 0.602067 0.946074
vt 0.612175 0.940313
vt 0.612175 0.952060
vt 0.602067 0.957821
vt 0.591959 0.951836
vt 0.591959 0.940089
vt 0.602066 0.934328
vt 0.488465 0.712057
vt 0.486920 0.724231
vt 0.487079 0.735631
vt 0.889868 0.723416
vt 0.884764 0.650684
vt 0.892673 0.650870
vt 0.901197 0.651311
vt 0.884005 0.736794
vt 0.884077 0.722969
vt 0.889510 0.738095
vt 0.886736 0.737074
vt 0.266545 0.588382
vt 0.263997 0.591127
vt 0.263997 0.588382
vt 0.871895 0.724646
vt 0.881082 0.737156
vt 0.878481 0.738095
vt 0.877871 0.723384
vt 0.876223 0.650729
vt 0.868302 0.651001
vt 0.453443 0.844924
vt 0.444798 0.894194
vt 0.446010 0.844100
vt 0.430025 0.845526
vt 0.421691 0.894395
vt 0.421691 0.844358
vt 0.430485 0.936294
vt 0.429619 0.894360
vt 0.448241 0.938152
vt 0.452207 0.894877
vt 0.437997 0.844988
vt 0.436428 0.935992
vt 0.436822 0.894095
vt 0.439025 0.950838
vt 0.436135 0.950500
vt 0.433488 0.950738
vt 0.266545 0.595098
vt 0.263997 0.592353
vt 0.266545 0.592353
vt 0.430778 0.951676
vt 0.424111 0.937895
vt 0.442450 0.936868
vt 0.441551 0.951764
vt 0.420464 0.844637
vt 0.409241 0.937926
vt 0.412555 0.844288
vt 0.397219 0.937729
vt 0.387589 0.844285
vt 0.396116 0.844100
vt 0.415220 0.939304
vt 0.405896 0.951582
vt 0.397366 0.952494
vt 0.390775 0.939026
vt 0.263997 0.587156
vt 0.266545 0.584411
vt 0.266545 0.587156
vt 0.402930 0.951263
vt 0.400174 0.951507
vt 0.403031 0.937378
vt 0.404023 0.844100
vt 0.928380 0.725634
vt 0.930721 0.650684
vt 0.933469 0.725399
vt 0.938957 0.650738
vt 0.663245 0.415561
vt 0.668340 0.421050
vt 0.663245 0.421050
vt 0.944052 0.725483
vt 0.946601 0.650809
vt 0.949539 0.725634
vt 0.954834 0.651036
vt 0.794572 0.692305
vt 0.786650 0.650684
vt 0.794495 0.650977
vt 0.802934 0.651566
vt 0.802947 0.731048
vt 0.802345 0.692192
vt 0.796761 0.731763
vt 0.783581 0.692769
vt 0.820675 0.692543
vt 0.811031 0.651500
vt 0.819463 0.650684
vt 0.808904 0.731451
vt 0.812682 0.692240
vt 0.815298 0.733174
vt 0.807424 0.739157
vt 0.803013 0.738728
vt 0.684855 0.415561
vt 0.680724 0.420012
vt 0.680724 0.415561
vt 0.798281 0.739154
vt 0.794098 0.740470
vt 0.790907 0.733101
vt 0.880631 0.575184
vt 0.908674 0.558182
vt 0.887062 0.578660
vt 0.870348 0.605039
vt 0.887960 0.606273
vt 0.874399 0.569831
vt 0.906475 0.554502
vt 0.854164 0.597175
vt 0.904431 0.550433
vt 0.935022 0.544292
vt 0.936317 0.547069
vt 0.868929 0.562678
vt 0.933052 0.538658
vt 0.933934 0.541483
vt 0.939280 0.536898
vt 0.940031 0.539202
vt 0.940972 0.541435
vt 0.261615 0.727749
vt 0.257078 0.728965
vt 0.257078 0.726534
vt 0.258294 0.731071
vt 0.262831 0.732287
vt 0.260399 0.732287
vt 0.264937 0.731071
vt 0.266153 0.728965
vt 0.266153 0.726534
vt 0.264937 0.724428
vt 0.262831 0.723212
vt 0.260399 0.723212
vt 0.258294 0.724428
vt 0.931928 0.532872
vt 0.938752 0.534499
vt 0.932370 0.535780
vt 0.900310 0.536521
vt 0.901277 0.541382
vt 0.902683 0.546053
vt 0.864888 0.553853
vt 0.862245 0.543885
vt 0.860668 0.533295
vt 0.931648 0.529950
vt 0.899866 0.526572
vt 0.899864 0.531555
vt 0.861614 0.522732
vt 0.824972 0.533623
vt 0.826476 0.515399
vt 0.826882 0.551705
vt 0.783581 0.533560
vt 0.784521 0.507394
vt 0.784509 0.559307
vt 0.830895 0.497792
vt 0.791988 0.479918
vt 0.863532 0.512912
vt 0.806831 0.455181
vt 0.839925 0.485574
vt 0.827640 0.435613
vt 0.853632 0.475883
vt 0.866396 0.504144
vt 0.866261 0.465028
vt 0.856270 0.422326
vt 0.876384 0.490631
vt 0.879887 0.461256
vt 0.890800 0.422388
vt 0.881888 0.486571
vt 0.861656 0.649458
vt 0.900002 0.649458
vt 0.496685 0.421100
vt 0.523591 0.392025
vt 0.524657 0.392819
vt 0.496685 0.000613
vt 0.523591 0.029688
vt 0.495737 0.001528
vt 0.074453 0.905006
vt 0.054622 0.978893
vt 0.020259 0.959327
vt 0.000613 0.925011
vt 0.094211 0.978800
vt 0.000613 0.885422
vt 0.020209 0.851217
vt 0.054249 0.831335
vt 0.093827 0.831038
vt 0.128925 0.850406
vt 0.148375 0.885458
vt 0.148172 0.925037
vt 0.128370 0.959123
vt 0.548112 0.360860
vt 0.549267 0.361511
vt 0.565467 0.325392
vt 0.566688 0.325888
vt 0.806141 0.611956
vt 0.829524 0.634363
vt 0.840992 0.584713
vt 0.791343 0.586111
vt 0.831731 0.569223
vt 0.579238 0.288272
vt 0.588968 0.249848
vt 0.590251 0.250015
vt 0.577963 0.287936
vt 0.598560 0.210856
vt 0.599878 0.210856
vt 0.590251 0.171698
vt 0.588969 0.171865
vt 0.579238 0.133441
vt 0.577964 0.133777
vt 0.565467 0.096321
vt 0.566688 0.095825
vt 0.549267 0.060202
vt 0.548112 0.060853
vt 0.524657 0.028894
vt 0.905954 0.504229
vt 0.904191 0.508116
vt 0.871094 0.496523
vt 0.902609 0.512386
vt 0.933534 0.515334
vt 0.932722 0.518238
vt 0.940619 0.515302
vt 0.939708 0.517531
vt 0.939034 0.519869
vt 0.932153 0.521151
vt 0.938524 0.522245
vt 0.901301 0.516920
vt 0.931751 0.524065
vt 0.900370 0.521657
vt 0.938244 0.524685
vt 0.931604 0.527009
vt 0.938086 0.527140
vt 0.938161 0.529610
vt 0.942120 0.543571
vt 0.938342 0.532074
vt 0.820256 0.350589
vt 0.838558 0.390695
vt 0.808399 0.388468
vt 0.534536 0.940330
vt 0.540538 0.962730
vt 0.524140 0.979129
vt 0.782262 0.373114
vt 0.763604 0.392711
vt 0.800156 0.414275
vt 0.842611 0.417543
vt 0.803390 0.334214
vt 0.765299 0.347490
vt 0.739989 0.357574
vt 0.766455 0.252495
vt 0.765182 0.298817
vt 0.739989 0.286830
vt 0.810273 0.304712
vt 0.784144 0.273904
vt 0.811614 0.259944
vt 0.805321 0.233048
vt 0.821235 0.299175
vt 0.848652 0.232891
vt 0.833515 0.299106
vt 0.842344 0.259685
vt 0.869889 0.273117
vt 0.887400 0.251965
vt 0.913592 0.286175
vt 0.888595 0.297311
vt 0.844579 0.304363
vt 0.921809 0.328307
vt 0.854522 0.325994
vt 0.894570 0.327218
vt 0.886719 0.356617
vt 0.910572 0.369507
vt 0.882264 0.401486
vt 0.843519 0.346875
vt 0.866510 0.379191
vt 0.832312 0.351388
vt 0.483709 0.147171
vt 0.469063 0.107402
vt 0.470371 0.106874
vt 0.490400 0.189020
vt 0.482344 0.147528
vt 0.495737 0.833096
vt 0.553475 0.775358
vt 0.653480 0.875363
vt 0.494511 0.231201
vt 0.491799 0.188840
vt 0.491799 0.273561
vt 0.493100 0.231201
vt 0.483709 0.315230
vt 0.490400 0.273382
vt 0.470371 0.355528
vt 0.482344 0.314874
vt 0.450775 0.393106
vt 0.469063 0.355000
vt 0.428909 0.429410
vt 0.452005 0.393796
vt 0.401461 0.461789
vt 0.427777 0.428568
vt 0.428909 0.032992
vt 0.400446 0.001592
vt 0.401461 0.000613
vt 0.450775 0.069296
vt 0.427777 0.033833
vt 0.452005 0.068606
vt 0.284180 0.768064
vt 0.359046 0.754276
vt 0.306568 0.801659
vt 0.348438 0.736102
vt 0.397168 0.719331
vt 0.340486 0.715805
vt 0.394780 0.712067
vt 0.271946 0.733498
vt 0.393139 0.701999
vt 0.452469 0.698133
vt 0.453438 0.701840
vt 0.336102 0.695034
vt 0.392044 0.691461
vt 0.451959 0.694352
vt 0.451844 0.690612
vt 0.460001 0.693498
vt 0.460403 0.696457
vt 0.486550 0.796003
vt 0.485158 0.790811
vt 0.487941 0.790811
vt 0.482749 0.792203
vt 0.481358 0.797395
vt 0.481358 0.794612
vt 0.482749 0.799804
vt 0.485158 0.801195
vt 0.487941 0.801195
vt 0.490350 0.799804
vt 0.491742 0.797395
vt 0.491742 0.794612
vt 0.490350 0.792203
vt 0.452359 0.683343
vt 0.459947 0.687458
vt 0.451984 0.686951
vt 0.459828 0.690490
vt 0.393786 0.676009
vt 0.392393 0.682967
vt 0.337457 0.675541
vt 0.342472 0.657280
vt 0.395895 0.669253
vt 0.452933 0.679751
vt 0.453738 0.676160
vt 0.351011 0.641156
vt 0.399122 0.662486
vt 0.362822 0.627389
vt 0.294772 0.600934
vt 0.321249 0.571226
vt 0.277351 0.633452
vt 0.332231 0.083011
vt 0.359502 0.126084
vt 0.330784 0.083841
vt 0.361092 0.125429
vt 0.378156 0.173782
vt 0.379725 0.173364
vt 0.392636 0.223101
vt 0.269506 0.667435
vt 0.394308 0.222885
vt 0.397528 0.274060
vt 0.268313 0.699985
vt 0.387198 0.324811
vt 0.399219 0.274062
vt 0.372280 0.374267
vt 0.385500 0.324590
vt 0.768672 0.849093
vt 0.739835 0.752666
vt 0.791671 0.752940
vt 0.836185 0.778517
vt 0.862054 0.822728
vt 0.862009 0.873978
vt 0.836442 0.918400
vt 0.790773 0.944313
vt 0.738340 0.944964
vt 0.694936 0.918768
vt 0.670333 0.874125
vt 0.670333 0.823016
vt 0.695734 0.778454
vt 0.298587 0.044671
vt 0.297225 0.045701
vt 0.268313 0.001830
vt 0.269550 0.000613
vt 0.397584 0.551390
vt 0.378314 0.616182
vt 0.355453 0.552188
vt 0.396295 0.611032
vt 0.403421 0.655795
vt 0.456089 0.668967
vt 0.454786 0.672563
vt 0.463741 0.672740
vt 0.462522 0.675543
vt 0.461558 0.678444
vt 0.460818 0.681414
vt 0.456671 0.708637
vt 0.465079 0.706913
vt 0.458750 0.711751
vt 0.414125 0.735664
vt 0.462154 0.701989
vt 0.463476 0.704545
vt 0.407469 0.730969
vt 0.454873 0.705362
vt 0.390837 0.774989
vt 0.410648 0.777098
vt 0.372971 0.768148
vt 0.339529 0.827235
vt 0.383225 0.842874
vt 0.436381 0.842874
vt 0.333730 0.469895
vt 0.307857 0.514252
vt 0.332223 0.469047
vt 0.269556 0.550164
vt 0.309250 0.515286
vt 0.352402 0.421822
vt 0.350818 0.421183
vt 0.370612 0.373830
vt 0.401389 0.725336
vt 0.461125 0.699293
vt 0.460282 0.684425
vt 0.262027 0.703681
vt 0.262411 0.706522
vt 0.260614 0.704974
vt 0.263704 0.702756
vt 0.263410 0.705608
vt 0.670397 0.415998
vt 0.671742 0.417850
vt 0.669566 0.417142
vt 0.671742 0.415561
vt 0.262027 0.716839
vt 0.264596 0.715566
vt 0.263704 0.717763
vt 0.673087 0.415998
vt 0.262411 0.713997
vt 0.260614 0.715546
vt 0.673919 0.417142
vt 0.261654 0.712874
vt 0.259544 0.713957
vt 0.673919 0.418557
vt 0.258877 0.712162
vt 0.673087 0.419701
vt 0.671742 0.420138
vt 0.261023 0.710260
vt 0.258651 0.710260
vt 0.258877 0.708358
vt 0.670397 0.419701
vt 0.261654 0.707645
vt 0.259544 0.706562
vt 0.669566 0.418557
vt 0.473700 0.629714
vt 0.469579 0.645069
vt 0.469579 0.629714
vt 0.469579 0.621639
vt 0.469579 0.592594
vt 0.473700 0.621639
vt 0.957421 0.111174
vt 0.942066 0.119248
vt 0.942066 0.111174
vt 0.942066 0.082128
vt 0.957421 0.082128
vt 0.965324 0.119248
vt 0.957421 0.119248
vt 0.262771 0.583224
vt 0.258651 0.612270
vt 0.258651 0.583224
vt 0.262771 0.575321
vt 0.266725 0.681437
vt 0.260944 0.678840
vt 0.264432 0.678840
vt 0.258651 0.640367
vt 0.260424 0.638152
vt 0.262756 0.640714
vt 0.260305 0.663348
vt 0.265071 0.663348
vt 0.258651 0.638002
vt 0.261728 0.622702
vt 0.259838 0.621399
vt 0.261387 0.621530
vt 0.468288 0.553091
vt 0.466733 0.550044
vt 0.468288 0.550044
vt 0.264211 0.662481
vt 0.261728 0.659953
vt 0.259838 0.661255
vt 0.259305 0.660158
vt 0.258651 0.644652
vt 0.258651 0.642288
vt 0.260424 0.644502
vt 0.473700 0.652972
vt 0.469579 0.652972
vt 0.262771 0.612270
vt 0.258651 0.620173
vt 0.475175 0.595934
vt 0.476680 0.598069
vt 0.474926 0.598364
vt 0.479238 0.613152
vt 0.476988 0.613531
vt 0.263997 0.583185
vt 0.267079 0.577556
vt 0.267079 0.580950
vt 0.475406 0.632213
vt 0.479280 0.616922
vt 0.478800 0.632213
vt 0.259803 0.699175
vt 0.262967 0.683876
vt 0.262948 0.699175
vt 0.258651 0.701530
vt 0.265939 0.701530
vt 0.260011 0.682663
vt 0.262274 0.682663
vt 0.481448 0.595250
vt 0.482727 0.597692
vt 0.480464 0.597692
vt 0.478755 0.614464
vt 0.477494 0.614676
vt 0.475882 0.615902
vt 0.478324 0.615902
vt 0.466411 0.569376
vt 0.473700 0.561473
vt 0.473700 0.569376
vt 0.466411 0.584730
vt 0.473700 0.584730
vt 0.957421 0.074265
vt 0.942066 0.074265
vt 0.965324 0.074265
vt 0.965324 0.082128
vt 0.469786 0.463015
vt 0.473700 0.487323
vt 0.469786 0.487323
vt 0.473700 0.535938
vt 0.469786 0.560246
vt 0.469786 0.535938
vt 0.473700 0.511631
vt 0.469786 0.511631
vt 0.947393 0.726860
vt 0.923085 0.751168
vt 0.923085 0.726860
vt 0.736177 0.371652
vt 0.736472 0.374504
vt 0.734794 0.373579
vt 0.735178 0.370738
vt 0.733382 0.372286
vt 0.679498 0.417142
vt 0.677322 0.417850
vt 0.678667 0.415998
vt 0.679498 0.418557
vt 0.732312 0.370698
vt 0.678667 0.419701
vt 0.733950 0.368345
vt 0.731645 0.368902
vt 0.677322 0.420138
vt 0.733790 0.367000
vt 0.731418 0.367000
vt 0.675976 0.419701
vt 0.731645 0.365099
vt 0.675145 0.418557
vt 0.675145 0.417142
vt 0.734422 0.364386
vt 0.732312 0.363303
vt 0.735178 0.363263
vt 0.733381 0.361714
vt 0.675976 0.415998
vt 0.736177 0.362348
vt 0.734794 0.360422
vt 0.677322 0.415561
vt 0.736472 0.359497
vt 0.034875 0.193394
vt 0.000613 0.105131
vt 0.383588 0.918198
vt 0.715031 0.358270
vt 0.265026 0.928253
vt 0.743181 0.750897
vt 0.670333 0.708521
vt 0.484935 0.533231
vt 0.494511 0.632295
vt 0.943347 0.495613
vt 0.234889 0.092730
vt 0.245477 0.128470
vt 0.989158 0.243120
vt 0.999387 0.260837
vt 0.999387 0.281296
vt 0.989158 0.299013
vt 0.971440 0.309243
vt 0.950982 0.309243
vt 0.933264 0.299013
vt 0.923035 0.260837
vt 0.950982 0.232891
vt 0.739989 0.070000
vt 0.743317 0.154742
vt 0.560442 0.963789
vt 0.552548 0.963789
vt 0.545712 0.959842
vt 0.541764 0.945111
vt 0.545712 0.938275
vt 0.552548 0.934328
vt 0.560442 0.934328
vt 0.567279 0.938275
vt 0.571226 0.953005
vt 0.893457 0.899347
vt 0.945724 0.929523
vt 0.915547 0.899347
vt 0.934679 0.910392
vt 0.945724 0.951614
vt 0.915547 0.981791
vt 0.874325 0.970745
vt 0.863280 0.951614
vt 0.863280 0.929523
vt 0.941713 0.418958
vt 0.933819 0.418958
vt 0.923035 0.408174
vt 0.926982 0.393443
vt 0.933819 0.389496
vt 0.941713 0.389496
vt 0.952496 0.400280
vt 0.952496 0.408174
vt 0.948549 0.415011
vt 0.153031 0.745925
vt 0.146907 0.671650
vt 0.902503 0.859673
vt 0.936977 0.211539
vt 0.902423 0.720365
vt 0.236886 0.886436
vt 0.883254 0.898120
vt 0.257424 0.703512
vt 0.922693 0.133506
vt 0.959062 0.834215
vt 0.908129 0.004650
vt 0.920653 0.650684
vt 0.467807 0.739318
vt 0.477312 0.463015
vt 0.417684 0.548818
vt 0.154257 0.607564
vt 0.189554 0.865674
vt 0.495737 0.671488
vt 0.495737 0.525572
vt 0.623401 0.420412
vt 0.609265 0.412251
vt 0.601104 0.398115
vt 0.601104 0.381793
vt 0.609265 0.367658
vt 0.623401 0.359497
vt 0.639723 0.359497
vt 0.662019 0.381793
vt 0.653858 0.412251
vt 0.532397 0.558290
vt 0.545586 0.603430
vt 0.531784 0.645745
vt 0.590733 0.934327
vt 0.583208 0.961626
vt 0.952470 0.933882
vt 0.961099 0.935205
vt 0.572452 0.934327
vt 0.477817 0.963432
vt 0.255851 0.725068
vt 0.244229 0.707007
vt 0.963652 0.900443
vt 0.479043 0.950493
vt 0.964096 0.932294
vt 0.479080 0.926946
vt 0.466411 0.840241
vt 0.239371 0.731851
vt 0.255570 0.730298
vt 0.466411 0.823594
vt 0.654706 0.857377
vt 0.666282 0.878308
vt 0.662147 0.876907
vt 0.962965 0.134939
vt 0.954028 0.176844
vt 0.718351 0.404729
vt 0.729532 0.410930
vt 0.945632 0.134786
vt 0.665253 0.778825
vt 0.654706 0.775358
vt 0.491435 0.741509
vt 0.643955 0.956284
vt 0.640573 0.955201
vt 0.913768 0.878836
vt 0.918529 0.883597
vt 0.918529 0.890331
vt 0.907034 0.895092
vt 0.902273 0.883597
vt 0.944484 0.565556
vt 0.966254 0.575083
vt 0.976032 0.597678
vt 0.967468 0.619917
vt 0.944921 0.631772
vt 0.494511 0.646930
vt 0.488957 0.652485
vt 0.481102 0.652485
vt 0.475547 0.639076
vt 0.488957 0.633521
vt 0.944535 0.383700
vt 0.923035 0.347797
vt 0.933814 0.322466
vt 0.959157 0.310469
vt 0.684608 0.946190
vt 0.690521 0.952103
vt 0.690521 0.960465
vt 0.676246 0.966378
vt 0.670333 0.960465
vt 0.866163 0.650684
vt 0.834205 0.723483
vt 0.456132 0.908136
vt 0.454669 0.848442
vt 0.457961 0.871389
vt 0.679963 0.361596
vt 0.705903 0.385435
vt 0.963689 0.434562
vt 0.969730 0.489781
vt 0.963424 0.013965
vt 0.966022 0.056982
vt 0.468421 0.698864
vt 0.466411 0.734793
vt 0.466411 0.657573
vt 0.896255 0.724840
vt 0.266545 0.591127
vt 0.263997 0.595098
vt 0.408472 0.952507
vt 0.263997 0.584411
vt 0.923085 0.651036
vt 0.938958 0.725435
vt 0.668340 0.415561
vt 0.811963 0.740508
vt 0.684855 0.420012
vt 0.495737 0.420185
vt 0.934530 0.512451
vt 0.512135 0.979129
vt 0.501739 0.973127
vt 0.495737 0.962730
vt 0.495737 0.950726
vt 0.501739 0.940330
vt 0.512135 0.934328
vt 0.524140 0.934328
vt 0.540538 0.950726
vt 0.534536 0.973127
vt 0.809902 0.344405
vt 0.802984 0.314615
vt 0.852025 0.314056
vt 0.851458 0.337758
vt 0.595742 0.775358
vt 0.632346 0.796492
vt 0.653480 0.833096
vt 0.632346 0.911968
vt 0.595742 0.933101
vt 0.553475 0.933101
vt 0.516870 0.911968
vt 0.495737 0.875363
vt 0.516870 0.796492
vt 0.400446 0.460809
vt 0.408865 0.649483
vt 0.268313 0.548953
vt 0.264596 0.704954
vt 0.263410 0.714912
vt 0.261183 0.711604
vt 0.261183 0.708915
vt 0.473700 0.645069
vt 0.473700 0.592594
vt 0.965324 0.111174
vt 0.258651 0.575321
vt 0.258651 0.681437
vt 0.259305 0.622497
vt 0.466733 0.553091
vt 0.261164 0.662481
vt 0.261387 0.661124
vt 0.262756 0.641940
vt 0.262771 0.620173
vt 0.479238 0.595250
vt 0.263997 0.575321
vt 0.474926 0.616922
vt 0.258932 0.683876
vt 0.482727 0.595250
vt 0.466411 0.561473
vt 0.473700 0.463015
vt 0.473700 0.560246
vt 0.947393 0.751168
vt 0.737363 0.372306
vt 0.734422 0.369615
vt 0.733950 0.365656
vt 0.737363 0.361694
s 1
usemtl Casa.001
f 28/1/1 4/2/2 1/3/1
f 29/4/3 9/5/4 6/6/3
f 30/7/4 11/8/5 9/5/4
f 31/9/6 13/10/7 11/11/5
f 32/12/7 15/13/8 13/10/7
f 33/14/8 17/15/9 15/13/8
f 34/16/10 19/17/11 17/15/9
f 35/18/11 21/19/12 19/17/11
f 36/20/12 23/21/13 21/19/12
f 5/22/14 39/23/15 40/24/16
f 37/25/17 25/26/18 23/21/13
f 38/27/18 1/3/1 25/26/18
f 3/28/19 27/29/19 28/30/19
f 8/31/19 27/29/19 5/32/19
f 10/33/19 29/34/19 8/31/19
f 10/33/19 31/35/19 30/36/19
f 14/37/19 31/38/19 12/39/19
f 16/40/19 32/41/19 14/37/19
f 16/40/19 34/42/19 33/43/19
f 20/44/19 34/42/19 18/45/19
f 22/46/19 35/47/19 20/44/19
f 22/46/19 37/48/19 36/49/19
f 26/50/19 37/48/19 24/51/19
f 3/28/19 38/52/19 26/50/19
f 87/53/20 56/54/21 57/55/22
f 18/56/23 47/57/24 20/58/25
f 14/59/26 43/60/27 44/61/28
f 26/62/29 39/23/15 3/63/15
f 8/64/30 40/24/16 41/65/31
f 20/58/25 48/66/32 22/67/33
f 16/68/34 44/61/28 45/69/34
f 10/70/35 41/65/31 42/71/36
f 22/67/33 49/72/37 24/73/38
f 16/68/34 46/74/39 18/56/23
f 12/75/40 42/71/36 43/76/27
f 24/73/38 50/77/41 26/62/29
f 43/78/42 86/79/42 44/80/42
f 77/81/43 53/82/44 79/83/45
f 79/83/45 54/84/46 81/85/47
f 95/86/48 60/87/49 61/88/50
f 89/89/51 57/55/22 58/90/52
f 83/91/53 54/84/46 55/92/54
f 95/86/48 62/93/55 97/94/56
f 91/95/57 58/90/52 59/96/58
f 85/97/59 55/98/54 56/54/21
f 97/94/56 51/99/60 76/100/61
f 91/95/57 60/87/49 93/101/62
f 58/90/52 71/102/63 59/96/58
f 39/103/42 98/104/42 75/105/42
f 41/106/42 78/107/42 80/108/42
f 48/109/42 92/110/42 94/111/42
f 45/112/42 86/79/42 88/113/42
f 42/114/42 80/108/42 82/115/42
f 48/109/42 96/116/42 49/117/42
f 45/112/42 90/118/42 46/119/42
f 42/114/42 84/120/42 43/121/42
f 50/122/42 96/116/42 98/104/42
f 39/103/42 78/107/42 40/123/42
f 46/119/42 92/110/42 47/124/42
f 55/98/54 68/125/64 56/54/21
f 51/99/60 74/126/65 63/127/66
f 53/82/44 64/128/67 65/129/68
f 59/96/58 72/130/69 60/87/49
f 56/54/21 69/131/70 57/55/22
f 54/84/46 65/129/68 66/132/71
f 61/88/50 72/130/69 73/133/72
f 57/55/22 70/134/73 58/90/52
f 54/84/46 67/135/74 55/92/54
f 62/93/55 73/133/72 74/126/65
f 52/136/75 63/127/66 64/128/67
f 78/137/76 76/100/77 77/81/76
f 78/137/76 79/83/78 80/138/78
f 80/138/78 81/85/79 82/139/79
f 82/139/79 83/91/80 84/140/80
f 84/141/80 85/97/81 86/142/81
f 86/142/81 87/53/82 88/143/82
f 88/143/82 89/89/83 90/144/83
f 90/144/83 91/95/84 92/145/84
f 92/145/84 93/101/85 94/146/85
f 96/147/86 93/101/85 95/86/86
f 98/148/87 95/86/86 97/94/87
f 98/148/87 76/100/77 75/149/77
f 76/100/61 52/136/75 77/81/43
f 100/150/88 104/151/88 99/152/88
f 102/153/89 103/154/89 7/155/89
f 7/155/90 100/150/90 102/153/90
f 7/156/91 104/157/91 2/158/91
f 29/4/3 102/159/92 100/160/92
f 105/161/93 111/162/94 106/163/95
f 129/164/96 135/165/96 107/166/96
f 110/167/97 105/161/93 107/168/98
f 108/169/99 112/170/100 111/162/94
f 141/171/101 108/169/99 110/167/97
f 106/163/95 113/172/102 114/173/103
f 111/162/94 115/174/104 113/172/102
f 114/173/103 116/175/105 117/176/106
f 113/172/102 118/177/107 116/175/105
f 117/176/106 119/178/108 120/179/109
f 116/175/105 121/180/110 119/178/108
f 120/179/109 122/181/111 123/182/112
f 119/178/108 124/183/113 122/181/111
f 123/182/112 125/184/114 126/185/115
f 122/181/111 127/186/116 125/184/114
f 125/184/114 129/187/117 126/185/115
f 127/186/116 128/188/118 125/184/114
f 128/188/118 132/189/119 129/187/117
f 130/190/120 131/191/121 128/188/118
f 131/191/121 135/192/122 132/189/119
f 133/193/123 134/194/124 131/191/121
f 134/194/124 138/195/125 135/192/122
f 136/196/126 137/197/127 134/194/124
f 137/197/127 107/198/98 138/195/125
f 139/199/128 110/200/97 137/197/127
f 140/201/129 141/202/101 139/199/128
f 152/203/130 139/199/128 136/196/126
f 142/204/131 109/205/132 141/171/101
f 147/206/133 145/207/133 140/208/133
f 109/205/132 144/209/134 112/170/100
f 112/170/100 145/210/135 115/174/104
f 115/174/104 146/211/136 118/177/107
f 118/177/107 147/212/137 121/180/110
f 121/180/110 148/213/138 124/183/113
f 124/183/113 149/214/139 127/186/116
f 149/214/139 130/190/120 127/186/116
f 150/215/140 133/193/123 130/190/120
f 151/216/141 136/196/126 133/193/123
f 153/217/142 159/218/143 154/219/144
f 171/220/145 177/221/145 155/222/145
f 158/223/146 153/217/142 155/224/147
f 156/225/148 160/226/149 159/218/143
f 189/227/150 156/225/148 158/223/146
f 154/219/144 161/228/151 162/229/152
f 159/218/143 163/230/153 161/228/151
f 162/229/152 164/231/154 165/232/155
f 161/228/151 166/233/156 164/231/154
f 165/232/155 167/234/157 168/235/158
f 164/231/154 169/236/159 167/234/157
f 168/237/158 170/238/160 171/239/161
f 167/240/157 172/241/162 170/238/160
f 171/239/161 173/242/163 174/243/164
f 170/238/160 175/244/165 173/242/163
f 173/242/163 177/245/166 174/243/164
f 175/244/165 176/246/167 173/242/163
f 176/246/167 180/247/168 177/245/166
f 178/248/169 179/249/170 176/246/167
f 179/249/170 183/250/171 180/247/168
f 181/251/172 182/252/173 179/249/170
f 182/252/173 186/253/174 183/250/171
f 184/254/175 185/255/176 182/252/173
f 185/255/176 155/224/147 186/253/174
f 187/256/177 158/223/146 185/255/176
f 187/256/177 190/257/178 189/227/150
f 184/254/175 188/258/179 187/256/177
f 189/227/150 191/259/180 157/260/181
f 191/261/182 188/262/182 197/263/182
f 191/259/180 160/226/149 157/260/181
f 192/264/183 163/230/153 160/226/149
f 193/265/184 166/233/156 163/230/153
f 194/266/185 169/236/159 166/233/156
f 195/267/186 172/241/162 169/268/159
f 196/269/187 175/244/165 172/241/162
f 175/244/165 198/270/188 178/248/169
f 178/248/169 199/271/189 181/251/172
f 181/251/172 200/272/190 184/254/175
f 204/273/191 201/274/192 202/275/193
f 207/276/194 203/277/195 204/273/191
f 208/278/196 205/279/197 207/276/194
f 204/280/198 209/281/199 207/282/200
f 208/283/201 209/281/199 211/284/202
f 212/285/203 210/286/204 213/287/205
f 214/288/206 209/289/207 212/285/203
f 215/290/208 213/287/205 216/291/209
f 217/292/210 212/285/203 215/290/208
f 216/293/211 218/294/212 215/295/213
f 217/296/214 218/294/212 220/297/215
f 221/298/216 219/299/217 223/300/218
f 224/301/219 218/302/220 221/298/216
f 222/303/221 225/304/222 221/298/216
f 222/303/221 223/300/218 270/305/223
f 225/304/222 224/301/219 221/298/216
f 226/306/224 224/301/225 225/304/226
f 229/307/227 225/304/226 222/303/228
f 236/308/229 226/309/224 227/310/230
f 231/311/231 226/309/224 229/312/227
f 230/313/232 222/303/228 270/305/233
f 232/314/234 229/312/227 230/315/232
f 235/316/235 231/311/236 232/314/237
f 231/311/236 233/317/238 227/310/239
f 234/318/240 236/308/241 233/317/238
f 266/319/242 233/317/238 235/316/243
f 233/317/238 236/308/241 227/310/239
f 236/308/229 238/320/244 228/321/245
f 238/322/246 239/323/247 240/324/248
f 239/323/249 234/325/250 242/326/251
f 240/327/252 241/328/253 258/329/254
f 239/330/255 244/331/256 241/328/257
f 234/325/250 243/332/258 242/326/251
f 242/333/259 245/334/260 244/331/256
f 247/335/261 244/331/256 245/334/260
f 246/336/262 241/328/257 244/331/256
f 250/337/263 246/338/264 247/339/265
f 251/340/266 246/338/264 249/341/267
f 253/342/268 249/343/269 250/344/270
f 252/345/271 251/346/272 249/343/269
f 254/347/273 256/348/274 251/346/275
f 256/349/276 206/350/277 208/278/196
f 251/340/278 257/351/279 248/352/280
f 256/353/281 211/284/282 257/354/279
f 257/355/283 214/288/284 258/356/254
f 248/357/285 258/329/254 241/328/253
f 217/292/286 258/356/254 214/288/284
f 259/358/287 250/344/270 260/359/288
f 260/360/289 247/339/265 261/361/290
f 261/362/291 245/334/260 262/363/292
f 243/364/293 262/363/292 245/334/260
f 266/365/294 263/366/295 243/332/258
f 264/367/296 235/316/243 265/368/297
f 265/368/298 232/314/237 267/369/299
f 267/369/300 230/315/232 268/370/301
f 268/371/301 270/305/233 269/372/302
f 270/305/223 271/373/303 269/372/304
f 223/300/218 272/374/305 271/373/303
f 273/375/306 219/376/307 216/293/211
f 216/291/209 274/377/308 273/378/309
f 213/287/205 275/379/310 274/377/308
f 202/380/311 210/381/312 204/280/198
f 217/296/313 238/382/246 240/383/248
f 228/384/245 220/385/314 224/301/225
f 277/386/315 278/387/316 280/388/317
f 282/389/318 278/387/316 279/390/319
f 283/391/320 280/388/317 282/389/318
f 277/386/315 281/392/321 323/393/322
f 279/390/319 284/394/323 282/389/318
f 282/389/318 286/395/324 283/391/320
f 287/396/325 285/397/326 328/398/327
f 284/394/323 290/399/328 286/395/324
f 287/396/325 288/400/329 284/394/323
f 293/401/330 288/400/331 291/402/332
f 289/403/333 290/399/334 288/400/331
f 291/402/335 288/400/329 287/396/325
f 291/402/335 328/398/327 292/404/336
f 294/405/337 291/402/332 292/404/338
f 296/406/339 293/407/330 294/408/337
f 295/409/340 289/410/333 293/407/330
f 327/411/341 295/409/342 296/406/343
f 298/412/344 295/409/342 297/413/345
f 299/414/346 289/410/333 298/412/347
f 303/415/348 298/412/344 300/416/349
f 300/416/349 298/412/344 297/413/345
f 326/417/350 300/416/349 301/418/351
f 301/418/352 297/413/345 327/411/353
f 302/419/354 303/415/348 300/416/349
f 303/415/348 304/420/355 299/414/356
f 304/420/355 305/421/357 306/422/358
f 308/423/359 305/421/357 302/419/354
f 307/424/360 306/422/358 305/421/357
f 311/425/361 307/424/360 308/423/359
f 309/426/362 310/427/363 312/428/364
f 314/429/365 312/430/365 313/431/365
f 314/432/366 309/426/367 312/428/368
f 315/433/369 314/429/369 313/431/369
f 315/434/370 316/435/371 314/436/372
f 317/437/373 318/438/374 319/439/375
f 309/426/376 317/440/373 306/422/377
f 319/439/378 281/392/321 283/391/320
f 323/393/322 318/438/379 315/434/380
f 319/439/375 321/441/381 317/437/373
f 283/391/320 320/442/382 319/439/378
f 286/395/324 290/399/328 320/442/382
f 322/443/383 320/442/384 290/399/334
f 321/444/381 306/422/377 317/440/373
f 299/414/346 321/444/385 322/445/383
f 324/446/386 308/423/359 325/447/387
f 325/447/387 302/419/354 326/417/350
f 330/448/388 333/449/389 329/450/390
f 329/450/391 387/451/392 330/448/392
f 331/452/393 333/449/389 334/453/394
f 374/454/395 329/450/391 331/452/395
f 334/453/394 333/449/389 337/455/396
f 333/449/389 336/456/397 335/457/398
f 336/456/397 339/458/399 338/459/400
f 341/460/401 336/456/397 330/448/388
f 339/458/399 340/461/402 342/462/403
f 341/460/401 340/461/402 339/458/399
f 330/448/392 343/463/404 341/460/404
f 343/463/404 344/464/405 341/460/404
f 344/464/405 347/465/406 346/466/406
f 346/466/407 340/461/402 344/464/408
f 346/466/406 382/467/409 348/468/409
f 348/468/410 349/469/411 346/466/407
f 340/461/402 349/469/411 350/470/412
f 349/469/411 351/471/413 352/472/414
f 351/471/413 353/473/415 354/474/416
f 348/468/410 353/473/415 351/471/413
f 353/473/415 355/475/417 357/476/418
f 359/477/419 353/473/415 356/478/420
f 382/467/409 356/478/421 348/468/409
f 356/478/421 360/479/422 359/477/422
f 360/479/422 361/480/423 359/477/422
f 359/477/419 364/481/424 355/475/417
f 362/482/423 363/483/425 361/480/423
f 363/483/426 364/481/424 361/480/427
f 355/475/417 364/481/424 365/484/428
f 364/481/424 366/485/429 367/486/430
f 366/487/429 368/488/431 369/489/432
f 370/490/433 366/487/429 363/491/426
f 368/488/431 334/453/394 371/492/434
f 370/490/433 334/453/394 368/488/431
f 363/491/425 372/493/435 370/490/435
f 372/493/435 331/452/395 370/490/435
f 373/494/436 374/454/437 372/493/436
f 375/495/438 373/494/436 372/493/436
f 377/496/439 375/497/438 362/482/439
f 379/498/19 381/499/19 384/500/19
f 378/501/440 362/482/439 360/479/440
f 358/502/441 378/501/440 360/479/440
f 380/503/442 358/502/441 382/467/442
f 381/504/443 382/467/442 347/465/443
f 345/505/444 381/504/443 347/465/443
f 384/506/445 345/505/444 343/463/445
f 385/507/446 343/463/445 387/451/446
f 332/508/447 385/507/446 387/451/446
f 388/509/437 332/508/447 374/454/437
f 392/510/448 413/511/449 390/512/450
f 390/513/451 391/514/452 389/515/453
f 394/516/454 389/517/455 391/518/456
f 395/519/457 392/520/458 394/516/459
f 395/519/460 396/521/461 397/522/462
f 396/521/463 391/518/456 398/523/464
f 398/523/465 397/522/462 396/521/461
f 398/524/466 401/525/467 399/526/468
f 402/527/469 399/528/470 400/529/471
f 403/530/472 400/531/473 401/525/467
f 403/532/474 402/533/469 400/534/471
f 403/532/475 406/535/476 404/536/477
f 407/537/478 406/535/476 405/538/479
f 408/539/480 401/525/467 390/513/451
f 408/540/481 409/541/482 407/537/483
f 410/542/484 411/543/485 412/544/486
f 404/536/487 409/541/488 410/542/489
f 413/511/449 412/545/490 411/546/491
f 410/542/492 413/547/493 414/548/494
f 414/549/494 393/550/495 395/519/496
f 402/527/469 395/519/497 397/522/498
f 404/536/487 414/548/499 402/533/469
f 433/551/500 415/552/500 440/553/500
f 416/554/501 418/555/502 419/556/503
f 418/557/504 417/558/505 420/559/506
f 418/555/502 421/560/507 419/556/503
f 423/561/508 420/562/509 422/563/510
f 422/563/511 425/564/512 423/561/513
f 417/558/505 424/565/514 422/566/515
f 424/567/516 427/568/517 425/569/518
f 428/570/519 427/571/520 417/572/521
f 429/573/522 427/568/517 428/574/522
f 428/574/523 431/575/524 429/573/525
f 434/576/526 430/577/527 432/578/528
f 436/579/529 434/576/526 432/578/528
f 435/580/530 436/581/531 437/582/532
f 435/580/533 431/583/534 434/584/535
f 438/585/536 437/582/532 436/581/531
f 439/586/537 433/587/538 440/588/539
f 437/582/540 419/556/541 421/560/540
f 419/556/541 440/588/542 416/554/542
f 435/580/543 421/560/540 423/561/543
f 435/580/544 425/564/545 429/589/546
f 444/590/547 454/591/548 442/592/549
f 442/593/550 443/594/551 441/595/552
f 446/596/553 441/597/554 443/598/555
f 445/599/556 447/600/557 449/601/558
f 446/596/553 447/602/557 444/603/559
f 450/604/560 447/600/557 448/605/561
f 448/606/562 447/602/562 446/596/562
f 452/607/563 449/601/564 450/604/565
f 451/608/566 445/599/567 449/601/568
f 461/609/569 451/610/570 452/611/563
f 453/612/571 454/613/572 451/610/566
f 454/591/548 455/614/573 456/615/574
f 453/612/575 456/616/576 455/617/577
f 456/618/578 458/619/579 459/620/580
f 458/621/581 460/622/581 459/623/581
f 458/621/582 461/609/569 460/622/583
f 466/624/584 460/625/585 462/626/586
f 463/627/587 460/622/583 461/609/569
f 465/628/588 462/629/586 463/627/587
f 465/630/589 468/631/590 467/632/591
f 457/633/592 467/632/591 442/593/550
f 471/634/593 467/632/591 470/635/594
f 465/628/588 469/636/595 468/637/596
f 469/638/595 470/639/597 468/640/598
f 472/641/599 471/642/600 470/643/601
f 472/641/599 446/596/602 443/598/603
f 469/638/595 450/604/565 472/644/604
f 472/644/604 450/604/565 448/605/605
f 463/627/587 452/611/563 469/636/595
f 473/645/606 479/646/606 474/647/606
f 485/648/42 491/649/42 475/650/42
f 478/651/607 473/645/607 475/652/607
f 478/651/608 477/653/608 476/654/608
f 477/653/609 479/646/609 476/654/609
f 479/646/610 482/655/610 474/647/610
f 479/646/611 483/656/611 481/657/611
f 482/655/612 484/658/612 485/659/612
f 483/656/613 484/658/613 481/657/613
f 484/658/614 488/660/614 485/659/614
f 484/658/615 489/661/615 487/662/615
f 488/660/616 490/663/616 491/664/616
f 489/661/617 490/663/617 487/662/617
f 491/664/618 493/665/618 494/666/618
f 490/663/619 495/667/619 493/665/619
f 493/665/620 475/668/620 494/666/620
f 495/667/621 478/669/621 493/665/621
f 497/670/606 503/671/606 498/672/606
f 509/673/42 515/674/42 499/675/42
f 502/676/607 497/670/607 499/677/607
f 520/678/608 500/679/608 502/676/608
f 500/679/609 504/680/609 503/671/609
f 503/671/610 506/681/610 498/672/610
f 504/680/611 505/682/611 503/671/611
f 505/682/612 509/683/612 506/681/612
f 507/684/613 508/685/613 505/682/613
f 508/685/614 512/686/614 509/683/614
f 508/685/615 513/687/615 511/688/615
f 512/686/616 514/689/616 515/690/616
f 513/687/617 514/689/617 511/688/617
f 515/690/618 517/691/618 518/692/618
f 514/689/619 519/693/619 517/691/619
f 518/692/620 502/694/620 499/695/620
f 519/693/621 502/694/621 517/691/621
f 521/696/622 527/697/623 522/698/623
f 542/699/42 523/700/42 533/701/42
f 526/702/624 521/703/622 523/704/624
f 544/705/608 524/706/608 526/702/608
f 525/707/609 527/697/609 524/708/609
f 527/697/623 530/709/625 522/698/623
f 528/710/611 529/711/611 527/697/611
f 530/709/625 532/712/626 533/713/626
f 529/711/613 534/714/613 532/712/613
f 532/712/626 536/715/627 533/713/626
f 534/714/615 535/716/615 532/712/615
f 536/715/627 538/717/628 539/718/628
f 537/719/617 538/717/617 535/716/617
f 538/717/628 542/720/629 539/718/628
f 540/721/619 541/722/619 538/717/619
f 542/720/629 526/702/624 523/704/624
f 543/723/621 526/702/621 541/722/621
f 548/724/630 546/725/630 549/726/630
f 546/725/631 547/727/631 557/728/631
f 550/729/632 549/730/632 551/731/632
f 553/732/633 550/729/633 551/731/633
f 554/733/634 553/732/634 555/734/634
f 557/728/635 554/733/635 555/734/635
f 556/735/636 553/732/636 561/736/636
f 557/728/637 556/735/637 558/737/637
f 546/725/638 558/737/638 559/738/638
f 560/739/639 559/740/640 558/741/641
f 560/739/639 558/741/641 556/742/642
f 560/739/639 561/743/643 562/744/644
f 560/739/639 556/742/642 561/743/643
f 560/739/639 563/745/645 559/740/640
f 560/739/639 562/744/644 563/745/645
f 563/746/646 546/725/646 559/738/646
f 551/731/647 563/747/647 562/748/647
f 561/736/648 551/731/648 562/748/648
f 568/749/649 564/750/649 565/751/649
f 564/750/650 576/752/650 565/751/650
f 569/753/651 568/749/651 570/754/651
f 571/755/652 570/754/652 572/756/653
f 573/757/654 572/756/654 574/758/654
f 576/752/655 573/757/655 574/758/655
f 574/758/656 580/759/656 575/760/656
f 577/761/657 574/758/657 575/760/657
f 565/751/658 577/761/658 578/762/658
f 579/763/659 578/764/660 577/765/661
f 579/763/659 577/765/661 575/766/662
f 579/763/659 580/767/663 581/768/664
f 579/763/659 575/766/662 580/767/663
f 579/763/659 582/769/665 578/764/660
f 579/763/659 581/768/664 582/769/665
f 568/749/666 578/762/666 582/770/666
f 570/754/667 582/770/667 581/771/667
f 580/759/668 570/754/668 581/771/668
f 587/772/669 583/773/669 584/774/669
f 583/773/670 595/775/670 584/774/670
f 588/776/671 587/772/671 589/777/671
f 590/778/672 589/779/672 591/780/672
f 592/781/673 591/780/673 593/782/673
f 585/783/674 593/782/674 595/775/674
f 593/782/675 599/784/675 594/785/675
f 596/786/676 593/782/676 594/785/677
f 597/787/678 595/775/678 596/786/678
f 598/788/679 597/789/680 596/790/681
f 598/788/679 596/790/681 594/791/682
f 598/788/679 599/792/683 600/793/684
f 598/788/679 594/791/682 599/792/683
f 598/788/679 601/794/685 597/789/680
f 598/788/679 600/793/684 601/794/685
f 587/772/686 597/787/686 601/795/686
f 600/796/687 587/772/687 601/795/687
f 591/780/688 600/797/688 599/784/688
f 606/798/689 602/799/689 603/800/689
f 602/799/690 614/801/690 603/800/690
f 608/802/691 605/803/691 606/798/691
f 609/804/692 608/802/692 610/805/692
f 612/806/693 609/807/693 610/808/693
f 604/809/694 612/806/694 614/801/694
f 612/806/695 618/810/695 613/811/695
f 615/812/696 612/806/696 613/811/696
f 603/800/697 615/812/697 616/813/697
f 617/814/698 616/815/699 615/816/700
f 617/814/698 615/816/700 613/817/701
f 617/814/698 618/818/702 619/819/703
f 617/814/698 613/817/701 618/818/702
f 617/814/698 620/820/704 616/815/699
f 617/814/698 619/819/703 620/820/704
f 606/798/705 616/813/705 620/821/705
f 619/822/706 606/798/706 620/821/706
f 610/805/707 619/822/707 618/823/707
f 624/824/708 622/825/708 625/826/708
f 622/825/709 623/827/709 633/828/709
f 627/829/710 624/824/710 625/826/710
f 629/830/711 626/831/711 627/829/711
f 630/832/712 629/833/712 631/834/712
f 633/828/713 630/832/713 631/834/713
f 632/835/714 629/833/714 637/836/714
f 633/828/715 632/835/715 634/837/715
f 622/825/716 634/837/716 635/838/716
f 636/839/717 635/840/718 634/841/719
f 636/839/717 634/841/719 632/842/720
f 636/839/717 637/843/721 638/844/722
f 636/839/717 632/842/720 637/843/721
f 636/839/717 639/845/723 635/840/718
f 636/839/717 638/844/722 639/845/723
f 639/846/724 622/825/724 635/838/724
f 627/829/725 639/846/725 638/847/725
f 629/830/726 638/847/726 637/848/726
f 643/849/727 641/850/728 640/851/728
f 642/852/729 643/849/730 640/851/729
f 643/849/727 647/853/731 644/854/727
f 643/849/730 648/855/732 646/856/732
f 649/857/733 646/858/733 648/859/734
f 645/860/735 649/861/736 648/862/736
f 644/854/737 649/861/738 650/863/737
f 641/850/739 650/863/737 651/864/739
f 650/863/735 642/865/740 651/864/740
f 652/866/741 658/867/742 653/868/741
f 654/869/743 655/870/744 652/871/743
f 663/872/745 655/870/744 657/873/746
f 656/874/747 658/867/742 655/875/748
f 658/867/749 661/876/750 653/868/750
f 658/867/749 662/877/751 660/878/752
f 660/878/753 654/869/754 661/876/754
f 660/878/753 663/872/755 657/873/756
f 662/877/751 665/879/757 664/880/757
f 662/877/755 666/881/758 663/872/755
f 665/882/759 666/883/760 664/884/760
f 663/872/745 667/885/761 656/886/762
f 659/887/747 667/888/763 665/879/763
f 668/889/764 672/890/765 669/891/764
f 673/892/766 668/893/767 670/894/767
f 671/895/765 675/896/768 672/890/765
f 673/892/766 674/897/769 671/898/766
f 677/899/770 674/900/770 676/901/770
f 673/892/771 677/902/772 676/903/772
f 678/904/773 675/896/774 677/902/774
f 672/890/773 679/905/775 669/891/775
f 678/904/771 670/894/776 679/905/776
f 684/906/777 680/907/777 683/908/777
f 682/909/778 683/908/778 680/907/778
f 684/910/779 685/911/779 686/912/779
f 686/913/780 682/909/780 687/914/780
f 684/915/781 687/914/781 681/916/781
f 691/917/782 689/918/783 688/919/783
f 690/920/784 691/917/785 688/919/784
f 699/921/786 691/917/785 693/922/785
f 692/923/787 694/924/788 691/917/782
f 694/925/789 697/926/790 689/927/790
f 694/925/789 698/928/791 696/929/789
f 696/929/792 690/920/793 697/926/793
f 698/928/794 693/922/792 696/929/792
f 695/930/795 700/931/796 698/928/791
f 699/921/794 700/931/797 702/932/797
f 700/933/798 703/934/798 702/935/798
f 692/923/799 702/932/800 703/936/800
f 692/923/787 701/937/801 695/938/787
f 704/939/802 710/940/803 705/941/804
f 707/942/805 705/941/806 756/943/807
f 706/944/808 708/945/809 704/939/802
f 774/946/810 704/939/811 707/942/805
f 711/947/812 709/948/813 708/945/809
f 710/940/803 709/948/813 783/949/814
f 776/950/815 711/947/812 706/944/808
f 711/947/812 714/951/816 713/952/817
f 713/952/817 716/953/818 715/954/819
f 713/952/817 717/955/820 709/948/813
f 718/956/133 715/957/821 716/958/822
f 718/956/133 717/959/823 715/957/821
f 718/956/133 720/960/824 719/961/825
f 718/956/133 719/961/825 717/959/823
f 718/956/133 721/962/826 720/960/824
f 718/956/133 722/963/827 721/962/826
f 718/956/133 723/964/828 722/963/827
f 718/956/133 724/965/829 723/964/828
f 718/956/133 725/966/830 724/965/829
f 718/956/133 726/967/831 725/966/830
f 718/956/133 727/968/832 726/967/831
f 718/956/133 716/958/822 727/968/832
f 729/969/833 727/970/834 728/971/835
f 714/951/816 727/970/834 716/953/818
f 732/972/836 728/971/835 730/973/837
f 712/974/838 728/971/835 714/951/816
f 731/975/839 712/974/838 776/950/815
f 733/976/840 730/973/837 731/975/839
f 737/977/841 732/972/836 733/976/840
f 732/972/836 735/978/842 729/969/833
f 736/979/843 735/978/842 734/980/844
f 737/977/845 736/979/843 734/980/844
f 738/981/846 739/982/847 742/983/848
f 739/982/847 733/976/849 741/984/850
f 742/983/848 740/985/851 743/986/852
f 740/985/851 741/984/850 779/987/853
f 744/988/854 743/986/852 745/989/855
f 746/990/856 742/983/848 744/988/854
f 748/991/857 744/988/854 745/989/855
f 747/992/858 746/990/856 744/988/854
f 751/993/859 747/992/858 748/991/857
f 750/994/860 749/995/861 747/992/858
f 753/996/862 751/993/859 754/997/863
f 755/998/864 750/994/860 753/996/862
f 756/999/807 754/997/863 757/1000/865
f 705/1001/806 753/996/862 756/999/807
f 758/1002/866 756/943/807 757/1003/865
f 757/1004/867 760/1005/868 758/1006/869
f 757/1007/870 761/1008/871 759/1009/870
f 762/1010/872 760/1011/873 759/1012/874
f 762/1010/872 759/1012/874 761/1013/875
f 762/1010/872 771/1014/876 760/1011/873
f 762/1010/872 761/1013/875 763/1015/877
f 762/1010/872 763/1015/877 764/1016/878
f 762/1010/872 764/1016/878 765/1017/879
f 762/1010/872 765/1017/879 766/1018/880
f 762/1010/872 766/1018/880 767/1019/881
f 762/1010/872 767/1019/881 768/1020/882
f 762/1010/872 768/1020/882 769/1021/883
f 762/1010/872 769/1021/883 770/1022/884
f 762/1010/872 770/1022/884 771/1014/876
f 758/1006/869 771/1023/885 772/1024/886
f 772/1024/886 770/1025/887 773/1026/888
f 773/1027/889 774/946/810 772/1028/890
f 772/1028/890 707/942/805 758/1002/866
f 775/1029/891 706/944/892 774/946/810
f 778/1030/893 775/1029/891 773/1027/889
f 777/1031/894 776/950/895 775/1029/891
f 779/987/853 777/1031/894 778/1030/893
f 741/984/850 731/975/896 777/1031/894
f 778/1032/897 768/1033/898 779/1034/899
f 778/1032/900 770/1025/887 769/1035/900
f 779/1034/901 767/1036/902 740/1037/902
f 743/1038/903 767/1036/902 766/1039/903
f 745/1040/904 766/1039/905 765/1041/906
f 745/1040/907 764/1042/908 748/1043/909
f 751/1044/910 764/1042/908 763/1045/911
f 754/1046/912 763/1045/911 761/1008/871
f 755/998/913 710/1047/803 780/1048/914
f 752/1049/915 780/1048/914 781/1050/916
f 710/1047/803 782/1051/917 780/1048/914
f 781/1050/916 782/1051/917 784/1052/918
f 782/1051/917 719/1053/919 720/1054/920
f 782/1051/917 721/1055/921 784/1052/918
f 785/1056/922 721/1055/921 722/1057/923
f 781/1050/916 785/1056/922 787/1058/924
f 787/1058/924 786/1059/925 788/1060/926
f 786/1059/925 722/1057/923 723/1061/927
f 749/995/928 781/1050/916 787/1058/924
f 746/990/929 787/1058/924 788/1060/926
f 738/981/930 788/1060/926 736/979/843
f 736/979/843 786/1059/925 789/1062/931
f 786/1059/925 724/1063/932 789/1062/931
f 735/978/842 724/1063/932 725/1064/933
f 709/948/813 719/1065/919 783/949/814
f 729/969/833 725/1064/933 726/1066/934
f 790/1067/935 795/1068/936 793/1069/937
f 812/1070/938 818/1071/939 824/1072/940
f 796/1073/941 790/1067/935 793/1069/937
f 797/1074/942 793/1069/937 794/1075/943
f 794/1075/943 795/1068/936 825/1076/944
f 800/1077/945 796/1073/941 798/1078/946
f 798/1078/946 797/1074/942 799/1079/947
f 802/1080/948 798/1081/946 799/1082/947
f 803/1083/949 798/1081/946 801/1084/950
f 804/1085/951 802/1080/948 805/1086/952
f 806/1087/953 801/1084/950 804/1085/951
f 808/1088/954 804/1085/951 805/1086/952
f 809/1089/955 804/1085/951 807/1090/956
f 810/1091/957 808/1088/954 811/1092/958
f 810/1091/957 809/1089/955 807/1090/956
f 814/1093/959 810/1091/957 811/1092/958
f 813/1094/960 812/1095/938 810/1091/957
f 817/1096/961 813/1094/960 814/1093/959
f 818/1097/939 813/1094/960 816/1098/962
f 819/1099/963 817/1096/961 820/1100/964
f 819/1099/963 818/1097/939 816/1098/962
f 823/1101/965 819/1099/963 820/1100/964
f 824/1102/940 819/1099/963 822/1103/966
f 795/1068/936 823/1101/965 825/1076/944
f 791/1104/967 822/1103/966 795/1068/936
f 823/1105/968 827/1106/969 825/1107/969
f 823/1105/968 828/1108/970 826/1109/968
f 834/1110/971 836/1111/971 828/1112/971
f 817/1113/972 828/1108/970 820/1114/970
f 814/1115/973 829/1116/972 817/1113/972
f 811/1117/974 830/1118/973 814/1115/973
f 808/1119/975 831/1120/974 811/1117/974
f 808/1119/975 833/1121/976 832/1122/975
f 802/1123/977 833/1121/976 805/1124/976
f 799/1125/978 834/1126/977 802/1123/977
f 797/1127/979 835/1128/978 799/1129/978
f 797/1127/979 837/1130/980 836/1131/979
f 794/1132/980 827/1106/969 837/1130/980
f 841/1133/981 839/1134/982 910/1135/983
f 838/1136/984 844/1137/985 839/1134/982
f 840/1138/986 842/1139/987 838/1136/984
f 882/1140/988 838/1136/989 841/1133/981
f 845/1141/990 843/1142/991 842/1139/987
f 842/1139/987 911/1143/992 844/1137/985
f 883/1144/993 845/1141/990 840/1138/986
f 846/1145/994 847/1146/995 845/1141/990
f 848/1147/996 849/1148/997 847/1146/995
f 843/1142/991 849/1148/997 851/1149/998
f 852/1150/182 849/1151/999 850/1152/1000
f 852/1150/182 851/1153/1001 849/1151/999
f 852/1150/182 854/1154/1002 853/1155/1003
f 852/1150/182 853/1155/1003 851/1153/1001
f 852/1150/182 855/1156/1004 854/1154/1002
f 852/1150/182 856/1157/1005 855/1156/1004
f 852/1150/182 857/1158/1006 856/1157/1005
f 852/1150/182 858/1159/1007 857/1158/1006
f 852/1150/182 859/1160/1008 858/1159/1007
f 852/1150/182 860/1161/1009 859/1160/1008
f 852/1150/182 861/1162/1010 860/1161/1009
f 852/1150/182 850/1152/1000 861/1162/1010
f 863/1163/1011 861/1164/1012 862/1165/1013
f 848/1147/996 861/1164/1012 850/1166/1014
f 866/1167/1015 862/1165/1013 864/1168/1016
f 864/1168/1017 848/1147/996 846/1145/994
f 883/1144/993 864/1168/1018 846/1145/1019
f 865/1169/1020 866/1167/1021 864/1168/1018
f 867/1170/1022 868/1171/1023 866/1167/1021
f 866/1167/1024 869/1172/1025 863/1163/1011
f 868/1171/1026 901/1173/1027 869/1172/1025
f 871/1174/1028 870/1175/1029 868/1171/1023
f 872/1176/1030 873/1177/1031 874/1178/1032
f 871/1174/1028 876/1179/1033 873/1177/1031
f 874/1180/1034 875/1181/1035 892/1182/1036
f 873/1183/1037 877/1184/1038 875/1181/1035
f 876/1185/1039 879/1186/1040 877/1184/1038
f 867/1170/1022 878/1187/1041 876/1179/1033
f 878/1188/1042 881/1189/1043 879/1186/1040
f 865/1169/1020 880/1190/1044 878/1187/1041
f 882/1191/1045 881/1189/1043 880/1192/1046
f 880/1190/1044 840/1138/1047 882/1140/988
f 841/1193/1048 884/1194/1049 882/1191/1050
f 886/1195/1051 881/1196/1052 884/1197/1053
f 886/1195/1051 884/1197/1053 885/1198/1054
f 886/1195/1051 885/1198/1054 887/1199/1055
f 886/1195/1051 887/1199/1055 888/1200/1056
f 886/1195/1051 888/1200/1056 889/1201/1057
f 886/1195/1051 889/1201/1057 890/1202/1058
f 886/1195/1051 890/1202/1058 891/1203/1059
f 886/1195/1051 891/1203/1059 892/1204/1060
f 886/1195/1051 892/1204/1060 875/1205/1061
f 886/1195/1051 875/1205/1061 877/1206/1062
f 886/1195/1051 877/1206/1062 879/1207/1063
f 886/1195/1051 879/1207/1063 881/1196/1052
f 893/1208/1064 892/1182/1036 891/1209/1065
f 893/1208/1066 890/1210/1067 894/1211/1068
f 894/1212/1069 895/1213/1070 893/1214/1071
f 895/1213/1070 874/1178/1032 893/1214/1071
f 896/1215/1072 897/1216/1073 895/1213/1070
f 872/1176/1030 897/1216/1073 870/1175/1029
f 897/1216/1074 900/1217/1075 899/1218/1076
f 870/1175/1077 899/1218/1076 901/1173/1027
f 899/1218/1076 856/1219/1078 857/1220/1079
f 899/1218/1076 858/1221/1080 901/1173/1027
f 869/1172/1025 858/1221/1080 859/1222/1081
f 902/1223/1082 856/1224/1078 900/1225/1075
f 898/1226/1083 902/1223/1082 900/1225/1075
f 902/1223/1082 854/1227/1084 855/1228/1085
f 904/1229/1086 903/1230/1087 902/1223/1082
f 906/1231/1088 898/1226/1089 896/1232/1072
f 907/1233/1090 904/1229/1086 906/1231/1088
f 909/1234/1091 906/1231/1088 908/1235/1092
f 908/1235/1092 896/1232/1072 894/1236/1069
f 909/1237/1093 889/1238/1094 888/1239/1095
f 894/1240/1068 889/1238/1094 908/1241/1096
f 910/1242/1097 888/1239/1095 887/1243/1098
f 839/1134/982 909/1234/1091 910/1135/983
f 910/1242/1099 885/1244/1100 841/1193/1048
f 839/1134/982 905/1245/1101 907/1233/1090
f 905/1245/1101 911/1143/992 903/1230/1087
f 911/1143/992 854/1227/1084 903/1230/1087
f 843/1142/991 853/1246/1102 911/1143/992
f 869/1172/1025 860/1247/1103 863/1163/1011
f 913/1248/1104 914/1249/1104 932/1250/1104
f 917/1251/1105 912/1252/1105 913/1248/1105
f 912/1253/1106 915/1254/92 914/1255/1107
f 916/1256/1108 915/1254/92 912/1253/1106
f 919/1257/1109 916/1258/1109 917/1259/1109
f 918/1260/1110 915/1254/92 916/1256/1108
f 920/1261/1111 919/1257/1111 921/1262/1111
f 920/1263/1112 915/1254/92 918/1260/1110
f 922/1264/1113 921/1262/1113 923/1265/1113
f 922/1266/1114 915/1254/92 920/1263/1112
f 925/1267/1115 922/1264/1115 923/1265/1115
f 924/1268/1116 915/1254/92 922/1266/1114
f 926/1269/1117 915/1254/92 924/1268/1116
f 926/1270/1118 925/1267/1118 927/1271/1118
f 929/1272/1119 926/1270/1119 927/1271/1119
f 928/1273/1120 915/1254/92 926/1269/1117
f 930/1274/1121 929/1272/1121 931/1275/1121
f 930/1276/1122 915/1254/92 928/1273/1120
f 914/1249/1123 931/1275/1123 932/1250/1123
f 914/1255/1107 915/1254/92 930/1276/1122
f 935/1277/434 934/1278/434 933/1279/434
f 936/1280/1124 935/1277/1124 933/1279/1124
f 937/1281/1124 938/1282/1124 936/1280/1124
f 940/1283/1125 935/1284/1125 938/1285/1125
f 940/1283/1125 939/1286/1125 942/1287/1125
f 940/1283/1125 945/1288/1125 941/1289/1125
f 940/1290/1126 960/1291/1126 943/1292/1126
f 943/1292/414 944/1293/414 940/1290/414
f 945/1294/1127 947/1295/1128 949/1296/1129
f 946/1297/1130 947/1298/1128 944/1299/1131
f 949/1296/1132 948/1300/1132 956/1301/1132
f 950/1302/1133 948/1303/1133 947/1298/1133
f 948/1303/1134 952/1304/1134 954/1305/1134
f 953/1306/1126 954/1307/1126 952/1308/1126
f 948/1300/1135 955/1309/1135 956/1301/1135
f 956/1310/1136 953/1311/1136 957/1312/1136
f 958/1313/1137 956/1310/1137 957/1312/1137
f 959/1314/1138 949/1315/1129 958/1313/1138
f 934/1278/434 945/1316/434 959/1317/434
f 942/1318/434 961/1319/434 960/1291/434
f 961/1320/1139 965/1321/1140 963/1322/1139
f 963/1322/1141 966/1323/1141 964/1324/1141
f 962/1325/1142 967/1326/1143 965/1327/1140
f 967/1328/1144 966/1329/1144 965/1330/1144
f 970/1331/1145 968/1332/1145 967/1333/1145
f 971/1334/1146 967/1333/1143 969/1335/1147
f 968/1332/1148 973/1336/1148 974/1337/1148
f 975/1338/1126 974/1339/1126 973/1340/1126
f 964/1324/1149 976/1341/1149 975/1342/1149
f 966/1329/1150 974/1343/1150 976/1344/1150
f 977/1345/414 969/1346/414 978/1347/414
f 978/1347/414 979/1348/414 977/1345/414
f 980/1349/1124 937/1281/1124 979/1348/1124
f 978/1350/1125 939/1286/1125 980/1351/1125
f 942/1287/1125 969/1352/1125 962/1353/1125
f 981/1354/1151 988/1355/1151 982/1356/1151
f 986/1357/1152 981/1358/1152 984/1359/1152
f 987/1360/1153 984/1359/1153 985/1361/1153
f 987/1362/92 983/1363/92 986/1364/92
f 982/1356/1154 987/1360/1154 985/1361/1154
f 989/1365/1104 1009/1366/1104 990/1367/1104
f 993/1368/1155 990/1367/1105 994/1369/1105
f 989/1370/1106 992/1371/92 991/1372/1107
f 993/1373/1108 992/1371/92 989/1370/1106
f 996/1374/1109 993/1368/1109 994/1369/1109
f 995/1375/1110 992/1371/92 993/1373/1108
f 997/1376/1111 996/1374/1111 998/1377/1111
f 997/1378/1156 992/1371/92 995/1375/1110
f 999/1379/1113 998/1377/1113 1000/1380/1113
f 999/1381/1114 992/1371/92 997/1378/1156
f 1002/1382/1115 999/1379/1115 1000/1380/1115
f 1001/1383/1116 992/1371/92 999/1381/1114
f 1003/1384/1117 992/1371/92 1001/1383/1116
f 1003/1385/1118 1002/1382/1118 1004/1386/1118
f 1005/1387/1119 1004/1386/1119 1006/1388/1119
f 1005/1389/1120 992/1371/92 1003/1384/1117
f 1007/1390/1121 1006/1388/1121 1008/1391/1121
f 1007/1392/1122 992/1371/92 1005/1389/1120
f 1009/1393/1123 1007/1390/1123 1008/1391/1123
f 991/1372/1107 992/1371/92 1007/1392/1122
f 28/1/1 27/1394/2 4/2/2
f 29/4/3 30/7/4 9/5/4
f 30/7/4 31/1395/6 11/8/5
f 31/9/6 32/12/7 13/10/7
f 32/12/7 33/14/8 15/13/8
f 33/14/8 34/16/10 17/15/9
f 34/16/10 35/18/11 19/17/11
f 35/18/11 36/20/12 21/19/12
f 36/20/12 37/25/17 23/21/13
f 5/22/14 3/63/15 39/23/15
f 37/25/17 38/27/18 25/26/18
f 38/27/18 28/1/1 1/3/1
f 3/28/19 5/32/19 27/29/19
f 8/31/19 29/34/19 27/29/19
f 10/33/19 30/36/19 29/34/19
f 10/33/19 12/1396/19 31/35/19
f 14/37/19 32/41/19 31/38/19
f 16/40/19 33/43/19 32/41/19
f 16/40/19 18/45/19 34/42/19
f 20/44/19 35/47/19 34/42/19
f 22/46/19 36/49/19 35/47/19
f 22/46/19 24/51/19 37/48/19
f 26/50/19 38/52/19 37/48/19
f 3/28/19 28/30/19 38/52/19
f 87/53/20 85/97/59 56/54/21
f 18/56/23 46/74/39 47/57/24
f 14/59/26 12/1397/40 43/60/27
f 26/62/29 50/77/41 39/23/15
f 8/64/30 5/22/14 40/24/16
f 20/58/25 47/57/24 48/66/32
f 16/68/34 14/59/26 44/61/28
f 10/70/35 8/64/30 41/65/31
f 22/67/33 48/66/32 49/72/37
f 16/68/34 45/69/34 46/74/39
f 12/75/40 10/70/35 42/71/36
f 24/73/38 49/72/37 50/77/41
f 43/78/42 84/1398/42 86/79/42
f 77/81/43 52/136/75 53/82/44
f 79/83/45 53/82/44 54/84/46
f 95/86/48 93/101/62 60/87/49
f 89/89/51 87/53/20 57/55/22
f 83/91/53 81/85/47 54/84/46
f 95/86/48 61/88/50 62/93/55
f 91/95/57 89/89/51 58/90/52
f 85/97/59 83/1399/53 55/98/54
f 97/94/56 62/93/55 51/99/60
f 91/95/57 59/96/58 60/87/49
f 58/90/52 70/134/73 71/102/63
f 39/103/42 50/122/42 98/104/42
f 41/106/42 40/123/42 78/107/42
f 48/109/42 47/124/42 92/110/42
f 45/112/42 44/80/42 86/79/42
f 42/114/42 41/106/42 80/108/42
f 48/109/42 94/111/42 96/116/42
f 45/112/42 88/113/42 90/118/42
f 42/114/42 82/115/42 84/120/42
f 50/122/42 49/117/42 96/116/42
f 39/103/42 75/105/42 78/107/42
f 46/119/42 90/118/42 92/110/42
f 55/98/54 67/1400/74 68/125/64
f 51/99/60 62/93/55 74/126/65
f 53/82/44 52/136/75 64/128/67
f 59/96/58 71/102/63 72/130/69
f 56/54/21 68/125/64 69/131/70
f 54/84/46 53/82/44 65/129/68
f 61/88/50 60/87/49 72/130/69
f 57/55/22 69/131/70 70/134/73
f 54/84/46 66/132/71 67/135/74
f 62/93/55 61/88/50 73/133/72
f 52/136/75 51/99/60 63/127/66
f 78/137/76 75/149/77 76/100/77
f 78/137/76 77/81/76 79/83/78
f 80/138/78 79/83/78 81/85/79
f 82/139/79 81/85/79 83/91/80
f 84/141/80 83/1399/80 85/97/81
f 86/142/81 85/97/81 87/53/82
f 88/143/82 87/53/82 89/89/83
f 90/144/83 89/89/83 91/95/84
f 92/145/84 91/95/84 93/101/85
f 96/147/86 94/146/85 93/101/85
f 98/148/87 96/147/86 95/86/86
f 98/148/87 97/94/87 76/100/77
f 76/100/61 51/99/60 52/136/75
f 100/150/88 2/1401/88 104/151/88
f 102/153/89 101/1402/89 103/154/89
f 7/155/90 2/1401/90 100/150/90
f 7/156/91 103/1403/91 104/157/91
f 29/4/3 6/6/3 102/159/92
f 6/6/3 101/1404/92 102/159/92
f 4/2/2 27/1394/2 100/160/92
f 27/1394/2 29/4/3 100/160/92
f 100/160/92 99/1405/92 4/2/2
f 105/161/93 108/169/99 111/162/94
f 107/166/96 105/1406/96 106/1407/96
f 106/1407/96 114/1408/96 117/1409/96
f 117/1409/96 120/1410/96 123/1411/96
f 123/1411/96 126/1412/96 129/164/96
f 129/164/96 132/1413/96 135/165/96
f 135/165/96 138/1414/96 107/166/96
f 107/166/96 106/1407/96 129/164/96
f 106/1407/96 117/1409/96 129/164/96
f 117/1409/96 123/1411/96 129/164/96
f 110/167/97 108/169/99 105/161/93
f 108/169/99 109/205/132 112/170/100
f 141/171/101 109/205/132 108/169/99
f 106/163/95 111/162/94 113/172/102
f 111/162/94 112/170/100 115/174/104
f 114/173/103 113/172/102 116/175/105
f 113/172/102 115/174/104 118/177/107
f 117/176/106 116/175/105 119/178/108
f 116/175/105 118/177/107 121/180/110
f 120/179/109 119/178/108 122/181/111
f 119/178/108 121/180/110 124/183/113
f 123/182/112 122/181/111 125/184/114
f 122/181/111 124/183/113 127/186/116
f 125/184/114 128/188/118 129/187/117
f 127/186/116 130/190/120 128/188/118
f 128/188/118 131/191/121 132/189/119
f 130/190/120 133/193/123 131/191/121
f 131/191/121 134/194/124 135/192/122
f 133/193/123 136/196/126 134/194/124
f 134/194/124 137/197/127 138/195/125
f 136/196/126 139/199/128 137/197/127
f 137/197/127 110/200/97 107/198/98
f 139/199/128 141/202/101 110/200/97
f 140/201/129 142/1415/131 141/202/101
f 152/203/130 140/201/129 139/199/128
f 142/204/131 143/1416/1157 109/205/132
f 145/207/133 144/1417/133 143/1418/1158
f 143/1418/1158 142/1419/133 140/208/133
f 140/208/133 152/1420/133 151/1421/133
f 151/1421/133 150/1422/133 140/208/133
f 150/1422/133 149/1423/133 140/208/133
f 149/1423/133 148/1424/1158 147/206/133
f 147/206/133 146/1425/133 145/207/133
f 145/207/133 143/1418/1158 140/208/133
f 149/1423/133 147/206/133 140/208/133
f 109/205/132 143/1416/1157 144/209/134
f 112/170/100 144/209/134 145/210/135
f 115/174/104 145/210/135 146/211/136
f 118/177/107 146/211/136 147/212/137
f 121/180/110 147/212/137 148/213/138
f 124/183/113 148/213/138 149/214/139
f 149/214/139 150/215/140 130/190/120
f 150/215/140 151/216/141 133/193/123
f 151/216/141 152/203/130 136/196/126
f 153/217/142 156/225/148 159/218/143
f 155/222/145 153/1426/145 165/1427/145
f 153/1426/145 154/1428/145 165/1427/145
f 154/1428/145 162/1429/145 165/1427/145
f 165/1427/145 168/1430/145 171/220/145
f 171/220/145 174/1431/145 177/221/145
f 177/221/145 180/1432/145 183/1433/145
f 183/1433/145 186/1434/145 177/221/145
f 186/1434/145 155/222/145 177/221/145
f 165/1427/145 171/220/145 155/222/145
f 158/223/146 156/225/148 153/217/142
f 156/225/148 157/260/181 160/226/149
f 189/227/150 157/260/181 156/225/148
f 154/219/144 159/218/143 161/228/151
f 159/218/143 160/226/149 163/230/153
f 162/229/152 161/228/151 164/231/154
f 161/228/151 163/230/153 166/233/156
f 165/232/155 164/231/154 167/234/157
f 164/231/154 166/233/156 169/236/159
f 168/237/158 167/240/157 170/238/160
f 167/240/157 169/268/159 172/241/162
f 171/239/161 170/238/160 173/242/163
f 170/238/160 172/241/162 175/244/165
f 173/242/163 176/246/167 177/245/166
f 175/244/165 178/248/169 176/246/167
f 176/246/167 179/249/170 180/247/168
f 178/248/169 181/251/172 179/249/170
f 179/249/170 182/252/173 183/250/171
f 181/251/172 184/254/175 182/252/173
f 182/252/173 185/255/176 186/253/174
f 184/254/175 187/256/177 185/255/176
f 185/255/176 158/223/146 155/224/147
f 187/256/177 189/227/150 158/223/146
f 187/256/177 188/258/179 190/257/178
f 184/254/175 200/272/1159 188/258/179
f 189/227/150 190/257/178 191/259/180
f 193/1435/182 192/1436/182 191/261/182
f 191/261/182 190/1437/182 188/262/182
f 188/262/182 200/1438/182 199/1439/182
f 199/1439/182 198/1440/182 188/262/182
f 198/1440/182 197/263/182 188/262/182
f 197/263/182 196/1441/182 193/1435/182
f 196/1441/182 195/1442/182 193/1435/182
f 195/1442/182 194/1443/182 193/1435/182
f 193/1435/182 191/261/182 197/263/182
f 191/259/180 192/264/183 160/226/149
f 192/264/183 193/265/184 163/230/153
f 193/265/184 194/266/1160 166/233/156
f 194/266/185 195/1444/186 169/236/159
f 195/267/186 196/269/187 172/241/162
f 196/269/187 197/1445/1161 175/244/165
f 175/244/165 197/1445/1161 198/270/188
f 178/248/169 198/270/188 199/271/189
f 181/251/172 199/271/189 200/272/190
f 204/273/191 203/277/195 201/274/192
f 207/276/194 205/279/197 203/277/195
f 208/278/196 206/350/277 205/279/197
f 204/280/198 210/381/312 209/281/199
f 208/283/201 207/282/200 209/281/199
f 212/285/203 209/289/207 210/286/204
f 214/288/206 211/1446/1162 209/289/207
f 215/290/208 212/285/203 213/287/205
f 217/292/210 214/288/206 212/285/203
f 216/293/211 219/376/307 218/294/212
f 217/296/214 215/295/213 218/294/212
f 221/298/216 218/302/220 219/299/217
f 224/301/219 220/385/1163 218/302/220
f 222/303/221 221/298/216 223/300/218
f 226/306/224 228/384/245 224/301/225
f 229/307/227 226/306/224 225/304/226
f 236/308/229 228/321/245 226/309/224
f 231/311/231 227/310/230 226/309/224
f 230/313/232 229/307/227 222/303/228
f 232/314/234 231/311/231 229/312/227
f 235/316/235 233/317/238 231/311/236
f 234/318/240 237/1447/1164 236/308/241
f 266/319/242 234/318/240 233/317/238
f 236/308/229 237/1447/1165 238/320/244
f 238/322/246 237/1448/1166 239/323/247
f 239/323/249 237/1448/1167 234/325/250
f 240/327/252 239/330/1168 241/328/253
f 239/330/255 242/333/259 244/331/256
f 234/325/250 266/365/294 243/332/258
f 242/333/259 243/364/293 245/334/260
f 247/335/261 246/336/262 244/331/256
f 246/336/262 248/357/1169 241/328/257
f 250/337/263 249/341/267 246/338/264
f 251/340/266 248/352/1170 246/338/264
f 253/342/268 252/345/271 249/343/269
f 252/345/271 254/347/1171 251/346/272
f 254/347/273 255/1449/1172 256/348/274
f 256/349/276 255/1450/1173 206/350/277
f 251/340/278 256/1451/281 257/351/279
f 256/353/281 208/283/1174 211/284/282
f 257/355/283 211/1446/1175 214/288/284
f 248/357/285 257/1452/1176 258/329/254
f 217/292/286 240/1453/252 258/356/254
f 259/358/287 253/342/268 250/344/270
f 260/360/289 250/337/263 247/339/265
f 261/362/291 247/335/261 245/334/260
f 243/364/293 263/1454/1177 262/363/292
f 266/365/294 264/1455/1178 263/366/295
f 264/367/296 266/319/242 235/316/243
f 265/368/298 235/316/235 232/314/237
f 267/369/300 232/314/234 230/315/232
f 268/371/301 230/313/232 270/305/233
f 270/305/223 223/300/218 271/373/303
f 223/300/218 219/299/217 272/374/305
f 273/375/306 272/1456/1179 219/376/307
f 216/291/209 213/287/205 274/377/308
f 213/287/205 210/286/204 275/379/310
f 202/380/311 275/1457/1180 210/381/312
f 217/296/313 220/297/1181 238/382/246
f 228/384/245 238/1458/244 220/385/314
f 277/386/315 276/1459/1182 278/387/316
f 282/389/318 280/388/317 278/387/316
f 283/391/320 281/392/321 280/388/317
f 277/386/315 280/388/317 281/392/321
f 279/390/319 285/397/326 284/394/323
f 282/389/318 284/394/323 286/395/324
f 287/396/325 284/394/323 285/397/326
f 284/394/323 288/400/329 290/399/328
f 293/401/330 289/403/333 288/400/331
f 289/403/333 322/443/383 290/399/334
f 291/402/335 287/396/325 328/398/327
f 294/405/337 293/401/330 291/402/332
f 296/406/339 295/409/340 293/407/330
f 295/409/340 298/412/347 289/410/333
f 327/411/341 297/413/345 295/409/342
f 299/414/346 322/445/383 289/410/333
f 303/415/348 299/414/356 298/412/344
f 326/417/350 302/419/354 300/416/349
f 301/418/352 300/416/349 297/413/345
f 302/419/354 305/421/357 303/415/348
f 304/420/355 303/415/348 305/421/357
f 308/423/359 307/424/360 305/421/357
f 307/424/360 309/426/362 306/422/358
f 311/425/361 310/427/363 307/424/360
f 309/426/362 307/424/360 310/427/363
f 314/432/366 316/1460/1183 309/426/367
f 315/434/370 318/438/1184 316/435/371
f 317/437/373 316/435/1185 318/438/374
f 309/426/376 316/1460/1185 317/440/373
f 319/439/378 318/438/379 281/392/321
f 323/393/322 281/392/321 318/438/379
f 319/439/375 320/442/1186 321/441/381
f 283/391/320 286/395/324 320/442/382
f 322/443/383 321/441/385 320/442/384
f 321/444/381 304/420/1187 306/422/377
f 299/414/346 304/420/1188 321/444/385
f 324/446/386 311/425/361 308/423/359
f 325/447/387 308/423/359 302/419/354
f 330/448/388 336/456/397 333/449/389
f 329/450/391 332/508/391 387/451/392
f 331/452/393 329/450/390 333/449/389
f 374/454/395 332/508/391 329/450/391
f 341/460/401 339/458/399 336/456/397
f 341/460/401 344/464/408 340/461/402
f 330/448/392 387/451/392 343/463/404
f 343/463/404 345/505/405 344/464/405
f 344/464/405 345/505/405 347/465/406
f 346/466/407 349/469/411 340/461/402
f 346/466/406 347/465/406 382/467/409
f 348/468/410 351/471/413 349/469/411
f 348/468/410 356/478/420 353/473/415
f 359/477/419 355/475/417 353/473/415
f 382/467/409 358/502/421 356/478/421
f 356/478/421 358/502/421 360/479/422
f 360/479/422 362/482/423 361/480/423
f 359/477/419 361/480/427 364/481/424
f 362/482/423 375/497/425 363/483/425
f 363/483/426 366/485/429 364/481/424
f 370/490/433 368/488/431 366/487/429
f 370/490/433 331/452/393 334/453/394
f 363/491/425 375/495/425 372/493/435
f 372/493/435 374/454/395 331/452/395
f 373/494/436 388/509/437 374/454/437
f 375/495/438 376/1461/438 373/494/436
f 377/496/439 376/1462/438 375/497/438
f 384/500/19 385/1463/19 386/1464/19
f 386/1464/19 388/1465/19 373/1466/19
f 373/1466/19 376/1467/19 377/1468/19
f 377/1468/19 378/1469/19 379/498/19
f 379/498/19 380/1470/19 381/499/19
f 381/499/19 383/1471/19 384/500/19
f 384/500/19 386/1464/19 379/498/19
f 386/1464/19 373/1466/19 379/498/19
f 373/1466/19 377/1468/19 379/498/19
f 378/501/440 377/496/439 362/482/439
f 358/502/441 379/1472/441 378/501/440
f 380/503/442 379/1472/441 358/502/441
f 381/504/443 380/503/442 382/467/442
f 345/505/444 383/1473/444 381/504/443
f 384/506/445 383/1473/444 345/505/444
f 385/507/446 384/506/445 343/463/445
f 332/508/447 386/1474/447 385/507/446
f 388/509/437 386/1474/447 332/508/447
f 390/512/450 389/1475/1189 392/510/448
f 392/510/448 393/1476/1190 413/511/449
f 390/513/451 401/525/467 391/514/452
f 394/516/454 392/520/1191 389/517/455
f 395/519/457 393/550/1192 392/520/458
f 395/519/460 394/516/1193 396/521/461
f 396/521/463 394/516/454 391/518/456
f 398/523/465 399/528/1194 397/522/462
f 391/514/452 401/525/467 398/524/466
f 401/525/467 400/531/473 399/526/468
f 402/527/469 397/522/498 399/528/470
f 401/525/467 407/1477/1195 405/1478/1196
f 405/1478/1196 403/530/472 401/525/467
f 403/532/474 404/536/487 402/533/469
f 403/532/475 405/538/479 406/535/476
f 407/537/478 409/541/1197 406/535/476
f 408/539/480 407/1477/1195 401/525/467
f 408/540/481 411/543/1198 409/541/482
f 410/542/484 409/541/1199 411/543/485
f 404/536/487 406/535/1200 409/541/488
f 408/1479/1201 390/512/450 411/546/491
f 390/512/450 413/511/449 411/546/491
f 410/542/492 412/544/1202 413/547/493
f 414/549/494 413/1480/493 393/550/495
f 402/527/469 414/549/499 395/519/497
f 404/536/487 410/542/489 414/548/499
f 433/551/500 432/1481/1203 417/572/521
f 417/572/521 415/552/500 433/551/500
f 415/552/500 416/1482/500 440/553/500
f 416/554/501 415/1483/1204 418/555/502
f 415/1484/1205 417/558/505 418/557/504
f 417/558/505 422/566/515 420/559/506
f 418/555/502 420/562/509 421/560/507
f 423/561/508 421/560/507 420/562/509
f 422/563/511 424/1485/1206 425/564/512
f 417/558/505 426/1486/1207 424/565/514
f 424/567/516 426/1487/1208 427/568/517
f 426/1488/1209 417/572/521 427/571/520
f 417/572/521 432/1481/1203 428/570/519
f 432/1481/1203 430/1489/1210 428/570/519
f 429/573/522 425/569/518 427/568/517
f 428/574/523 430/1490/1211 431/575/524
f 434/576/526 431/1491/1212 430/577/527
f 432/578/528 433/1492/1213 438/1493/1214
f 438/1493/1214 436/579/529 432/578/528
f 435/580/530 434/584/1215 436/581/531
f 435/580/533 429/589/1216 431/583/534
f 438/585/536 439/586/537 437/582/532
f 439/586/537 438/585/536 433/587/538
f 437/582/540 439/586/541 419/556/541
f 419/556/541 439/586/541 440/588/542
f 435/580/543 437/582/540 421/560/540
f 435/580/544 423/561/1217 425/564/545
f 442/592/549 441/1494/1218 444/590/547
f 444/590/547 445/1495/573 454/591/548
f 442/593/550 467/632/591 443/594/551
f 446/596/553 444/603/559 441/597/554
f 445/599/556 444/1496/559 447/600/557
f 450/604/560 449/601/558 447/600/557
f 452/607/563 451/608/570 449/601/564
f 451/608/566 454/1497/572 445/599/567
f 461/609/569 453/612/1219 451/610/570
f 453/612/571 455/617/1220 454/613/572
f 457/1498/1221 442/592/549 456/615/574
f 442/592/549 454/591/548 456/615/574
f 453/612/575 458/621/582 456/616/576
f 466/624/1222 457/1499/1223 459/620/580
f 457/1499/1223 456/618/578 459/620/580
f 458/621/582 453/612/575 461/609/569
f 466/624/584 459/620/1224 460/625/585
f 462/626/586 464/1500/1225 466/624/584
f 463/627/587 462/629/586 460/622/583
f 465/628/588 464/1501/1225 462/629/586
f 467/632/591 466/1502/1226 464/1503/1227
f 464/1503/1227 465/630/589 467/632/591
f 457/633/592 466/1502/1226 467/632/591
f 443/594/551 467/632/591 471/634/593
f 467/632/591 468/631/590 470/635/594
f 465/628/588 463/627/587 469/636/595
f 469/638/595 472/644/604 470/639/597
f 443/598/603 471/642/600 472/641/599
f 472/641/599 448/606/1228 446/596/602
f 469/638/595 452/607/563 450/604/565
f 463/627/587 461/609/569 452/611/563
f 473/645/606 476/654/606 479/646/606
f 475/650/42 473/1504/42 474/1505/42
f 474/1505/42 482/1506/42 485/648/42
f 485/648/42 488/1507/42 491/649/42
f 491/649/42 494/1508/42 475/650/42
f 475/650/42 474/1505/42 485/648/42
f 478/651/607 476/654/607 473/645/607
f 478/651/608 496/1509/608 477/653/608
f 477/653/609 480/1510/609 479/646/609
f 479/646/610 481/657/610 482/655/610
f 479/646/611 480/1510/611 483/656/611
f 482/655/612 481/657/612 484/658/612
f 483/656/613 486/1511/613 484/658/613
f 484/658/614 487/662/614 488/660/614
f 484/658/615 486/1511/615 489/661/615
f 488/660/616 487/662/616 490/663/616
f 489/661/617 492/1512/617 490/663/617
f 491/664/618 490/663/618 493/665/618
f 490/663/619 492/1512/619 495/667/619
f 493/665/620 478/669/620 475/668/620
f 495/667/621 496/1513/621 478/669/621
f 497/670/606 500/679/606 503/671/606
f 499/675/42 497/1514/42 498/1515/42
f 498/1515/42 506/1516/42 509/673/42
f 509/673/42 512/1517/42 515/674/42
f 515/674/42 518/1518/42 499/675/42
f 499/675/42 498/1515/42 509/673/42
f 502/676/607 500/679/607 497/670/607
f 520/678/608 501/1519/608 500/679/608
f 500/679/609 501/1519/609 504/680/609
f 503/671/610 505/682/610 506/681/610
f 504/680/611 507/684/611 505/682/611
f 505/682/612 508/685/612 509/683/612
f 507/684/613 510/1520/613 508/685/613
f 508/685/614 511/688/614 512/686/614
f 508/685/615 510/1520/615 513/687/615
f 512/686/616 511/688/616 514/689/616
f 513/687/617 516/1521/617 514/689/617
f 515/690/618 514/689/618 517/691/618
f 514/689/619 516/1521/619 519/693/619
f 518/692/620 517/691/620 502/694/620
f 519/693/621 520/1522/621 502/694/621
f 521/696/622 524/708/622 527/697/623
f 523/700/42 521/1523/42 522/1524/42
f 522/1524/42 530/1525/42 523/700/42
f 530/1525/42 533/701/42 523/700/42
f 533/701/42 536/1526/42 539/1527/42
f 539/1527/42 542/699/42 533/701/42
f 526/702/624 524/706/622 521/703/622
f 544/705/608 525/1528/608 524/706/608
f 525/707/609 528/710/609 527/697/609
f 527/697/623 529/711/625 530/709/625
f 528/710/611 531/1529/611 529/711/611
f 530/709/625 529/711/625 532/712/626
f 529/711/613 531/1529/613 534/714/613
f 532/712/626 535/716/627 536/715/627
f 534/714/615 537/719/615 535/716/615
f 536/715/627 535/716/627 538/717/628
f 537/719/617 540/721/617 538/717/617
f 538/717/628 541/722/629 542/720/629
f 540/721/619 543/723/619 541/722/619
f 542/720/629 541/722/629 526/702/624
f 543/723/621 544/705/621 526/702/621
f 548/724/630 545/1530/630 546/725/630
f 546/725/631 545/1530/631 547/727/631
f 550/729/632 548/1531/632 549/730/632
f 553/732/633 552/1532/633 550/729/633
f 554/733/634 552/1532/634 553/732/634
f 557/728/635 547/727/635 554/733/635
f 556/735/636 555/734/636 553/732/636
f 557/728/637 555/734/637 556/735/637
f 546/725/638 557/728/638 558/737/638
f 563/746/646 549/726/646 546/725/646
f 551/731/647 549/730/647 563/747/647
f 561/736/648 553/732/648 551/731/648
f 568/749/649 567/1533/649 564/750/649
f 564/750/650 566/1534/650 576/752/650
f 569/753/651 567/1533/651 568/749/651
f 571/755/652 569/753/652 570/754/652
f 573/757/654 571/755/654 572/756/654
f 576/752/655 566/1534/655 573/757/655
f 574/758/656 572/756/656 580/759/656
f 577/761/657 576/752/657 574/758/657
f 565/751/658 576/752/658 577/761/658
f 568/749/666 565/751/666 578/762/666
f 570/754/667 568/749/667 582/770/667
f 580/759/668 572/756/668 570/754/668
f 587/772/669 586/1535/669 583/773/669
f 583/773/670 585/783/670 595/775/670
f 588/776/671 586/1535/671 587/772/671
f 590/778/672 588/1536/672 589/779/672
f 592/781/673 590/778/673 591/780/673
f 585/783/674 592/781/674 593/782/674
f 593/782/675 591/780/675 599/784/675
f 596/786/676 595/775/676 593/782/676
f 597/787/678 584/774/678 595/775/678
f 587/772/686 584/774/686 597/787/686
f 600/796/687 589/777/687 587/772/687
f 591/780/688 589/779/688 600/797/688
f 606/798/689 605/803/689 602/799/689
f 602/799/690 604/809/690 614/801/690
f 608/802/691 607/1537/691 605/803/691
f 609/804/692 607/1537/692 608/802/692
f 612/806/693 611/1538/693 609/807/693
f 604/809/694 611/1538/694 612/806/694
f 612/806/695 610/808/695 618/810/695
f 615/812/696 614/801/696 612/806/696
f 603/800/697 614/801/1229 615/812/697
f 606/798/705 603/800/705 616/813/705
f 619/822/706 608/802/706 606/798/706
f 610/805/707 608/802/707 619/822/707
f 624/824/708 621/1539/708 622/825/708
f 622/825/709 621/1539/709 623/827/709
f 627/829/710 626/831/710 624/824/710
f 629/830/711 628/1540/711 626/831/711
f 630/832/712 628/1541/712 629/833/712
f 633/828/713 623/827/713 630/832/713
f 632/835/714 631/834/714 629/833/714
f 633/828/715 631/834/715 632/835/715
f 622/825/716 633/828/716 634/837/716
f 639/846/724 625/826/724 622/825/724
f 627/829/725 625/826/725 639/846/725
f 629/830/726 627/829/726 638/847/726
f 643/849/727 644/854/727 641/850/728
f 642/852/729 645/1542/730 643/849/730
f 643/849/727 646/856/731 647/853/731
f 643/849/730 645/1542/730 648/855/732
f 649/857/733 647/1543/733 646/858/733
f 645/860/735 650/863/735 649/861/736
f 644/854/737 647/853/738 649/861/738
f 641/850/739 644/854/737 650/863/737
f 650/863/735 645/860/735 642/865/740
f 652/866/741 655/875/748 658/867/742
f 654/869/743 657/873/746 655/870/744
f 663/872/745 656/886/762 655/870/744
f 656/874/747 659/887/747 658/867/742
f 658/867/749 660/878/752 661/876/750
f 658/867/749 659/887/1230 662/877/751
f 660/878/753 657/873/756 654/869/754
f 660/878/753 662/877/755 663/872/755
f 662/877/751 659/887/1230 665/879/757
f 662/877/755 664/880/758 666/881/758
f 665/882/759 667/1544/759 666/883/760
f 663/872/745 666/881/761 667/885/761
f 659/887/747 656/874/747 667/888/763
f 668/889/764 671/895/765 672/890/765
f 673/892/766 671/898/766 668/893/767
f 671/895/765 674/1545/768 675/896/768
f 673/892/766 676/903/769 674/897/769
f 677/899/770 675/1546/770 674/900/770
f 673/892/771 678/904/771 677/902/772
f 678/904/773 672/890/773 675/896/774
f 672/890/773 678/904/773 679/905/775
f 678/904/771 673/892/771 670/894/776
f 684/906/777 681/1547/777 680/907/777
f 682/909/778 685/1548/778 683/908/778
f 684/910/779 683/1549/779 685/911/779
f 686/913/780 685/1548/780 682/909/780
f 684/915/781 686/913/781 687/914/781
f 691/917/782 694/924/788 689/918/783
f 690/920/784 693/922/785 691/917/785
f 699/921/786 692/923/799 691/917/785
f 692/923/787 695/938/787 694/924/788
f 694/925/789 696/929/789 697/926/790
f 694/925/789 695/930/795 698/928/791
f 696/929/792 693/922/792 690/920/793
f 698/928/794 699/921/794 693/922/792
f 695/930/795 701/1550/796 700/931/796
f 699/921/794 698/928/794 700/931/797
f 700/933/798 701/1551/798 703/934/798
f 692/923/799 699/921/786 702/932/800
f 692/923/787 703/936/801 701/937/801
f 704/939/802 708/945/809 710/940/803
f 707/942/805 704/939/811 705/941/806
f 706/944/808 711/947/812 708/945/809
f 774/946/810 706/944/892 704/939/811
f 711/947/812 713/952/817 709/948/813
f 710/940/803 708/945/809 709/948/813
f 776/950/815 712/974/838 711/947/812
f 711/947/812 712/974/838 714/951/816
f 713/952/817 714/951/816 716/953/818
f 713/952/817 715/954/819 717/955/820
f 729/969/833 726/1066/934 727/970/834
f 714/951/816 728/971/835 727/970/834
f 732/972/836 729/969/833 728/971/835
f 712/974/838 730/973/837 728/971/835
f 731/975/839 730/973/837 712/974/838
f 733/976/840 732/972/836 730/973/837
f 737/977/841 734/980/844 732/972/836
f 732/972/836 734/980/844 735/978/842
f 736/979/843 789/1062/931 735/978/842
f 737/977/845 738/981/930 736/979/843
f 738/981/846 737/977/1231 739/982/847
f 739/982/847 737/977/1231 733/976/849
f 742/983/848 739/982/847 740/985/851
f 740/985/851 739/982/847 741/984/850
f 744/988/854 742/983/848 743/986/852
f 746/990/856 738/981/846 742/983/848
f 748/991/857 747/992/858 744/988/854
f 747/992/858 749/995/861 746/990/856
f 751/993/859 750/994/1232 747/992/858
f 750/994/860 752/1049/1233 749/995/861
f 753/996/862 750/994/1232 751/993/859
f 755/998/864 752/1049/1233 750/994/860
f 756/999/807 753/996/862 754/997/863
f 705/1001/806 755/998/864 753/996/862
f 758/1002/866 707/942/805 756/943/807
f 757/1004/867 759/1552/867 760/1005/868
f 757/1007/870 754/1046/912 761/1008/871
f 758/1006/869 760/1005/868 771/1023/885
f 772/1024/886 771/1023/885 770/1025/887
f 773/1027/889 775/1029/891 774/946/810
f 772/1028/890 774/946/810 707/942/805
f 775/1029/891 776/950/895 706/944/892
f 778/1030/893 777/1031/894 775/1029/891
f 777/1031/894 731/975/896 776/950/895
f 779/987/853 741/984/850 777/1031/894
f 741/984/850 733/976/849 731/975/896
f 778/1032/897 769/1035/1234 768/1033/898
f 778/1032/900 773/1026/888 770/1025/887
f 779/1034/901 768/1033/901 767/1036/902
f 743/1038/903 740/1037/902 767/1036/902
f 745/1040/904 743/1038/1235 766/1039/905
f 745/1040/907 765/1041/907 764/1042/908
f 751/1044/910 748/1043/909 764/1042/908
f 754/1046/912 751/1044/910 763/1045/911
f 755/998/913 705/1001/1236 710/1047/803
f 752/1049/915 755/998/1237 780/1048/914
f 710/1047/803 783/1553/814 782/1051/917
f 781/1050/916 780/1048/914 782/1051/917
f 782/1051/917 783/1553/814 719/1053/919
f 782/1051/917 720/1054/920 721/1055/921
f 785/1056/922 784/1052/918 721/1055/921
f 781/1050/916 784/1052/918 785/1056/922
f 787/1058/924 785/1056/922 786/1059/925
f 786/1059/925 785/1056/922 722/1057/923
f 749/995/928 752/1049/915 781/1050/916
f 746/990/929 749/995/1238 787/1058/924
f 738/981/930 746/990/1239 788/1060/926
f 736/979/843 788/1060/926 786/1059/925
f 786/1059/925 723/1061/927 724/1063/932
f 735/978/842 789/1062/931 724/1063/932
f 709/948/813 717/955/820 719/1065/919
f 729/969/833 735/978/842 725/1064/933
f 790/1067/935 791/1104/967 795/1068/936
f 824/1072/940 791/1554/967 790/1555/935
f 790/1555/935 792/1556/1240 800/1557/945
f 800/1557/945 803/1558/949 812/1070/938
f 803/1558/949 806/1559/953 812/1070/938
f 806/1559/953 809/1560/955 812/1070/938
f 812/1070/938 815/1561/1241 818/1071/939
f 818/1071/939 821/1562/1242 824/1072/940
f 824/1072/940 790/1555/935 812/1070/938
f 790/1555/935 800/1557/945 812/1070/938
f 796/1073/941 792/1563/1240 790/1067/935
f 797/1074/942 796/1073/941 793/1069/937
f 794/1075/943 793/1069/937 795/1068/936
f 800/1077/945 792/1563/1240 796/1073/941
f 798/1078/946 796/1073/941 797/1074/942
f 802/1080/948 801/1084/950 798/1081/946
f 803/1083/949 800/1564/945 798/1081/946
f 804/1085/951 801/1084/950 802/1080/948
f 806/1087/953 803/1083/949 801/1084/950
f 808/1088/954 807/1090/956 804/1085/951
f 809/1089/955 806/1087/953 804/1085/951
f 810/1091/957 807/1090/956 808/1088/954
f 810/1091/957 812/1095/938 809/1089/955
f 814/1093/959 813/1094/960 810/1091/957
f 813/1094/960 815/1565/1241 812/1095/938
f 817/1096/961 816/1098/962 813/1094/960
f 818/1097/939 815/1565/1241 813/1094/960
f 819/1099/963 816/1098/962 817/1096/961
f 819/1099/963 821/1566/1242 818/1097/939
f 823/1101/965 822/1103/966 819/1099/963
f 824/1102/940 821/1566/1242 819/1099/963
f 795/1068/936 822/1103/966 823/1101/965
f 791/1104/967 824/1102/940 822/1103/966
f 823/1105/968 826/1109/968 827/1106/969
f 823/1105/968 820/1114/970 828/1108/970
f 836/1111/971 837/1567/971 828/1112/971
f 837/1567/971 827/1568/971 828/1112/971
f 827/1568/971 826/1569/971 828/1112/971
f 828/1112/971 829/1570/971 830/1571/971
f 830/1571/971 831/1572/971 828/1112/971
f 831/1572/971 832/1573/971 828/1112/971
f 832/1573/971 833/1574/971 834/1110/971
f 834/1110/971 835/1575/971 836/1111/971
f 832/1573/971 834/1110/971 828/1112/971
f 817/1113/972 829/1116/972 828/1108/970
f 814/1115/973 830/1118/973 829/1116/972
f 811/1117/974 831/1120/974 830/1118/973
f 808/1119/975 832/1122/975 831/1120/974
f 808/1119/975 805/1124/976 833/1121/976
f 802/1123/977 834/1126/977 833/1121/976
f 799/1125/978 835/1576/978 834/1126/977
f 797/1127/979 836/1131/979 835/1128/978
f 797/1127/979 794/1132/980 837/1130/980
f 794/1132/980 825/1107/969 827/1106/969
f 841/1133/981 838/1136/989 839/1134/982
f 838/1136/984 842/1139/987 844/1137/985
f 840/1138/986 845/1141/990 842/1139/987
f 882/1140/988 840/1138/1047 838/1136/989
f 845/1141/990 847/1146/995 843/1142/991
f 842/1139/987 843/1142/991 911/1143/992
f 883/1144/993 846/1145/1019 845/1141/990
f 846/1145/994 848/1147/996 847/1146/995
f 848/1147/996 850/1166/1014 849/1148/997
f 843/1142/991 847/1146/995 849/1148/997
f 863/1163/1011 860/1247/1103 861/1164/1012
f 848/1147/996 862/1165/1013 861/1164/1012
f 866/1167/1015 863/1163/1011 862/1165/1013
f 864/1168/1017 862/1165/1013 848/1147/996
f 883/1144/993 865/1169/1020 864/1168/1018
f 865/1169/1020 867/1170/1022 866/1167/1021
f 867/1170/1022 871/1174/1028 868/1171/1023
f 866/1167/1024 868/1171/1243 869/1172/1025
f 868/1171/1026 870/1175/1077 901/1173/1027
f 871/1174/1028 872/1176/1030 870/1175/1029
f 872/1176/1030 871/1174/1028 873/1177/1031
f 871/1174/1028 867/1170/1022 876/1179/1033
f 874/1180/1034 873/1183/1037 875/1181/1035
f 873/1183/1037 876/1185/1039 877/1184/1038
f 876/1185/1039 878/1188/1042 879/1186/1040
f 867/1170/1022 865/1169/1020 878/1187/1041
f 878/1188/1042 880/1192/1046 881/1189/1043
f 865/1169/1020 883/1144/1244 880/1190/1044
f 882/1191/1045 884/1194/1245 881/1189/1043
f 880/1190/1044 883/1144/1244 840/1138/1047
f 841/1193/1048 885/1244/1100 884/1194/1049
f 893/1208/1064 874/1180/1034 892/1182/1036
f 893/1208/1066 891/1209/1066 890/1210/1067
f 894/1212/1069 896/1215/1072 895/1213/1070
f 895/1213/1070 872/1176/1030 874/1178/1032
f 896/1215/1072 898/1577/1089 897/1216/1073
f 872/1176/1030 895/1213/1070 897/1216/1073
f 897/1216/1074 898/1577/1083 900/1217/1075
f 870/1175/1077 897/1216/1074 899/1218/1076
f 899/1218/1076 900/1217/1075 856/1219/1078
f 899/1218/1076 857/1220/1079 858/1221/1080
f 869/1172/1025 901/1173/1027 858/1221/1080
f 902/1223/1082 855/1228/1085 856/1224/1078
f 898/1226/1083 904/1229/1086 902/1223/1082
f 902/1223/1082 903/1230/1087 854/1227/1084
f 904/1229/1086 905/1245/1101 903/1230/1087
f 906/1231/1088 904/1229/1086 898/1226/1089
f 907/1233/1090 905/1245/1101 904/1229/1086
f 909/1234/1091 907/1233/1090 906/1231/1088
f 908/1235/1092 906/1231/1088 896/1232/1072
f 909/1237/1093 908/1241/1096 889/1238/1094
f 894/1240/1068 890/1578/1067 889/1238/1094
f 910/1242/1097 909/1237/1093 888/1239/1095
f 839/1134/982 907/1233/1090 909/1234/1091
f 910/1242/1099 887/1243/1099 885/1244/1100
f 839/1134/982 844/1137/985 905/1245/1101
f 905/1245/1101 844/1137/985 911/1143/992
f 911/1143/992 853/1246/1102 854/1227/1084
f 843/1142/991 851/1149/998 853/1246/1102
f 869/1172/1025 859/1222/1081 860/1247/1103
f 913/1248/1104 912/1252/1104 914/1249/1104
f 917/1251/1105 916/1579/1105 912/1252/1105
f 919/1257/1109 918/1580/1109 916/1258/1109
f 920/1261/1111 918/1580/1111 919/1257/1111
f 922/1264/1113 920/1261/1113 921/1262/1113
f 925/1267/1115 924/1581/1115 922/1264/1115
f 926/1270/1118 924/1581/1118 925/1267/1118
f 929/1272/1119 928/1582/1119 926/1270/1119
f 930/1274/1121 928/1582/1121 929/1272/1121
f 914/1249/1123 930/1274/1123 931/1275/1123
f 935/1277/434 941/1583/434 934/1278/434
f 936/1280/1124 938/1282/1124 935/1277/1124
f 937/1281/1124 939/1584/1124 938/1282/1124
f 940/1283/1125 941/1289/1125 935/1284/1125
f 940/1283/1125 938/1285/1125 939/1286/1125
f 940/1283/1125 944/1585/1125 945/1288/1125
f 940/1290/1126 942/1318/1126 960/1291/1126
f 943/1292/414 946/1586/414 944/1293/414
f 945/1294/1127 944/1587/1131 947/1295/1128
f 946/1297/1130 950/1302/1130 947/1298/1128
f 949/1296/1132 947/1295/1132 948/1300/1132
f 950/1302/1133 951/1588/1133 948/1303/1133
f 948/1303/1134 951/1588/1134 952/1304/1134
f 953/1306/1126 955/1589/1126 954/1307/1126
f 948/1300/1135 954/1590/1135 955/1309/1135
f 956/1310/1136 955/1591/1136 953/1311/1136
f 958/1313/1137 949/1315/1137 956/1310/1137
f 959/1314/1138 945/1592/1127 949/1315/1129
f 934/1278/434 941/1583/434 945/1316/434
f 942/1318/434 962/1593/434 961/1319/434
f 961/1320/1139 962/1594/1142 965/1321/1140
f 963/1322/1141 965/1321/1141 966/1323/1141
f 962/1325/1142 969/1595/1147 967/1326/1143
f 967/1328/1144 968/1596/1144 966/1329/1144
f 970/1331/1145 972/1597/1145 968/1332/1145
f 971/1334/1146 970/1331/1146 967/1333/1143
f 968/1332/1148 972/1597/1148 973/1336/1148
f 975/1338/1126 976/1598/1126 974/1339/1126
f 964/1324/1149 966/1323/1149 976/1341/1149
f 966/1329/1150 968/1596/1150 974/1343/1150
f 977/1345/414 971/1599/414 969/1346/414
f 978/1347/414 980/1349/414 979/1348/414
f 980/1349/1124 939/1584/1124 937/1281/1124
f 978/1350/1125 942/1287/1125 939/1286/1125
f 942/1287/1125 978/1350/1125 969/1352/1125
f 981/1354/1151 983/1600/1151 988/1355/1151
f 986/1357/1152 983/1601/1152 981/1358/1152
f 987/1360/1153 986/1357/1153 984/1359/1153
f 987/1362/92 988/1602/92 983/1363/92
f 982/1356/1154 988/1355/1154 987/1360/1154
f 989/1365/1104 991/1603/1104 1009/1366/1104
f 993/1368/1155 989/1365/1155 990/1367/1105
f 996/1374/1109 995/1604/1109 993/1368/1109
f 997/1376/1111 995/1604/1111 996/1374/1111
f 999/1379/1113 997/1376/1113 998/1377/1113
f 1002/1382/1115 1001/1605/1246 999/1379/1115
f 1003/1385/1118 1001/1605/1118 1002/1382/1118
f 1005/1387/1119 1003/1385/1119 1004/1386/1119
f 1007/1390/1121 1005/1387/1121 1006/1388/1121
f 1009/1393/1123 991/1606/1123 1007/1390/1123
o Planos
v -1.087561 3.189461 -1.871122
v -0.599825 3.269180 -1.546736
v -1.087561 2.929260 -1.807178
v -0.599824 3.008978 -1.482791
v -1.835491 4.054397 -2.391302
v -1.835491 2.386759 -2.391302
v -1.835491 4.096471 -2.426421
v -1.835491 2.386759 -2.426421
v -1.817932 4.096471 -2.408861
v -1.853051 4.096471 -2.408861
v -1.817932 2.386759 -2.408861
v -1.853051 2.386759 -2.408861
v 1.824973 3.261596 2.088963
v 1.824973 3.261596 2.053844
v 1.824973 2.441335 2.088963
v 1.824973 2.441335 2.053844
v 1.842532 3.261596 2.071404
v 1.807413 3.261596 2.071404
v 1.842532 2.441335 2.071404
v 1.807413 2.441335 2.071404
v 0.289261 3.395513 1.652881
v 0.289261 3.395513 1.617761
v 0.289261 2.106543 1.652880
v 0.289261 2.106543 1.617761
v 0.306820 3.395513 1.635321
v 0.271701 3.395513 1.635321
v 0.306820 2.106543 1.635321
v 0.271701 2.106543 1.635321
v 1.926672 2.933488 1.511714
v 2.108136 2.765436 1.460201
v 1.860120 2.876390 1.463544
v 2.041584 2.708338 1.412031
v 1.987250 2.778260 1.612019
v 2.047559 2.920665 1.359897
v 1.920697 2.721162 1.563848
v 1.981007 2.863567 1.311727
v 1.514129 3.024424 1.746332
v 1.739411 2.910183 1.741699
v 1.453310 2.908687 1.642881
v 1.678592 2.794445 1.638247
v 1.587157 2.884486 1.859957
v 1.666383 3.050122 1.628074
v 1.526338 2.768748 1.756505
v 1.605564 2.934384 1.524622
v 1.645371 2.581273 2.069854
v 2.008061 2.581274 2.069854
v 1.645371 2.361290 2.069854
v 2.008061 2.361290 2.069854
v 1.826716 2.581274 2.282164
v 1.826716 2.581274 1.857543
v 1.826716 2.361290 2.282164
v 1.826716 2.361290 1.857543
v 0.966310 2.730567 -1.226951
v 1.097723 2.525488 -1.020633
v 0.730153 2.566190 -1.239921
v 0.861566 2.361111 -1.033603
v 0.968046 2.710268 -1.001299
v 1.095988 2.545786 -1.246285
v 0.731888 2.545892 -1.014269
v 0.859830 2.381409 -1.259255
v -2.004494 2.409435 -1.871385
v -1.741131 2.557548 -1.768447
v -2.004494 2.245058 -1.634872
v -1.741131 2.393171 -1.531933
v -1.963681 2.592441 -1.744196
v -1.781945 2.374542 -1.895636
v -1.963681 2.428064 -1.507683
v -1.781945 2.210165 -1.659122
v -1.010280 3.287369 -1.472720
v -0.677106 3.171272 -1.945138
v -1.010280 3.027167 -1.408775
v -0.677106 2.911070 -1.881193
v -1.841860 2.415078 -2.418510
v -1.831231 2.413985 -2.392276
v -1.573702 2.192972 -2.536422
v -1.563072 2.191879 -2.510188
v -1.870953 2.417029 -2.408696
v -1.859134 2.415936 -2.434416
v -2.140601 2.194923 -2.523160
v -2.128783 2.193830 -2.548880
v -1.827051 2.416555 -2.390608
v -1.852621 2.415462 -2.402747
v -1.944885 2.194449 -2.122415
v -1.970455 2.193356 -2.134554
v 0.274433 2.238178 1.640190
v 0.284059 2.237188 1.663948
v 0.514202 2.032215 1.529347
v 0.525449 2.032773 1.556209
v 0.248086 2.239945 1.649078
v 0.258789 2.238955 1.625785
v 0.027878 2.033339 1.536492
v 0.039122 2.033548 1.509238
v 0.287845 2.239515 1.665459
v 0.264688 2.238525 1.654465
v 0.195521 2.034920 1.879454
v 0.168914 2.034253 1.868289
v 1.825405 2.548397 2.071699
v 1.821666 2.547520 2.094101
v 2.057832 2.365914 2.099106
v 2.053877 2.366408 2.124603
v 1.801391 2.549962 2.066202
v 1.820267 2.549085 2.053572
v 1.687274 2.366909 1.879137
v 1.708394 2.367095 1.863767
v 1.823824 2.549582 2.096997
v 1.811432 2.548705 2.077963
v 1.654939 2.368311 2.215811
v 1.640021 2.367719 2.195050
v 1.322639 4.397789 0.915336
v 1.301327 4.283992 0.861447
v 1.444189 4.364933 0.936648
v 1.422877 4.251135 0.882759
v 1.440079 4.226789 0.882320
v 1.425035 4.105319 0.807616
v 1.541026 4.164659 0.963015
v 1.525981 4.043189 0.888311
v 1.364236 4.115769 0.761761
v 1.416157 4.086057 0.623162
v 1.503303 4.097875 0.817694
v 1.555224 4.068163 0.679095
v 1.595067 4.070492 0.722238
v 1.653929 4.048221 0.571630
v 1.736457 4.018609 0.785169
v 1.795319 3.996338 0.634562
v -0.568457 4.543062 -1.669992
v -0.468880 4.408480 -1.974037
v -0.243199 4.516615 -1.551760
v -0.143621 4.382033 -1.855805
v -0.682194 4.616197 -1.409710
v -0.574772 4.558832 -1.696373
v -0.408652 4.528157 -1.289587
v -0.301230 4.470792 -1.576250
v -1.044518 4.925673 -0.957135
v -0.961758 4.889027 -1.167179
v -0.923308 4.748395 -0.878447
v -0.840548 4.711750 -1.088492
v -1.235170 5.104722 -0.967872
v -1.091216 5.115033 -1.145303
v -1.121273 4.924088 -0.885961
v -0.977318 4.934399 -1.063392
v -1.252707 4.763338 -1.697602
v -1.180719 4.578118 -1.810838
v -1.041747 4.794868 -1.615064
v -0.969759 4.609649 -1.728300
v -1.680112 4.806288 -1.477091
v -1.568041 4.671161 -1.705941
v -1.469141 5.002565 -1.489670
v -1.357071 4.867438 -1.718521
v 1.072722 6.576086 0.138341
v 1.208483 6.400673 -0.022957
v 1.105506 6.405962 0.350945
v 1.241266 6.230548 0.189647
v 0.802446 6.669159 0.339841
v 0.980167 6.585595 0.222612
v 0.892346 6.588114 0.533904
v 1.070068 6.504550 0.416674
v 0.664509 6.644935 0.646906
v 0.879383 6.594734 0.552100
v 0.728049 6.533482 0.849933
v 0.942923 6.483280 0.755127
v 0.396528 7.038329 0.460719
v 0.617184 6.909685 0.271486
v 0.339099 6.752723 0.587912
v 0.559755 6.624079 0.398680
v 2.059121 2.756711 1.413510
v 2.056653 2.360675 1.307639
v 2.039329 2.731173 1.509501
v 2.036861 2.335137 1.403631
v -0.206546 5.842246 0.741055
v -0.326861 6.245993 1.210662
v -0.183980 5.910889 0.687820
v -0.304295 6.314635 1.157427
v -0.243093 5.880300 0.698975
v -0.363408 6.284047 1.168581
v -0.147432 5.872836 0.729901
v -0.267748 6.276582 1.199507
v 0.111865 5.880300 0.738167
v 0.242472 6.284047 1.205016
v 0.210172 5.872836 0.717119
v 0.340780 6.276582 1.183969
v 0.164556 5.842246 0.756336
v 0.295163 6.245993 1.223185
v 0.157481 5.910889 0.698951
v 0.288089 6.314635 1.165800
v 0.438863 5.880300 0.594630
v 0.785397 6.284047 0.933629
v 0.513476 5.872836 0.527248
v 0.860010 6.276582 0.866248
v 0.493579 5.842246 0.584019
v 0.840113 6.245993 0.923019
v 0.458760 5.910889 0.537859
v 0.805294 6.314635 0.876859
v 0.650284 5.880300 0.306824
v 1.119890 6.284047 0.427139
v 0.681210 5.872836 0.211163
v 1.150816 6.276582 0.331478
v 0.692364 5.842246 0.270277
v 1.161971 6.245993 0.390592
v 0.639130 5.910889 0.247710
v 1.108736 6.314635 0.368026
v 0.689476 5.880300 -0.048134
v 1.156325 6.284047 -0.178741
v 0.668429 5.872836 -0.146441
v 1.135278 6.276582 -0.277049
v 0.707645 5.842246 -0.100825
v 1.174494 6.245993 -0.231432
v 0.650260 5.910889 -0.093750
v 1.117109 6.314635 -0.224358
v 0.545939 5.880300 -0.375132
v 0.884938 6.284047 -0.721666
v 0.478557 5.872836 -0.449746
v 0.817557 6.276582 -0.796279
v 0.535328 5.842246 -0.429849
v 0.874328 6.245993 -0.776382
v 0.489168 5.910889 -0.395029
v 0.828168 6.314635 -0.741563
v 0.258133 5.880300 -0.586553
v 0.378448 6.284047 -1.056160
v 0.162472 5.872836 -0.617479
v 0.282787 6.276582 -1.087086
v 0.221586 5.842246 -0.628633
v 0.341901 6.245993 -1.098240
v 0.199020 5.910889 -0.575399
v 0.319335 6.314635 -1.045006
v -0.096825 5.880300 -0.625745
v -0.227432 6.284047 -1.092595
v -0.195132 5.872836 -0.604698
v -0.325740 6.276582 -1.071547
v -0.149516 5.842246 -0.643914
v -0.280123 6.245993 -1.110763
v -0.142441 5.910889 -0.586529
v -0.273049 6.314635 -1.053378
v -0.423823 5.880300 -0.482208
v -0.770357 6.284047 -0.821208
v -0.498436 5.872836 -0.414827
v -0.844970 6.276582 -0.753826
v -0.478539 5.842246 -0.471597
v -0.825073 6.245993 -0.810597
v -0.443720 5.910889 -0.425438
v -0.790254 6.314635 -0.764437
v -0.635244 5.880300 -0.194402
v -1.104851 6.284047 -0.314717
v -0.666170 5.872836 -0.098741
v -1.135777 6.276582 -0.219057
v -0.677324 5.842246 -0.157855
v -1.146931 6.245993 -0.278170
v -0.624090 5.910889 -0.135289
v -1.093697 6.314635 -0.255604
v -0.674436 5.880300 0.160555
v -1.141285 6.284047 0.291163
v -0.653389 5.872836 0.258863
v -1.120238 6.276582 0.389471
v -0.692605 5.842246 0.213247
v -1.159454 6.245993 0.343854
v -0.635220 5.910889 0.206172
v -1.102069 6.314635 0.336780
v -0.530899 5.880300 0.487554
v -0.869899 6.284047 0.834088
v -0.463518 5.872836 0.562167
v -0.802517 6.276582 0.908701
v -0.520288 5.842246 0.542270
v -0.859288 6.245993 0.888804
v -0.474128 5.910889 0.507451
v -0.813128 6.314635 0.853985
v 0.911785 3.761520 -0.014908
v 0.853572 3.803627 0.026448
v 1.063313 3.474801 0.490310
v 1.005100 3.516908 0.531666
v 0.910271 3.812287 0.014357
v 0.855085 3.752861 -0.002817
v 1.061799 3.525568 0.519575
v 1.006613 3.466141 0.502401
v 2.047555 3.805096 0.116055
v 2.023397 3.755719 0.054004
v 1.547155 3.505203 0.549507
v 1.522998 3.455827 0.487456
v 2.007950 3.808973 0.073015
v 2.063002 3.751843 0.097044
v 1.507550 3.509080 0.506468
v 1.562603 3.451950 0.530496
v 2.254295 3.630507 0.784497
v 2.250871 3.597558 0.708506
v 1.767641 3.394304 0.908839
v 1.764218 3.361355 0.832848
v 2.232723 3.647729 0.732786
v 2.272442 3.580336 0.760218
v 1.746070 3.411526 0.857127
v 1.785789 3.344132 0.884559
v 1.984007 3.371468 1.786837
v 2.043522 3.350905 1.732919
v 1.545950 3.244498 1.351724
v 1.605466 3.223934 1.297807
v 2.015431 3.400462 1.746739
v 2.012097 3.321911 1.773017
v 1.577375 3.273492 1.311626
v 1.574041 3.194940 1.337905
v 1.024998 3.346076 1.934387
v 1.102999 3.326278 1.954286
v 1.134781 3.244814 1.403326
v 1.212781 3.225016 1.423226
v 1.075354 3.375701 1.939147
v 1.052643 3.296654 1.949525
v 1.185136 3.274439 1.408087
v 1.162425 3.195391 1.418465
v 0.200352 3.536577 1.100752
v 0.224096 3.522747 1.178962
v 0.737543 3.353230 0.905242
v 0.761287 3.339399 0.983453
v 0.226419 3.568520 1.142419
v 0.198029 3.490804 1.137295
v 0.763610 3.385172 0.946909
v 0.735220 3.307456 0.941786
vn -0.5651 0.1969 0.8012
vn 1.0000 -0.0000 -0.0000
vn -0.0000 -0.0000 -1.0000
vn -0.2039 -0.4815 0.8524
vn 0.7183 -0.6652 -0.2039
vn -0.2679 -0.5600 0.7840
vn 0.8917 -0.4522 -0.0183
vn -0.0000 -0.0000 1.0000
vn -0.3978 0.5114 0.7617
vn 0.4117 -0.6425 0.6463
vn -0.5651 0.6775 0.4709
vn 0.8251 0.4640 0.3225
vn 0.8251 0.1349 0.5487
vn -0.5719 -0.7959 0.1986
vn 0.5366 -0.7959 0.2804
vn 0.2871 -0.7959 -0.5330
vn -0.5697 -0.7895 0.2282
vn 0.5822 -0.7688 0.2647
vn 0.2887 -0.7524 -0.5921
vn -0.6049 -0.7895 -0.1035
vn 0.3578 -0.7688 0.5301
vn 0.5558 -0.7524 -0.3536
vn 0.2573 0.3738 -0.8911
vn 0.7024 0.3077 -0.6418
vn 0.1818 0.9732 -0.1406
vn 0.3459 0.9383 -0.0036
vn 0.1988 0.9186 -0.3415
vn 0.3312 0.9414 -0.0643
vn 0.7669 0.6112 0.1956
vn 0.5965 0.6117 0.5195
vn 0.2240 0.5702 -0.7903
vn -0.5604 0.5634 -0.6071
vn 0.8606 0.4540 0.2306
vn 0.4916 0.8608 0.1317
vn 0.3599 0.8608 0.3599
vn 0.6968 0.1702 0.6968
vn 0.9807 -0.0562 0.1873
vn 0.9489 -0.0740 0.3068
vn -0.2514 -0.7648 0.5931
vn 0.0788 -0.7648 0.6394
vn 0.9752 -0.0740 -0.2088
vn 0.3880 -0.7648 0.5143
vn 0.7401 -0.0740 -0.6684
vn 0.5931 -0.7648 0.2514
vn 0.3068 -0.0740 -0.9489
vn 0.6394 -0.7648 -0.0788
vn -0.2088 -0.0740 -0.9752
vn 0.5143 -0.7648 -0.3880
vn -0.6684 -0.0740 -0.7401
vn 0.2514 -0.7648 -0.5931
vn -0.9489 -0.0740 -0.3068
vn -0.0788 -0.7648 -0.6394
vn -0.9752 -0.0740 0.2088
vn -0.3880 -0.7648 -0.5143
vn -0.7401 -0.0740 0.6684
vn -0.5931 -0.7648 -0.2514
vn -0.3068 -0.0740 0.9489
vn -0.6394 -0.7648 0.0788
vn 0.2088 -0.0740 0.9752
vn -0.5143 -0.7648 0.3880
vn 0.6684 -0.0740 0.7401
vn -0.6657 -0.7169 -0.2072
vn 0.7022 -0.5079 -0.4989
vn 0.6641 -0.6892 0.2899
vn 0.2914 0.5956 0.7485
vn 0.4791 -0.8130 0.3309
vn 0.0413 0.3975 0.9167
vn -0.0402 -0.9476 0.3170
vn -0.7179 0.2481 0.6504
vn -0.2740 -0.9536 0.1252
vn -0.9409 0.2388 -0.2400
vn -0.3425 -0.9375 -0.0618
vn -0.2864 0.1668 -0.9435
vt 0.000267 0.000267
vt 0.152976 0.000267
vt 0.152976 0.336313
vt 0.000267 0.336313
vt 0.446477 0.975137
vt 0.446476 0.000267
vt 0.467006 0.000267
vt 0.467006 0.999733
vt 0.326980 0.661291
vt 0.326980 0.181782
vt 0.347510 0.181782
vt 0.347510 0.661291
vt 0.619774 0.753774
vt 0.619774 0.000267
vt 0.640304 0.000267
vt 0.640304 0.753775
vt 0.058749 0.617810
vt 0.000267 0.617810
vt 0.000267 0.470135
vt 0.058749 0.470135
vt 0.153509 0.436125
vt 0.250829 0.436125
vt 0.250829 0.608774
vt 0.153509 0.608774
vt 0.282108 0.248492
vt 0.153509 0.248492
vt 0.153509 0.000267
vt 0.282108 0.000267
vt 0.445942 0.181248
vt 0.282642 0.181248
vt 0.282642 0.000267
vt 0.445943 0.000267
vt 0.320585 0.435591
vt 0.153509 0.435591
vt 0.153509 0.249026
vt 0.320585 0.249026
vt 0.152976 0.336847
vt 0.152976 0.545432
vt 0.136903 0.545432
vt 0.136903 0.336847
vt 0.524571 0.595408
vt 0.524571 0.414416
vt 0.541101 0.413456
vt 0.538955 0.594589
vt 0.541635 0.572277
vt 0.541635 0.414294
vt 0.556064 0.413457
vt 0.554191 0.571562
vt 0.000267 0.469602
vt 0.000267 0.336847
vt 0.133022 0.336847
vt 0.133022 0.469602
vt 0.320585 0.675709
vt 0.261392 0.675709
vt 0.261392 0.436125
vt 0.320585 0.436125
vt 0.395646 0.181782
vt 0.445943 0.181782
vt 0.445943 0.535342
vt 0.395646 0.535342
vt 0.524037 0.353828
vt 0.467540 0.353828
vt 0.467540 0.000267
vt 0.524037 0.000267
vt 0.619240 0.000267
vt 0.619240 0.341131
vt 0.572173 0.341131
vt 0.572173 0.000267
vt 0.571639 0.000267
vt 0.571639 0.412923
vt 0.524571 0.412923
vt 0.524571 0.000267
vt 0.619240 0.341665
vt 0.619240 0.656814
vt 0.572173 0.656814
vt 0.572173 0.341665
vt 0.348044 0.539682
vt 0.348044 0.181782
vt 0.395112 0.181782
vt 0.395112 0.539682
vt 0.467540 0.667585
vt 0.467540 0.354362
vt 0.514608 0.354362
vt 0.514608 0.667585
s 1
usemtl Planos_Opacity
f 1010/1607/1247 1012/1608/1247 1013/1609/1247 1011/1610/1247
f 1014/1611/1248 1015/1612/1248 1017/1613/1248 1016/1614/1248
f 1018/1611/1249 1020/1612/1249 1021/1613/1249 1019/1614/1249
f 1022/1615/1248 1024/1616/1248 1025/1617/1248 1023/1618/1248
f 1026/1615/1249 1028/1616/1249 1029/1617/1249 1027/1618/1249
f 1030/1619/1248 1032/1620/1248 1033/1621/1248 1031/1622/1248
f 1034/1619/1249 1036/1620/1249 1037/1621/1249 1035/1622/1249
f 1038/1623/1250 1040/1624/1250 1041/1625/1250 1039/1626/1250
f 1042/1623/1251 1044/1624/1251 1045/1625/1251 1043/1626/1251
f 1046/1627/1252 1048/1628/1252 1049/1629/1252 1047/1630/1252
f 1050/1627/1253 1052/1628/1253 1053/1629/1253 1051/1630/1253
f 1054/1631/1254 1056/1632/1254 1057/1633/1254 1055/1634/1254
f 1058/1631/1248 1060/1632/1248 1061/1633/1248 1059/1634/1248
f 1062/1635/1255 1064/1636/1255 1065/1637/1255 1063/1638/1255
f 1066/1635/1256 1068/1636/1256 1069/1637/1256 1067/1638/1256
f 1070/1639/1257 1072/1640/1257 1073/1641/1257 1071/1642/1257
f 1074/1639/1258 1076/1640/1258 1077/1641/1258 1075/1642/1258
f 1078/1607/1259 1080/1608/1259 1081/1609/1259 1079/1610/1259
f 1082/1643/1260 1084/1644/1260 1085/1645/1260 1083/1646/1260
f 1086/1643/1261 1088/1644/1261 1089/1645/1261 1087/1646/1261
f 1090/1643/1262 1092/1644/1262 1093/1645/1262 1091/1646/1262
f 1094/1647/1263 1096/1648/1263 1097/1649/1263 1095/1650/1263
f 1098/1647/1264 1100/1648/1264 1101/1649/1264 1099/1650/1264
f 1102/1647/1265 1104/1648/1265 1105/1649/1265 1103/1650/1265
f 1106/1651/1266 1108/1652/1266 1109/1653/1266 1107/1654/1266
f 1110/1651/1267 1112/1652/1267 1113/1653/1267 1111/1654/1267
f 1114/1651/1268 1116/1652/1268 1117/1653/1268 1115/1654/1268
f 1118/1655/1269 1120/1656/1269 1121/1657/1269 1119/1658/1269
f 1122/1655/1270 1124/1656/1270 1125/1657/1270 1123/1658/1270
f 1126/1655/1271 1128/1656/1271 1129/1657/1271 1127/1658/1271
f 1130/1655/1272 1132/1656/1272 1133/1657/1272 1131/1658/1272
f 1134/1655/1273 1136/1656/1273 1137/1657/1273 1135/1658/1273
f 1138/1655/1274 1140/1656/1274 1141/1657/1274 1139/1658/1274
f 1142/1655/1275 1144/1656/1275 1145/1657/1275 1143/1658/1275
f 1146/1655/1276 1148/1656/1276 1149/1657/1276 1147/1658/1276
f 1150/1655/1277 1152/1656/1277 1153/1657/1277 1151/1658/1277
f 1154/1655/1278 1156/1656/1278 1157/1657/1278 1155/1658/1278
f 1158/1655/1279 1160/1656/1279 1161/1657/1279 1159/1658/1279
f 1162/1655/1280 1164/1656/1280 1165/1657/1280 1163/1658/1280
f 1166/1655/1281 1168/1656/1281 1169/1657/1281 1167/1658/1281
f 1170/1655/1282 1172/1656/1282 1173/1657/1282 1171/1658/1282
f 1174/1659/1283 1176/1660/1283 1177/1661/1283 1175/1662/1283
f 1178/1663/1284 1180/1664/1284 1181/1665/1284 1179/1666/1284
f 1182/1667/1285 1184/1668/1285 1185/1669/1285 1183/1670/1285
f 1186/1667/1286 1188/1668/1286 1189/1669/1286 1187/1670/1286
f 1190/1663/1287 1192/1664/1287 1193/1665/1287 1191/1666/1287
f 1194/1667/1288 1196/1668/1288 1197/1669/1288 1195/1670/1288
f 1198/1663/1289 1200/1664/1289 1201/1665/1289 1199/1666/1289
f 1202/1667/1290 1204/1668/1290 1205/1669/1290 1203/1670/1290
f 1206/1663/1291 1208/1664/1291 1209/1665/1291 1207/1666/1291
f 1210/1667/1292 1212/1668/1292 1213/1669/1292 1211/1670/1292
f 1214/1663/1293 1216/1664/1293 1217/1665/1293 1215/1666/1293
f 1218/1667/1294 1220/1668/1294 1221/1669/1294 1219/1670/1294
f 1222/1663/1295 1224/1664/1295 1225/1665/1295 1223/1666/1295
f 1226/1667/1296 1228/1668/1296 1229/1669/1296 1227/1670/1296
f 1230/1663/1297 1232/1664/1297 1233/1665/1297 1231/1666/1297
f 1234/1667/1298 1236/1668/1298 1237/1669/1298 1235/1670/1298
f 1238/1663/1299 1240/1664/1299 1241/1665/1299 1239/1666/1299
f 1242/1667/1300 1244/1668/1300 1245/1669/1300 1243/1670/1300
f 1246/1663/1301 1248/1664/1301 1249/1665/1301 1247/1666/1301
f 1250/1667/1302 1252/1668/1302 1253/1669/1302 1251/1670/1302
f 1254/1663/1303 1256/1664/1303 1257/1665/1303 1255/1666/1303
f 1258/1667/1304 1260/1668/1304 1261/1669/1304 1259/1670/1304
f 1262/1663/1305 1264/1664/1305 1265/1665/1305 1263/1666/1305
f 1266/1667/1306 1268/1668/1306 1269/1669/1306 1267/1670/1306
f 1270/1663/1307 1272/1664/1307 1273/1665/1307 1271/1666/1307
f 1274/1671/1308 1276/1672/1308 1277/1673/1308 1275/1674/1308
f 1278/1671/1309 1280/1672/1309 1281/1673/1309 1279/1674/1309
f 1282/1675/1310 1284/1676/1310 1285/1677/1310 1283/1678/1310
f 1286/1675/1311 1288/1676/1311 1289/1677/1311 1287/1678/1311
f 1290/1679/1312 1292/1680/1312 1293/1681/1312 1291/1682/1312
f 1294/1679/1313 1296/1680/1313 1297/1681/1313 1295/1682/1313
f 1298/1683/1314 1300/1684/1314 1301/1685/1314 1299/1686/1314
f 1302/1683/1315 1304/1684/1315 1305/1685/1315 1303/1686/1315
f 1306/1687/1316 1308/1688/1316 1309/1689/1316 1307/1690/1316
f 1310/1687/1317 1312/1688/1317 1313/1689/1317 1311/1690/1317
f 1314/1671/1318 1316/1672/1318 1317/1673/1318 1315/1674/1318
f 1318/1671/1319 1320/1672/1319 1321/1673/1319 1319/1674/1319
