# Blender 4.2.1 LTS
# www.blender.org
mtllib hft.mtl
o hl_mp_stalkyard
v 1.205060 54.210915 110.478340
v 1.205060 53.162144 110.478340
v 1.205060 50.015831 110.478348
v 1.205060 3.869934 110.478340
v 1.205060 3.869934 118.868500
v 1.205060 50.015831 118.868507
v 1.205060 53.162144 118.868500
v 1.205060 54.210915 118.868500
v 11.692764 1.772408 -32.154442
v 64.131287 1.772408 -32.154442
v 64.131287 -38.080872 -32.154446
v 22.180468 -38.080872 -32.154446
v 1.205060 -38.080872 -32.154446
v 1.205060 1.772408 -32.154442
v 148.032913 -4.520207 -107.665909
v 148.032913 -38.080860 -107.665916
v 148.032913 -38.080864 -95.080673
v 148.032913 -38.080864 -74.105263
v 148.032913 -22.894669 -74.105263
v 148.032913 -4.520211 -74.105255
v 148.032913 58.406013 -74.105255
v 210.959137 58.406013 -74.105255
v 210.959137 58.406017 -132.836380
v 210.959137 58.406025 -166.397034
v 148.032913 58.406025 -166.397034
v 210.959137 58.406025 -166.397034
v 210.959137 58.406025 -191.567535
v 210.959137 58.406029 -250.298676
v 210.959137 58.406033 -283.859344
v 148.032913 58.406033 -283.859344
v 148.032913 58.406025 -166.397034
v 210.959137 58.406033 -283.859344
v 210.959137 45.820789 -283.859344
v 148.032913 45.820789 -283.859344
v 148.032913 58.406033 -283.859344
v 210.959137 -22.894648 -283.859344
v 210.959137 -38.080845 -283.859344
v 148.032913 -38.080845 -283.859344
v 148.032913 -22.894648 -283.859344
v 210.959137 45.820789 -283.859344
v 210.959137 5.967515 -283.859344
v 210.959137 -22.894648 -283.859344
v 148.032913 -22.894648 -283.859344
v 148.032913 45.820789 -283.859344
v 210.959137 -38.080845 -267.079010
v 210.959137 -38.080845 -262.883942
v 173.203400 -38.080845 -262.883942
v 148.032913 -38.080845 -262.883942
v 148.032913 -38.080845 -267.079010
v 148.032913 -38.080845 -283.859344
v 210.959137 -38.080845 -283.859344
v 173.203400 -38.080845 -254.493774
v 173.203400 -38.080845 -262.883942
v 210.959137 -38.080845 -262.883942
v 210.959137 -38.080849 -208.347870
v 210.959137 -38.080853 -204.152786
v 173.203400 -38.080853 -204.152786
v 207.812836 -38.080864 -83.544197
v 207.812836 -38.080864 -74.105263
v 199.422668 -38.080864 -74.105263
v 199.422668 -38.080864 -83.544197
v 210.959137 -38.080864 -74.105263
v 207.812836 -38.080864 -74.105263
v 207.812836 -38.080864 -83.544197
v 207.812836 -38.080864 -91.934364
v 207.812836 -38.080864 -95.080673
v 210.959137 -38.080864 -95.080673
v 199.422668 -38.080864 -91.934364
v 199.422668 -38.080864 -83.544197
v 199.422668 -38.080864 -74.105263
v 148.032913 -38.080864 -74.105263
v 148.032913 -38.080864 -95.080673
v 177.398483 -38.080864 -95.080673
v 199.422668 -38.080864 -95.080673
v 199.422668 -38.080864 -95.080673
v 207.812836 -38.080864 -95.080673
v 207.812836 -38.080864 -91.934364
v 199.422668 -38.080864 -91.934364
v 177.398483 -38.080860 -111.861000
v 177.398483 -38.080864 -95.080673
v 148.032913 -38.080864 -95.080673
v 148.032913 -38.080860 -107.665916
v 148.032913 -38.080860 -111.861000
v 148.032913 -38.080860 -132.836395
v 160.618164 -38.080860 -132.836395
v 177.398483 -38.080860 -132.836395
v 206.764053 -38.080853 -195.762634
v 215.154221 -38.080853 -195.762634
v 215.154221 -38.080856 -153.811813
v 210.959137 -38.080856 -153.811813
v 206.764053 -38.080856 -153.811813
v 148.032913 -38.080853 -191.567551
v 148.032913 -38.080853 -195.762634
v 173.203400 -38.080853 -195.762634
v 206.764053 -38.080853 -195.762634
v 206.764053 -38.080856 -153.811813
v 148.032913 -38.080856 -153.811813
v 210.959137 -38.080856 -149.616730
v 177.398483 -38.080856 -149.616730
v 160.618164 -38.080856 -149.616730
v 148.032913 -38.080856 -149.616730
v 148.032913 -38.080856 -153.811813
v 206.764053 -38.080856 -153.811813
v 210.959137 -38.080856 -153.811813
v 177.398483 -38.080856 -149.616730
v 210.959137 -38.080856 -149.616730
v 210.959137 -38.080856 -145.421646
v 177.398483 -38.080856 -145.421646
v 148.032913 -38.080856 -145.421646
v 148.032913 -38.080856 -149.616730
v 160.618164 -38.080856 -149.616730
v 160.618164 -38.080860 -132.836395
v 148.032913 -38.080860 -132.836395
v 210.959137 -38.080853 -204.152786
v 215.154221 -38.080853 -204.152786
v 215.154221 -38.080853 -195.762634
v 206.764053 -38.080853 -195.762634
v 173.203400 -38.080853 -195.762634
v 173.203400 -38.080853 -204.152786
v 273.885376 -38.080853 -204.152786
v 286.470612 -38.080853 -204.152786
v 286.470612 -38.080856 -153.811813
v 273.885376 -38.080856 -153.811813
v 236.129639 -38.080856 -153.811813
v 215.154221 -38.080856 -153.811813
v 215.154221 -38.080853 -195.762634
v 215.154221 -38.080853 -204.152786
v 269.690277 -38.080853 -204.152786
v 273.885376 -38.080853 -204.152786
v 273.885376 -38.080856 -153.811813
v 286.470612 -38.080864 -95.080673
v 286.470612 -38.080864 -90.885590
v 286.470612 -38.080872 -32.154446
v 236.129639 -38.080872 -32.154446
v 236.129639 -38.080864 -90.885590
v 236.129639 -38.080864 -95.080673
v 236.129639 -38.080856 -153.811813
v 273.885376 -38.080856 -153.811813
v 286.470612 -38.080856 -153.811813
v 286.470612 -38.080856 -149.616730
v 286.470612 -38.080864 -95.080673
v 236.129639 -38.080864 -95.080673
v 210.959137 8.065045 -187.372467
v 210.959137 45.820782 -187.372452
v 210.959137 45.820782 -170.592117
v 210.959137 8.065043 -170.592133
v 210.959137 5.967510 -246.103607
v 210.959137 5.967513 -267.079010
v 210.959137 5.967515 -283.859344
v 210.959137 45.820789 -283.859344
v 210.959137 45.820786 -250.298676
v 210.959137 45.820786 -246.103592
v 210.959137 8.065045 -187.372467
v 210.959137 5.967505 -187.372467
v 210.959137 5.967507 -208.347870
v 210.959137 5.967510 -246.103607
v 210.959137 45.820786 -246.103592
v 210.959137 45.820782 -191.567535
v 210.959137 45.820782 -187.372452
v 210.959137 5.967500 -132.836395
v 210.959137 5.967501 -145.421646
v 210.959137 5.967502 -149.616730
v 210.959137 5.967503 -170.592133
v 210.959137 8.065043 -170.592133
v 210.959137 45.820782 -170.592117
v 210.959137 45.820774 -132.836380
v 210.959137 5.967493 -74.105255
v 210.959137 5.967496 -95.080666
v 210.959137 5.967497 -103.470833
v 210.959137 5.967497 -111.860992
v 210.959137 5.967500 -132.836395
v 210.959137 45.820774 -132.836380
v 210.959137 45.820770 -74.105247
v 210.959137 -4.520203 -153.811813
v 210.959137 1.772419 -153.811813
v 210.959137 1.772420 -149.616730
v 210.959137 -38.080856 -149.616730
v 210.959137 -38.080856 -153.811813
v 210.959137 1.772425 -208.347870
v 210.959137 1.772425 -204.152786
v 210.959137 -4.520197 -204.152786
v 210.959137 -38.080853 -204.152786
v 210.959137 -38.080849 -208.347870
v 210.959137 -12.910371 -103.470833
v 210.959137 5.967497 -103.470833
v 210.959137 5.967496 -95.080666
v 210.959137 -21.300535 -95.080666
v 210.959137 -21.300535 -103.470833
v 210.959137 -12.910370 -111.860992
v 210.959137 -4.520206 -111.860992
v 210.959137 5.967497 -111.860992
v 210.959137 5.967497 -103.470833
v 210.959137 -12.910371 -103.470833
v 210.959137 -22.894669 -74.105263
v 210.959137 -38.080864 -74.105263
v 210.959137 -38.080864 -95.080673
v 210.959137 -21.300535 -95.080666
v 210.959137 5.967496 -95.080666
v 210.959137 5.967493 -74.105255
v 210.959137 -4.520204 -145.421646
v 210.959137 -38.080856 -145.421646
v 210.959137 -38.080856 -149.616730
v 210.959137 1.772420 -149.616730
v 210.959137 5.967502 -149.616730
v 210.959137 5.967501 -145.421646
v 210.959137 -4.520204 -145.421646
v 210.959137 5.967501 -145.421646
v 210.959137 5.967500 -132.836395
v 210.959137 5.967497 -111.860992
v 210.959137 -4.520206 -111.860992
v 210.959137 -38.080845 -267.079010
v 210.959137 -38.080845 -283.859344
v 210.959137 -22.894648 -283.859344
v 210.959137 5.967515 -283.859344
v 210.959137 5.967513 -267.079010
v 210.959137 5.967510 -246.103607
v 210.959137 5.967507 -208.347870
v 210.959137 1.772425 -208.347870
v 210.959137 -38.080849 -208.347870
v 210.959137 -38.080845 -262.883942
v 210.959137 -38.080845 -267.079010
v 210.959137 5.967513 -267.079010
v 210.959137 45.820786 -250.298676
v 210.959137 45.820789 -283.859344
v 210.959137 58.406033 -283.859344
v 210.959137 58.406029 -250.298676
v 210.959137 45.820782 -191.567535
v 210.959137 45.820786 -246.103592
v 210.959137 45.820786 -250.298676
v 210.959137 58.406029 -250.298676
v 210.959137 58.406025 -191.567535
v 210.959137 45.820774 -132.836380
v 210.959137 45.820782 -170.592117
v 210.959137 45.820782 -187.372452
v 210.959137 45.820782 -191.567535
v 210.959137 58.406025 -191.567535
v 210.959137 58.406025 -166.397034
v 210.959137 58.406017 -132.836380
v 210.959137 45.820770 -74.105247
v 210.959137 45.820774 -132.836380
v 210.959137 58.406017 -132.836380
v 210.959137 58.406013 -74.105255
v 210.959137 5.967505 -187.372467
v 210.959137 5.967503 -170.592133
v 210.959137 5.967502 -149.616730
v 210.959137 1.772420 -149.616730
v 210.959137 1.772419 -153.811813
v 210.959137 1.772425 -204.152786
v 210.959137 1.772425 -208.347870
v 210.959137 5.967507 -208.347870
v 286.470612 -4.520197 -204.152786
v 269.690277 -4.520197 -204.152786
v 269.690277 1.772425 -204.152786
v 281.226746 1.772425 -204.152786
v 269.690277 -4.520197 -204.152786
v 210.959137 -4.520197 -204.152786
v 210.959137 1.772425 -204.152786
v 269.690277 1.772425 -204.152786
v 286.470612 -4.520197 -204.152786
v 286.470612 -38.080853 -204.152786
v 273.885376 -38.080853 -204.152786
v 269.690277 -38.080853 -204.152786
v 269.690277 -4.520197 -204.152786
v 269.690277 -38.080853 -204.152786
v 215.154221 -38.080853 -204.152786
v 210.959137 -38.080853 -204.152786
v 210.959137 -4.520197 -204.152786
v 269.690277 -4.520197 -204.152786
v 286.470612 -38.080856 -149.616730
v 286.470612 -38.080856 -153.811813
v 286.470612 -38.080853 -204.152786
v 286.470612 -4.520197 -204.152786
v 286.470612 -4.520204 -149.616730
v 286.470612 -38.080864 -90.885590
v 286.470612 -38.080864 -95.080673
v 286.470612 -38.080856 -149.616730
v 286.470612 -4.520204 -149.616730
v 286.470612 -4.520209 -90.885582
v 286.470612 -38.080872 -32.154446
v 286.470612 -38.080864 -90.885590
v 286.470612 -4.520209 -90.885582
v 286.470612 -4.520215 -32.154442
v 286.470612 -4.520204 -149.616730
v 286.470612 -4.520197 -204.152786
v 281.226746 1.772425 -204.152786
v 281.226746 1.772419 -153.811813
v 281.226746 1.772420 -149.616730
v 286.470612 -4.520209 -90.885582
v 286.470612 -4.520204 -149.616730
v 281.226746 1.772420 -149.616730
v 281.226746 1.772414 -95.080666
v 281.226746 1.772413 -90.885582
v 286.470612 -4.520215 -32.154442
v 286.470612 -4.520209 -90.885582
v 281.226746 1.772413 -90.885582
v 281.226746 1.772408 -32.154442
v 210.959137 1.772419 -153.811813
v 210.959137 -4.520203 -153.811813
v 231.934555 -4.520203 -153.811813
v 231.934555 1.772419 -153.811813
v 231.934555 1.772419 -153.811813
v 231.934555 -4.520203 -153.811813
v 236.129639 -4.520203 -153.811813
v 241.373489 1.772419 -153.811813
v 231.934555 -4.520203 -153.811813
v 210.959137 -4.520203 -153.811813
v 210.959137 -38.080856 -153.811813
v 215.154221 -38.080856 -153.811813
v 236.129639 -38.080856 -153.811813
v 236.129639 -4.520203 -153.811813
v 281.226746 1.772419 -153.811813
v 281.226746 1.772425 -204.152786
v 269.690277 1.772425 -204.152786
v 269.690277 1.772419 -153.811813
v 269.690277 1.772425 -204.152786
v 210.959137 1.772425 -204.152786
v 210.959137 1.772419 -153.811813
v 231.934555 1.772419 -153.811813
v 241.373489 1.772419 -153.811813
v 257.105042 1.772419 -153.811813
v 265.495209 1.772419 -153.811813
v 269.690277 1.772419 -153.811813
v 236.129639 -4.520203 -153.811813
v 236.129639 -38.080856 -153.811813
v 236.129639 -38.080864 -95.080673
v 236.129639 -38.080864 -90.885590
v 236.129639 -4.520209 -90.885582
v 236.129639 -38.080864 -90.885590
v 236.129639 -38.080872 -32.154446
v 236.129639 -4.520215 -32.154442
v 236.129639 -4.520209 -90.885582
v 257.105042 1.772417 -126.543777
v 257.105042 1.772414 -95.080666
v 257.105042 1.772411 -67.812637
v 265.495209 1.772411 -67.812637
v 265.495209 1.772414 -95.080666
v 265.495209 1.772417 -126.543777
v 257.105042 1.772419 -153.811813
v 257.105042 1.772419 -143.324112
v 265.495209 1.772419 -143.324112
v 265.495209 1.772419 -153.811813
v 257.105042 1.772419 -143.324112
v 257.105042 1.772417 -126.543777
v 265.495209 1.772417 -126.543777
v 265.495209 1.772419 -143.324112
v 257.105042 1.772409 -51.032310
v 257.105042 1.772408 -32.154442
v 265.495209 1.772408 -32.154442
v 265.495209 1.772409 -51.032310
v 257.105042 1.772411 -67.812637
v 257.105042 1.772409 -51.032310
v 265.495209 1.772409 -51.032310
v 265.495209 1.772411 -67.812637
v 257.105042 1.772408 -32.154442
v 257.105042 1.772409 -51.032310
v 257.105042 1.772411 -67.812637
v 257.105042 1.772414 -95.080666
v 241.373489 1.772414 -95.080666
v 241.373489 1.772413 -90.885582
v 241.373489 1.772408 -32.154442
v 257.105042 1.772414 -95.080666
v 257.105042 1.772417 -126.543777
v 257.105042 1.772419 -143.324112
v 257.105042 1.772419 -153.811813
v 241.373489 1.772419 -153.811813
v 241.373489 1.772414 -95.080666
v 265.495209 1.772414 -95.080666
v 265.495209 1.772411 -67.812637
v 265.495209 1.772409 -51.032310
v 265.495209 1.772408 -32.154442
v 281.226746 1.772408 -32.154442
v 281.226746 1.772413 -90.885582
v 281.226746 1.772414 -95.080666
v 269.690277 1.772419 -153.811813
v 265.495209 1.772419 -153.811813
v 265.495209 1.772419 -143.324112
v 265.495209 1.772417 -126.543777
v 265.495209 1.772414 -95.080666
v 281.226746 1.772414 -95.080666
v 281.226746 1.772420 -149.616730
v 281.226746 1.772419 -153.811813
v 241.373489 1.772414 -95.080666
v 241.373489 1.772419 -153.811813
v 236.129639 -4.520203 -153.811813
v 236.129639 -4.520209 -90.885582
v 241.373489 1.772413 -90.885582
v 236.129639 -4.520209 -90.885582
v 236.129639 -4.520215 -32.154442
v 241.373489 1.772408 -32.154442
v 241.373489 1.772413 -90.885582
v 160.618164 -21.300529 -149.616730
v 160.618164 -38.080856 -149.616730
v 177.398483 -38.080856 -149.616730
v 177.398483 -21.300529 -149.616730
v 173.203400 -4.520199 -195.762634
v 173.203400 -38.080853 -195.762634
v 148.032913 -38.080853 -195.762634
v 148.032913 -4.520199 -195.762634
v 162.715698 12.260130 -212.542953
v 162.715698 12.260129 -204.152786
v 162.715698 12.260129 -199.957703
v 148.032913 12.260129 -199.957703
v 148.032913 12.260131 -216.738037
v 162.715698 12.260131 -216.738037
v 148.032913 -38.080845 -262.883942
v 173.203400 -38.080845 -262.883942
v 173.203400 -4.520192 -262.883942
v 148.032913 -4.520192 -262.883942
v 173.203400 -4.520192 -262.883942
v 173.203400 -38.080845 -262.883942
v 173.203400 -38.080845 -254.493774
v 173.203400 -4.520193 -254.493774
v 173.203400 -38.080845 -254.493774
v 173.203400 -38.080853 -204.152786
v 173.203400 -38.080853 -195.762634
v 173.203400 -4.520199 -195.762634
v 173.203400 -4.520198 -199.957703
v 173.203400 -4.520196 -216.738037
v 173.203400 -4.520193 -254.493774
v 148.032913 -4.520196 -216.738037
v 162.715698 -4.520196 -216.738037
v 162.715698 12.260131 -216.738037
v 148.032913 12.260131 -216.738037
v 148.032913 -4.520192 -262.883942
v 173.203400 -4.520192 -262.883942
v 173.203400 -4.520193 -254.493774
v 173.203400 -4.520196 -216.738037
v 171.105865 -4.520196 -216.738037
v 162.715698 -4.520196 -216.738037
v 148.032913 -4.520196 -216.738037
v 173.203400 -4.520199 -195.762634
v 148.032913 -4.520199 -195.762634
v 148.032913 -4.520198 -199.957703
v 162.715698 -4.520198 -199.957703
v 171.105865 -4.520198 -199.957703
v 173.203400 -4.520198 -199.957703
v 162.715698 -4.520196 -216.738037
v 171.105865 -4.520196 -216.738037
v 171.105865 -4.520197 -212.542953
v 162.715698 -4.520197 -212.542953
v 171.105865 -4.520197 -204.152786
v 171.105865 -4.520198 -199.957703
v 162.715698 -4.520198 -199.957703
v 162.715698 -4.520197 -204.152786
v 171.105865 -4.520197 -204.152786
v 171.105865 -4.520197 -212.542953
v 171.105865 -4.520196 -216.738037
v 173.203400 -4.520196 -216.738037
v 173.203400 -4.520198 -199.957703
v 171.105865 -4.520198 -199.957703
v 162.715698 3.869966 -204.152786
v 162.715698 -4.520197 -204.152786
v 162.715698 -4.520198 -199.957703
v 162.715698 12.260129 -199.957703
v 162.715698 12.260129 -204.152786
v 162.715698 12.260131 -216.738037
v 162.715698 -4.520196 -216.738037
v 162.715698 -4.520197 -212.542953
v 162.715698 3.869967 -212.542953
v 162.715698 12.260130 -212.542953
v 162.715698 3.869966 -204.152786
v 162.715698 12.260129 -204.152786
v 162.715698 12.260130 -212.542953
v 162.715698 3.869967 -212.542953
v 171.105865 3.869966 -204.152786
v 171.105865 -4.520197 -204.152786
v 162.715698 -4.520197 -204.152786
v 162.715698 3.869966 -204.152786
v 162.715698 3.869966 -204.152786
v 162.715698 3.869967 -212.542953
v 171.105865 3.869967 -212.542953
v 171.105865 3.869966 -204.152786
v 162.715698 3.869967 -212.542953
v 162.715698 -4.520197 -212.542953
v 171.105865 -4.520197 -212.542953
v 171.105865 3.869967 -212.542953
v 171.105865 3.869967 -212.542953
v 171.105865 -4.520197 -212.542953
v 171.105865 -4.520197 -204.152786
v 171.105865 3.869966 -204.152786
v 162.715698 12.260129 -199.957703
v 162.715698 -4.520198 -199.957703
v 148.032913 -4.520198 -199.957703
v 148.032913 12.260129 -199.957703
v 208.861603 8.065043 -170.592133
v 208.861603 8.065045 -187.372467
v 210.959137 8.065045 -187.372467
v 210.959137 8.065043 -170.592133
v 208.861603 8.065043 -170.592133
v 208.861603 5.967503 -170.592133
v 208.861603 5.967505 -187.372467
v 208.861603 8.065045 -187.372467
v 210.959137 8.065043 -170.592133
v 210.959137 5.967503 -170.592133
v 208.861603 5.967503 -170.592133
v 208.861603 8.065043 -170.592133
v 208.861603 5.967505 -187.372467
v 208.861603 5.967503 -170.592133
v 210.959137 5.967503 -170.592133
v 210.959137 5.967505 -187.372467
v 208.861603 8.065045 -187.372467
v 208.861603 5.967505 -187.372467
v 210.959137 5.967505 -187.372467
v 210.959137 8.065045 -187.372467
v 199.422668 -29.690701 -91.934364
v 199.422668 -38.080864 -91.934364
v 207.812836 -38.080864 -91.934364
v 207.812836 -29.690701 -91.934364
v 210.959137 -4.520206 -111.860992
v 202.568985 -4.520206 -111.860992
v 177.398483 -4.520206 -111.860992
v 177.398483 -4.520205 -132.836395
v 177.398483 -4.520204 -145.421646
v 210.959137 -4.520204 -145.421646
v 177.398483 -21.300531 -145.421646
v 177.398483 -4.520204 -145.421646
v 177.398483 -4.520205 -132.836395
v 177.398483 -21.300531 -132.836395
v 177.398483 -4.520206 -111.860992
v 177.398483 -21.300533 -111.860992
v 177.398483 -38.080860 -111.861000
v 177.398483 -38.080860 -132.836395
v 177.398483 -21.300531 -132.836395
v 177.398483 -4.520205 -132.836395
v 177.398483 -21.300535 -95.080666
v 177.398483 -38.080864 -95.080673
v 177.398483 -38.080860 -111.861000
v 177.398483 -21.300533 -111.860992
v 177.398483 -21.300529 -149.616730
v 177.398483 -38.080856 -149.616730
v 177.398483 -38.080856 -145.421646
v 177.398483 -21.300531 -145.421646
v 202.568985 -12.910370 -111.860992
v 202.568985 -21.300533 -111.860992
v 177.398483 -21.300533 -111.860992
v 177.398483 -4.520206 -111.860992
v 202.568985 -4.520206 -111.860992
v 210.959137 -4.520206 -111.860992
v 210.959137 -12.910370 -111.860992
v 202.568985 -12.910370 -111.860992
v 202.568985 -4.520206 -111.860992
v 177.398483 -4.520204 -145.421646
v 177.398483 -21.300531 -145.421646
v 177.398483 -38.080856 -145.421646
v 210.959137 -38.080856 -145.421646
v 210.959137 -4.520204 -145.421646
v 210.959137 -21.300535 -95.080666
v 202.568985 -21.300535 -95.080666
v 202.568985 -21.300535 -103.470833
v 210.959137 -21.300535 -103.470833
v 202.568985 -21.300535 -103.470833
v 202.568985 -21.300535 -95.080666
v 177.398483 -21.300535 -95.080666
v 177.398483 -21.300533 -111.860992
v 202.568985 -21.300533 -111.860992
v 202.568985 -12.910371 -103.470833
v 202.568985 -21.300535 -103.470833
v 202.568985 -21.300533 -111.860992
v 202.568985 -12.910370 -111.860992
v 210.959137 -12.910371 -103.470833
v 210.959137 -21.300535 -103.470833
v 202.568985 -21.300535 -103.470833
v 202.568985 -12.910371 -103.470833
v 202.568985 -12.910371 -103.470833
v 202.568985 -12.910370 -111.860992
v 210.959137 -12.910370 -111.860992
v 210.959137 -12.910371 -103.470833
v 202.568985 -21.300535 -95.080666
v 210.959137 -21.300535 -95.080666
v 210.959137 -38.080864 -95.080673
v 207.812836 -38.080864 -95.080673
v 199.422668 -38.080864 -95.080673
v 177.398483 -38.080864 -95.080673
v 177.398483 -21.300535 -95.080666
v 177.398483 -21.300531 -132.836395
v 177.398483 -38.080860 -132.836395
v 160.618164 -38.080860 -132.836395
v 160.618164 -21.300531 -132.836395
v 177.398483 -21.300531 -145.421646
v 177.398483 -21.300531 -132.836395
v 160.618164 -21.300531 -132.836395
v 160.618164 -21.300529 -149.616730
v 177.398483 -21.300529 -149.616730
v 160.618164 -21.300531 -132.836395
v 160.618164 -38.080860 -132.836395
v 160.618164 -38.080856 -149.616730
v 160.618164 -21.300529 -149.616730
v 207.812836 -29.690699 -83.544197
v 207.812836 -38.080864 -83.544197
v 199.422668 -38.080864 -83.544197
v 199.422668 -29.690699 -83.544197
v 199.422668 -29.690699 -83.544197
v 199.422668 -29.690701 -91.934364
v 207.812836 -29.690701 -91.934364
v 207.812836 -29.690699 -83.544197
v 199.422668 -29.690699 -83.544197
v 199.422668 -38.080864 -83.544197
v 199.422668 -38.080864 -91.934364
v 199.422668 -29.690701 -91.934364
v 207.812836 -29.690701 -91.934364
v 207.812836 -38.080864 -91.934364
v 207.812836 -38.080864 -83.544197
v 207.812836 -29.690699 -83.544197
v 148.032913 45.820770 -74.105247
v 210.959137 45.820770 -74.105247
v 210.959137 58.406013 -74.105255
v 148.032913 58.406013 -74.105255
v 148.032913 -38.080864 -74.105263
v 199.422668 -38.080864 -74.105263
v 207.812836 -38.080864 -74.105263
v 210.959137 -38.080864 -74.105263
v 210.959137 -22.894669 -74.105263
v 148.032913 -22.894669 -74.105263
v 210.959137 -22.894669 -74.105263
v 210.959137 5.967493 -74.105255
v 210.959137 45.820770 -74.105247
v 148.032913 45.820770 -74.105247
v 148.032913 5.967493 -74.105255
v 148.032913 -4.520211 -74.105255
v 148.032913 -22.894669 -74.105263
v 11.692764 -38.080849 -250.298691
v 26.375549 -38.080849 -250.298691
v 26.375549 -38.080849 -233.518356
v 26.375549 -38.080849 -216.738037
v 11.692764 -38.080849 -216.738037
v 26.375549 -38.080845 -267.079010
v 26.375549 -38.080849 -250.298691
v 11.692764 -38.080849 -250.298691
v 1.205060 -38.080849 -250.298691
v 1.205060 -38.080845 -267.079010
v 43.155876 -38.080845 -267.079010
v 80.911613 -38.080845 -267.079010
v 80.911613 -38.080849 -241.908524
v 43.155876 -38.080849 -241.908524
v 148.032913 -38.080845 -262.883942
v 139.642746 -38.080845 -262.883942
v 103.984566 -38.080845 -262.883942
v 103.984566 -38.080845 -267.079010
v 148.032913 -38.080845 -267.079010
v 148.032913 -38.080845 -267.079010
v 103.984566 -38.080845 -267.079010
v 101.887024 -38.080845 -267.079010
v 101.887024 -38.080845 -283.859344
v 148.032913 -38.080845 -283.859344
v 101.887024 -38.080845 -267.079010
v 80.911613 -38.080845 -267.079010
v 43.155876 -38.080845 -267.079010
v 43.155876 -38.080845 -283.859344
v 101.887024 -38.080845 -283.859344
v 103.984566 -38.080845 -262.883942
v 139.642746 -38.080845 -262.883942
v 139.642746 -38.080845 -254.493774
v 139.642746 -38.080849 -241.908524
v 103.984566 -38.080849 -241.908524
v 64.131287 -38.080849 -239.810989
v 101.887024 -38.080849 -239.810989
v 122.862434 -38.080849 -239.810989
v 122.862434 -38.080849 -229.323288
v 101.887024 -38.080849 -229.323288
v 64.131287 -38.080849 -229.323288
v 43.155876 -38.080849 -233.518356
v 43.155876 -38.080849 -239.810989
v 53.643581 -38.080849 -239.810989
v 53.643581 -38.080849 -229.323288
v 43.155876 -38.080849 -229.323288
v 133.350143 -38.080849 -239.810989
v 139.642746 -38.080849 -239.810989
v 139.642746 -38.080849 -229.323288
v 133.350143 -38.080849 -229.323288
v 101.887024 -38.080849 -241.908524
v 103.984566 -38.080849 -241.908524
v 139.642746 -38.080849 -241.908524
v 139.642746 -38.080849 -239.810989
v 133.350143 -38.080849 -239.810989
v 122.862434 -38.080849 -239.810989
v 101.887024 -38.080849 -239.810989
v 64.131287 -38.080849 -239.810989
v 53.643581 -38.080849 -239.810989
v 43.155876 -38.080849 -239.810989
v 43.155876 -38.080849 -241.908524
v 80.911613 -38.080849 -241.908524
v 101.887024 -38.080849 -241.908524
v 101.887024 -38.080849 -239.810989
v 99.789482 -38.080864 -78.300346
v 114.472267 -38.080864 -78.300346
v 114.472267 -38.080864 -74.105263
v 103.984566 -38.080864 -74.105263
v 99.789482 -38.080864 -74.105263
v 64.131287 -38.080864 -74.105263
v 59.936203 -38.080864 -74.105263
v 59.936203 -38.080864 -78.300346
v 59.936203 -38.080864 -74.105263
v 1.205060 -38.080864 -74.105263
v 1.205060 -38.080864 -78.300346
v 7.497683 -38.080864 -78.300346
v 41.058334 -38.080864 -78.300346
v 59.936203 -38.080864 -78.300346
v 114.472267 -38.080864 -78.300346
v 99.789482 -38.080864 -78.300346
v 99.789482 -38.080860 -107.665916
v 114.472267 -38.080860 -107.665916
v 99.789482 -38.080864 -78.300346
v 59.936203 -38.080864 -78.300346
v 41.058334 -38.080864 -78.300346
v 41.058334 -38.080860 -107.665916
v 99.789482 -38.080860 -107.665916
v 7.497683 -38.080864 -78.300346
v 1.205060 -38.080864 -78.300346
v 1.205060 -38.080864 -86.690514
v 7.497683 -38.080864 -86.690514
v 1.205060 -38.080864 -86.690514
v 1.205060 -38.080864 -90.885590
v 1.205060 -38.080864 -95.080673
v 1.205060 -38.080860 -111.861000
v 1.205060 -38.080860 -118.153625
v 1.205060 -38.080860 -128.641327
v 1.205060 -38.080860 -137.031479
v 1.205060 -38.080856 -145.421646
v 7.497683 -38.080856 -145.421646
v 7.497683 -38.080860 -137.031479
v 7.497683 -38.080864 -86.690514
v 99.789482 -38.080860 -111.861000
v 128.106293 -38.080860 -111.861000
v 136.496445 -38.080860 -111.861000
v 148.032913 -38.080860 -111.861000
v 148.032913 -38.080860 -107.665916
v 114.472267 -38.080860 -107.665916
v 99.789482 -38.080860 -107.665916
v 41.058334 -38.080860 -111.861000
v 99.789482 -38.080860 -111.861000
v 99.789482 -38.080860 -107.665916
v 41.058334 -38.080860 -107.665916
v 55.741123 -38.080853 -191.567551
v 1.205060 -38.080853 -191.567551
v 1.205060 -38.080853 -195.762634
v 1.205060 -38.080853 -199.957703
v 28.473091 -38.080853 -199.957703
v 45.253418 -38.080853 -199.957703
v 55.741123 -38.080853 -199.957703
v 89.301781 -38.080853 -195.762634
v 139.642746 -38.080853 -195.762634
v 148.032913 -38.080853 -195.762634
v 148.032913 -38.080853 -191.567551
v 118.667351 -38.080853 -191.567551
v 89.301781 -38.080853 -191.567551
v 148.032913 -38.080856 -153.811813
v 148.032913 -38.080856 -149.616730
v 148.032913 -38.080856 -145.421646
v 118.667351 -38.080856 -145.421646
v 118.667351 -38.080853 -191.567551
v 148.032913 -38.080853 -191.567551
v 118.667351 -38.080856 -145.421646
v 99.789482 -38.080856 -145.421646
v 59.936203 -38.080856 -145.421646
v 59.936203 -38.080853 -191.567551
v 89.301781 -38.080853 -191.567551
v 118.667351 -38.080853 -191.567551
v 59.936203 -38.080856 -145.421646
v 41.058334 -38.080856 -145.421646
v 7.497683 -38.080856 -145.421646
v 1.205060 -38.080856 -145.421646
v 1.205060 -38.080853 -170.592133
v 1.205060 -38.080853 -191.567551
v 55.741123 -38.080853 -191.567551
v 59.936203 -38.080853 -191.567551
v 110.277191 -38.080860 -116.056084
v 99.789482 -38.080860 -116.056084
v 99.789482 -38.080860 -118.153625
v 110.277191 -38.080860 -118.153625
v 99.789482 -38.080860 -116.056084
v 41.058334 -38.080860 -116.056084
v 41.058334 -38.080860 -118.153625
v 53.643581 -38.080860 -118.153625
v 64.131287 -38.080860 -118.153625
v 99.789482 -38.080860 -118.153625
v 99.789482 -38.080860 -132.836395
v 110.277191 -38.080860 -132.836395
v 110.277191 -38.080860 -128.641327
v 99.789482 -38.080860 -128.641327
v 64.131287 -38.080860 -128.641327
v 53.643581 -38.080860 -128.641327
v 41.058334 -38.080860 -128.641327
v 41.058334 -38.080860 -132.836395
v 99.789482 -38.080860 -132.836395
v 99.789482 -38.080860 -128.641327
v 64.131287 -38.080860 -128.641327
v 99.789482 -38.080860 -128.641327
v 110.277191 -38.080860 -128.641327
v 110.277191 -38.080860 -118.153625
v 99.789482 -38.080860 -118.153625
v 64.131287 -38.080860 -118.153625
v 41.058334 -38.080860 -118.153625
v 41.058334 -38.080860 -128.641327
v 53.643581 -38.080860 -128.641327
v 53.643581 -38.080860 -118.153625
v 128.106293 -38.080856 -120.251167
v 128.106293 -38.080860 -116.056084
v 127.057518 -38.080860 -116.056084
v 127.057518 -38.080860 -132.836395
v 128.106293 -38.080860 -132.836395
v 136.496445 -38.080856 -120.251167
v 136.496445 -38.080860 -132.836395
v 148.032913 -38.080860 -132.836395
v 148.032913 -38.080860 -111.861000
v 136.496445 -38.080860 -111.861000
v 128.106293 -38.080856 -120.251167
v 128.106293 -38.080860 -132.836395
v 136.496445 -38.080860 -132.836395
v 136.496445 -38.080856 -120.251167
v 99.789482 -38.080856 -145.421646
v 118.667351 -38.080856 -145.421646
v 148.032913 -38.080856 -145.421646
v 148.032913 -38.080860 -132.836395
v 136.496445 -38.080860 -132.836395
v 128.106293 -38.080860 -132.836395
v 127.057518 -38.080860 -132.836395
v 110.277191 -38.080860 -132.836395
v 99.789482 -38.080860 -132.836395
v 41.058334 -38.080860 -137.031479
v 41.058334 -38.080856 -145.421646
v 59.936203 -38.080856 -145.421646
v 99.789482 -38.080856 -145.421646
v 99.789482 -38.080860 -132.836395
v 41.058334 -38.080860 -132.836395
v 128.106293 -38.080860 -111.861000
v 99.789482 -38.080860 -111.861000
v 99.789482 -38.080860 -116.056084
v 110.277191 -38.080860 -116.056084
v 127.057518 -38.080860 -116.056084
v 128.106293 -38.080860 -116.056084
v 99.789482 -38.080860 -111.861000
v 41.058334 -38.080860 -111.861000
v 41.058334 -38.080860 -116.056084
v 99.789482 -38.080860 -116.056084
v 64.131287 -38.080868 -34.251987
v 64.131287 -38.080864 -74.105263
v 99.789482 -38.080864 -74.105263
v 99.789482 -38.080872 -32.154446
v 80.911613 -38.080872 -32.154446
v 64.131287 -38.080872 -32.154446
v 55.741123 -38.080849 -216.738037
v 45.253418 -38.080849 -216.738037
v 43.155876 -38.080849 -216.738037
v 43.155876 -38.080849 -225.128204
v 55.741123 -38.080849 -225.128204
v 89.301781 -38.080849 -225.128204
v 101.887024 -38.080849 -225.128204
v 139.642746 -38.080849 -225.128204
v 139.642746 -38.080853 -195.762634
v 89.301781 -38.080853 -195.762634
v 122.862434 -38.080849 -229.323288
v 133.350143 -38.080849 -229.323288
v 139.642746 -38.080849 -229.323288
v 139.642746 -38.080849 -225.128204
v 101.887024 -38.080849 -225.128204
v 101.887024 -38.080849 -229.323288
v 101.887024 -38.080849 -225.128204
v 89.301781 -38.080849 -225.128204
v 55.741123 -38.080849 -225.128204
v 43.155876 -38.080849 -225.128204
v 43.155876 -38.080849 -229.323288
v 53.643581 -38.080849 -229.323288
v 64.131287 -38.080849 -229.323288
v 101.887024 -38.080849 -229.323288
v 55.741123 -38.080853 -199.957703
v 45.253418 -38.080853 -199.957703
v 45.253418 -38.080849 -216.738037
v 55.741123 -38.080849 -216.738037
v 28.473091 -38.080853 -199.957703
v 1.205060 -38.080853 -199.957703
v 1.205060 -38.080849 -208.347870
v 1.205060 -38.080849 -212.542953
v 1.205060 -38.080849 -216.738037
v 11.692764 -38.080849 -216.738037
v 26.375549 -38.080849 -216.738037
v 28.473091 -38.080849 -216.738037
v 9.595223 -38.080845 -283.859344
v 1.205060 -38.080845 -283.859344
v 1.205060 -38.080845 -268.127777
v 9.595223 -38.080845 -268.127777
v 118.667351 58.406013 -74.105255
v 148.032913 58.406013 -74.105255
v 148.032913 58.406025 -166.397034
v 118.667351 58.406025 -166.397034
v 148.032913 58.406025 -166.397034
v 148.032913 58.406033 -283.859344
v 118.667351 58.406033 -283.859344
v 118.667351 58.406025 -166.397034
v 1.205060 58.406013 -74.105255
v 59.936203 58.406013 -74.105255
v 118.667351 58.406013 -74.105255
v 118.667351 58.406025 -166.397034
v 1.205060 58.406025 -166.397034
v 118.667351 58.406025 -166.397034
v 118.667351 58.406033 -283.859344
v 59.936203 58.406033 -283.859344
v 1.205060 58.406033 -283.859344
v 1.205060 58.406025 -166.397034
v 5.400142 29.040451 -157.482513
v 5.400142 26.942909 -157.482513
v 43.155876 26.942909 -157.482513
v 43.155876 29.040451 -157.482513
v 101.887024 29.040451 -157.482513
v 101.887024 26.942909 -157.482513
v 139.642746 26.942909 -157.482513
v 139.642746 29.040451 -157.482513
v 69.375145 -21.300526 -191.567551
v 80.911613 -21.300526 -191.567551
v 89.301781 -21.300526 -191.567551
v 89.301781 -38.080853 -191.567551
v 59.936203 -38.080853 -191.567551
v 55.741123 -38.080853 -191.567551
v 55.741123 -21.300526 -191.567551
v 26.375549 -4.520189 -283.859344
v 26.375549 45.820789 -283.859344
v 43.155876 45.820789 -283.859344
v 43.155876 -4.520189 -283.859344
v 17.985386 45.820789 -283.859344
v 26.375549 45.820789 -283.859344
v 26.375549 -4.520189 -283.859344
v 26.375549 -12.910353 -283.859344
v 17.985386 -12.910353 -283.859344
v 1.205060 45.820789 -283.859344
v 17.985386 45.820789 -283.859344
v 17.985386 -12.910353 -283.859344
v 17.985386 -21.300516 -283.859344
v 1.205060 -21.300516 -283.859344
v 148.032913 -38.080845 -283.859344
v 101.887024 -38.080845 -283.859344
v 101.887024 -22.894648 -283.859344
v 148.032913 -22.894648 -283.859344
v 101.887024 -22.894648 -283.859344
v 101.887024 45.820789 -283.859344
v 118.667351 45.820789 -283.859344
v 148.032913 45.820789 -283.859344
v 148.032913 -22.894648 -283.859344
v 101.887024 -38.080845 -283.859344
v 43.155876 -38.080845 -283.859344
v 43.155876 -22.894648 -283.859344
v 101.887024 -22.894648 -283.859344
v 43.155876 -22.894648 -283.859344
v 43.155876 -4.520189 -283.859344
v 43.155876 45.820789 -283.859344
v 59.936203 45.820789 -283.859344
v 101.887024 45.820789 -283.859344
v 101.887024 -22.894648 -283.859344
v 148.032913 45.820789 -283.859344
v 118.667351 45.820789 -283.859344
v 118.667351 58.406033 -283.859344
v 148.032913 58.406033 -283.859344
v 118.667351 45.820789 -283.859344
v 101.887024 45.820789 -283.859344
v 59.936203 45.820789 -283.859344
v 59.936203 58.406033 -283.859344
v 118.667351 58.406033 -283.859344
v 59.936203 45.820789 -283.859344
v 43.155876 45.820789 -283.859344
v 26.375549 45.820789 -283.859344
v 17.985386 45.820789 -283.859344
v 1.205060 45.820789 -283.859344
v 1.205060 58.406033 -283.859344
v 59.936203 58.406033 -283.859344
v 53.643581 -0.849498 -229.323288
v 53.643581 -38.080849 -229.323288
v 53.643581 -38.080849 -239.810989
v 53.643581 -0.849498 -239.810989
v 53.643581 57.881645 -229.323273
v 53.643581 -0.849498 -229.323288
v 53.643581 -0.849498 -239.810989
v 53.643581 57.881645 -239.810974
v 80.911613 -38.080845 -267.079010
v 101.887024 -38.080845 -267.079010
v 103.984566 -38.080845 -267.079010
v 103.984566 -35.983303 -267.079010
v 103.984566 -6.617732 -267.079010
v 103.984566 -4.520191 -267.079010
v 80.911613 -4.520191 -267.079010
v 139.642746 29.040457 -216.213654
v 139.642746 26.942915 -216.213654
v 139.642746 26.942913 -200.482101
v 139.642746 29.040455 -200.482101
v 139.642746 -38.080845 -254.493774
v 139.642746 -38.080845 -262.883942
v 139.642746 -4.520192 -262.883942
v 139.642746 -4.520193 -254.493774
v 139.642746 -4.520196 -216.738037
v 139.642746 -4.520198 -199.957703
v 139.642746 -4.520199 -195.762634
v 139.642746 -38.080853 -195.762634
v 139.642746 -38.080849 -225.128204
v 139.642746 -38.080849 -229.323288
v 139.642746 -38.080849 -239.810989
v 139.642746 -38.080849 -241.908524
v 139.642746 -38.080845 -254.493774
v 139.642746 -4.520193 -254.493774
v 148.032913 12.260129 -199.957703
v 145.935379 12.260129 -199.957703
v 145.935379 12.260131 -216.738037
v 148.032913 12.260131 -216.738037
v 145.935379 12.260131 -216.738037
v 145.935379 -4.520196 -216.738037
v 148.032913 -4.520196 -216.738037
v 148.032913 12.260131 -216.738037
v 145.935379 -4.520196 -216.738037
v 139.642746 -4.520196 -216.738037
v 139.642746 -4.520193 -254.493774
v 139.642746 -4.520192 -262.883942
v 148.032913 -4.520192 -262.883942
v 148.032913 -4.520196 -216.738037
v 139.642746 -4.520192 -262.883942
v 139.642746 -38.080845 -262.883942
v 148.032913 -38.080845 -262.883942
v 148.032913 -4.520192 -262.883942
v 139.642746 -4.520198 -199.957703
v 139.642746 -4.520196 -216.738037
v 145.935379 -4.520196 -216.738037
v 145.935379 -4.520198 -199.957703
v 148.032913 -4.520199 -195.762634
v 139.642746 -4.520199 -195.762634
v 139.642746 -4.520198 -199.957703
v 145.935379 -4.520198 -199.957703
v 148.032913 -4.520198 -199.957703
v 148.032913 -4.520198 -199.957703
v 145.935379 -4.520198 -199.957703
v 145.935379 12.260129 -199.957703
v 148.032913 12.260129 -199.957703
v 145.935379 12.260129 -199.957703
v 145.935379 -4.520198 -199.957703
v 145.935379 -4.520196 -216.738037
v 145.935379 12.260131 -216.738037
v 148.032913 -38.080853 -195.762634
v 139.642746 -38.080853 -195.762634
v 139.642746 -4.520199 -195.762634
v 148.032913 -4.520199 -195.762634
v 121.289276 58.143837 -207.823471
v 120.240509 58.143837 -207.823471
v 120.240509 58.143837 -208.872238
v 121.289276 58.143837 -208.872238
v 133.350143 -0.849498 -229.323288
v 133.350143 -38.080849 -229.323288
v 122.862434 -38.080849 -229.323288
v 122.862434 -0.849498 -229.323288
v 133.350143 57.881645 -229.323273
v 133.350143 -0.849498 -229.323288
v 122.862434 -0.849498 -229.323288
v 122.862434 57.881645 -229.323273
v 64.131287 -0.849498 -229.323288
v 64.131287 -38.080849 -229.323288
v 53.643581 -38.080849 -229.323288
v 53.643581 -0.849498 -229.323288
v 64.131287 57.881645 -229.323273
v 64.131287 -0.849498 -229.323288
v 53.643581 -0.849498 -229.323288
v 53.643581 57.881645 -229.323273
v 103.984566 -6.617734 -244.006073
v 103.984566 -35.983307 -244.006073
v 103.984566 -35.983307 -241.908524
v 103.984566 -6.617734 -241.908524
v 103.984566 -35.983303 -267.079010
v 103.984566 -35.983303 -264.981476
v 103.984566 -6.617732 -264.981476
v 103.984566 -6.617732 -267.079010
v 103.984566 -38.080845 -262.883942
v 103.984566 -38.080849 -241.908524
v 103.984566 -35.983307 -241.908524
v 103.984566 -35.983307 -244.006073
v 103.984566 -35.983303 -264.981476
v 103.984566 -35.983303 -267.079010
v 103.984566 -38.080845 -267.079010
v 103.984566 -4.520191 -267.079010
v 103.984566 -6.617732 -267.079010
v 103.984566 -6.617732 -264.981476
v 103.984566 -6.617734 -244.006073
v 103.984566 -6.617734 -241.908524
v 103.984566 -4.520193 -241.908524
v 133.350143 57.881645 -229.323273
v 122.862434 57.881645 -229.323273
v 122.862434 57.881645 -239.810974
v 133.350143 57.881645 -239.810974
v 122.862434 -0.849498 -239.810989
v 122.862434 -38.080849 -239.810989
v 133.350143 -38.080849 -239.810989
v 133.350143 -0.849498 -239.810989
v 122.862434 57.881645 -239.810974
v 122.862434 -0.849498 -239.810989
v 133.350143 -0.849498 -239.810989
v 133.350143 57.881645 -239.810974
v 122.862434 -0.849498 -229.323288
v 122.862434 -38.080849 -229.323288
v 122.862434 -38.080849 -239.810989
v 122.862434 -0.849498 -239.810989
v 122.862434 57.881645 -229.323273
v 122.862434 -0.849498 -229.323288
v 122.862434 -0.849498 -239.810989
v 122.862434 57.881645 -239.810974
v 133.350143 -0.849498 -239.810989
v 133.350143 -38.080849 -239.810989
v 133.350143 -38.080849 -229.323288
v 133.350143 -0.849498 -229.323288
v 133.350143 57.881645 -239.810974
v 133.350143 -0.849498 -239.810989
v 133.350143 -0.849498 -229.323288
v 133.350143 57.881645 -229.323273
v 64.131287 57.881645 -229.323273
v 53.643581 57.881645 -229.323273
v 53.643581 57.881645 -239.810974
v 64.131287 57.881645 -239.810974
v 80.911613 -6.617734 -241.908524
v 80.911613 -35.983307 -241.908524
v 80.911613 -38.080849 -241.908524
v 80.911613 -38.080845 -267.079010
v 80.911613 -4.520191 -267.079010
v 80.911613 -4.520193 -241.908524
v 103.984566 -4.520193 -241.908524
v 80.911613 -4.520193 -241.908524
v 80.911613 -4.520191 -267.079010
v 103.984566 -4.520191 -267.079010
v 83.009155 -6.617734 -244.006073
v 83.009155 -35.983307 -244.006073
v 103.984566 -35.983307 -244.006073
v 103.984566 -6.617734 -244.006073
v 83.009155 -35.983307 -244.006073
v 83.009155 -35.983303 -264.981476
v 103.984566 -35.983303 -264.981476
v 103.984566 -35.983307 -244.006073
v 83.009155 -6.617732 -264.981476
v 83.009155 -6.617734 -244.006073
v 103.984566 -6.617734 -244.006073
v 103.984566 -6.617732 -264.981476
v 83.009155 -35.983303 -264.981476
v 83.009155 -35.983307 -244.006073
v 83.009155 -6.617734 -244.006073
v 83.009155 -6.617732 -264.981476
v 103.984566 -6.617732 -264.981476
v 103.984566 -35.983303 -264.981476
v 83.009155 -35.983303 -264.981476
v 83.009155 -6.617732 -264.981476
v 103.984566 -4.520193 -241.908524
v 103.984566 -6.617734 -241.908524
v 83.009155 -6.617734 -241.908524
v 80.911613 -6.617734 -241.908524
v 80.911613 -4.520193 -241.908524
v 101.887024 -38.080849 -241.908524
v 80.911613 -38.080849 -241.908524
v 80.911613 -35.983307 -241.908524
v 83.009155 -35.983307 -241.908524
v 103.984566 -35.983307 -241.908524
v 103.984566 -38.080849 -241.908524
v 83.009155 -6.617734 -241.908524
v 83.009155 -35.983307 -241.908524
v 80.911613 -35.983307 -241.908524
v 80.911613 -6.617734 -241.908524
v 103.984566 -6.617734 -241.908524
v 103.984566 -35.983307 -241.908524
v 83.009155 -35.983307 -241.908524
v 83.009155 -6.617734 -241.908524
v 53.643581 -0.849498 -239.810989
v 53.643581 -38.080849 -239.810989
v 64.131287 -38.080849 -239.810989
v 64.131287 -0.849498 -239.810989
v 53.643581 57.881645 -239.810974
v 53.643581 -0.849498 -239.810989
v 64.131287 -0.849498 -239.810989
v 64.131287 57.881645 -239.810974
v 64.131287 -0.849498 -239.810989
v 64.131287 -38.080849 -239.810989
v 64.131287 -38.080849 -229.323288
v 64.131287 -0.849498 -229.323288
v 64.131287 57.881645 -239.810974
v 64.131287 -0.849498 -239.810989
v 64.131287 -0.849498 -229.323288
v 64.131287 57.881645 -229.323273
v 139.642746 26.942915 -216.213654
v 101.887024 26.942915 -216.213654
v 101.887024 26.942913 -200.482101
v 139.642746 26.942913 -200.482101
v 101.887024 29.040455 -200.482101
v 101.887024 26.942913 -200.482101
v 101.887024 26.942915 -216.213654
v 101.887024 29.040457 -216.213654
v 101.887024 29.040457 -216.213654
v 101.887024 26.942915 -216.213654
v 139.642746 26.942915 -216.213654
v 139.642746 29.040457 -216.213654
v 121.289276 29.302649 -208.872253
v 120.240509 29.302649 -208.872253
v 120.240509 29.302649 -207.823486
v 121.289276 29.302649 -207.823486
v 120.240509 58.143837 -207.823471
v 120.240509 29.302649 -207.823486
v 120.240509 29.302649 -208.872253
v 120.240509 58.143837 -208.872238
v 121.289276 58.143837 -207.823471
v 121.289276 29.302649 -207.823486
v 120.240509 29.302649 -207.823486
v 120.240509 58.143837 -207.823471
v 121.289276 58.143837 -208.872238
v 121.289276 29.302649 -208.872253
v 121.289276 29.302649 -207.823486
v 121.289276 58.143837 -207.823471
v 120.240509 58.143837 -208.872238
v 120.240509 29.302649 -208.872253
v 121.289276 29.302649 -208.872253
v 121.289276 58.143837 -208.872238
v 139.642746 29.040455 -200.482101
v 139.642746 26.942913 -200.482101
v 101.887024 26.942913 -200.482101
v 101.887024 29.040455 -200.482101
v 139.642746 29.040455 -200.482101
v 101.887024 29.040455 -200.482101
v 101.887024 29.040457 -216.213654
v 139.642746 29.040457 -216.213654
v 89.301781 -21.300522 -225.128204
v 89.301781 -38.080849 -225.128204
v 89.301781 -38.080853 -195.762634
v 89.301781 -38.080853 -191.567551
v 89.301781 -21.300526 -191.567551
v 69.375145 -12.910361 -199.957703
v 69.375145 -12.910360 -211.494186
v 80.911613 -12.910360 -211.494186
v 80.911613 -12.910361 -199.957703
v 80.911613 -21.300522 -225.128204
v 69.375145 -21.300522 -225.128204
v 55.741123 -21.300522 -225.128204
v 55.741123 -38.080849 -225.128204
v 89.301781 -38.080849 -225.128204
v 89.301781 -21.300522 -225.128204
v 69.375145 -12.910361 -199.957703
v 69.375145 -21.300526 -199.957703
v 69.375145 -21.300524 -211.494186
v 69.375145 -12.910360 -211.494186
v 69.375145 -21.300524 -211.494186
v 69.375145 -21.300522 -225.128204
v 80.911613 -21.300522 -225.128204
v 80.911613 -21.300524 -211.494186
v 80.911613 -21.300526 -191.567551
v 69.375145 -21.300526 -191.567551
v 69.375145 -21.300526 -199.957703
v 80.911613 -21.300526 -199.957703
v 89.301781 -21.300526 -191.567551
v 80.911613 -21.300526 -191.567551
v 80.911613 -21.300526 -199.957703
v 80.911613 -21.300524 -211.494186
v 80.911613 -21.300522 -225.128204
v 89.301781 -21.300522 -225.128204
v 69.375145 -12.910360 -211.494186
v 69.375145 -21.300524 -211.494186
v 80.911613 -21.300524 -211.494186
v 80.911613 -12.910360 -211.494186
v 80.911613 -12.910361 -199.957703
v 80.911613 -21.300526 -199.957703
v 69.375145 -21.300526 -199.957703
v 69.375145 -12.910361 -199.957703
v 80.911613 -12.910360 -211.494186
v 80.911613 -21.300524 -211.494186
v 80.911613 -21.300526 -199.957703
v 80.911613 -12.910361 -199.957703
v 69.375145 -21.300524 -211.494186
v 69.375145 -21.300526 -199.957703
v 69.375145 -21.300526 -191.567551
v 55.741123 -21.300526 -191.567551
v 55.741123 -21.300522 -225.128204
v 69.375145 -21.300522 -225.128204
v 55.741123 -21.300526 -191.567551
v 55.741123 -38.080853 -191.567551
v 55.741123 -38.080853 -199.957703
v 55.741123 -38.080849 -216.738037
v 55.741123 -38.080849 -225.128204
v 55.741123 -21.300522 -225.128204
v 11.692764 -4.520195 -233.518356
v 3.302601 -4.520195 -233.518356
v 1.205060 -4.520195 -233.518356
v 1.205060 -4.520193 -250.298691
v 11.692764 -4.520193 -250.298691
v 43.155876 -4.520195 -233.518356
v 26.375549 -4.520195 -233.518356
v 26.375549 -4.520191 -267.079010
v 26.375549 -4.520191 -275.469177
v 26.375549 -4.520189 -283.859344
v 43.155876 -4.520189 -283.859344
v 5.400142 29.040457 -216.213654
v 5.400142 26.942915 -216.213654
v 43.155876 26.942915 -216.213654
v 43.155876 29.040457 -216.213654
v 43.155876 26.942915 -216.213654
v 5.400142 26.942915 -216.213654
v 5.400142 26.942913 -200.482101
v 43.155876 26.942913 -200.482101
v 43.155876 29.040457 -216.213654
v 43.155876 26.942915 -216.213654
v 43.155876 26.942913 -200.482101
v 43.155876 29.040455 -200.482101
v 5.400142 29.040455 -200.482101
v 5.400142 26.942913 -200.482101
v 5.400142 26.942915 -216.213654
v 5.400142 29.040457 -216.213654
v 24.802395 29.302649 -208.872253
v 23.753624 29.302649 -208.872253
v 23.753624 29.302649 -207.823486
v 24.802395 29.302649 -207.823486
v 23.753624 58.143837 -207.823471
v 23.753624 29.302649 -207.823486
v 23.753624 29.302649 -208.872253
v 23.753624 58.143837 -208.872238
v 24.802395 58.143837 -207.823471
v 24.802395 29.302649 -207.823486
v 23.753624 29.302649 -207.823486
v 23.753624 58.143837 -207.823471
v 24.802395 58.143837 -207.823471
v 23.753624 58.143837 -207.823471
v 23.753624 58.143837 -208.872238
v 24.802395 58.143837 -208.872238
v 24.802395 58.143837 -208.872238
v 24.802395 29.302649 -208.872253
v 24.802395 29.302649 -207.823486
v 24.802395 58.143837 -207.823471
v 23.753624 58.143837 -208.872238
v 23.753624 29.302649 -208.872253
v 24.802395 29.302649 -208.872253
v 24.802395 58.143837 -208.872238
v 43.155876 29.040455 -200.482101
v 43.155876 26.942913 -200.482101
v 5.400142 26.942913 -200.482101
v 5.400142 29.040455 -200.482101
v 43.155876 29.040455 -200.482101
v 5.400142 29.040455 -200.482101
v 5.400142 29.040457 -216.213654
v 43.155876 29.040457 -216.213654
v 43.155876 -38.080849 -216.738037
v 45.253418 -38.080849 -216.738037
v 45.253418 -21.300524 -216.738037
v 43.155876 -21.300524 -216.738037
v 28.473091 -38.080849 -216.738037
v 26.375549 -38.080849 -216.738037
v 26.375549 -21.300524 -216.738037
v 28.473091 -21.300524 -216.738037
v 3.302601 -21.300524 -216.738037
v 11.692764 -21.300524 -216.738037
v 11.692764 -38.080849 -216.738037
v 1.205060 -38.080849 -216.738037
v 1.205060 -21.300524 -216.738037
v 26.375549 -4.520195 -233.518356
v 26.375549 -21.300522 -233.518356
v 26.375549 -38.080849 -233.518356
v 26.375549 -38.080849 -250.298691
v 26.375549 -38.080845 -267.079010
v 26.375549 -21.300520 -267.079010
v 26.375549 -4.520191 -267.079010
v 26.375549 -12.910353 -283.859344
v 26.375549 -4.520189 -283.859344
v 26.375549 -4.520191 -275.469177
v 26.375549 -12.910354 -275.469177
v 26.375549 -12.910354 -275.469177
v 26.375549 -4.520191 -275.469177
v 26.375549 -4.520191 -267.079010
v 26.375549 -21.300520 -267.079010
v 26.375549 -21.300518 -275.469177
v 26.375549 -21.300524 -216.738037
v 26.375549 -38.080849 -216.738037
v 26.375549 -38.080849 -233.518356
v 26.375549 -21.300522 -233.518356
v 43.155876 -4.520195 -233.518356
v 43.155876 -21.300522 -233.518356
v 26.375549 -21.300522 -233.518356
v 26.375549 -4.520195 -233.518356
v 43.155876 -4.520189 -283.859344
v 43.155876 -22.894648 -283.859344
v 43.155876 -38.080845 -283.859344
v 43.155876 -38.080845 -267.079010
v 43.155876 -38.080849 -241.908524
v 43.155876 -38.080849 -239.810989
v 43.155876 -38.080849 -233.518356
v 43.155876 -21.300522 -233.518356
v 43.155876 -4.520195 -233.518356
v 43.155876 -21.300524 -216.738037
v 28.473091 -21.300524 -216.738037
v 26.375549 -21.300524 -216.738037
v 26.375549 -21.300522 -233.518356
v 43.155876 -21.300522 -233.518356
v 43.155876 -21.300522 -233.518356
v 43.155876 -38.080849 -233.518356
v 43.155876 -38.080849 -229.323288
v 43.155876 -38.080849 -225.128204
v 43.155876 -38.080849 -216.738037
v 43.155876 -21.300524 -216.738037
v 1.205060 -38.080849 -250.298691
v 11.692764 -38.080849 -250.298691
v 11.692764 -21.300520 -250.298691
v 1.205060 -21.300520 -250.298691
v 1.205060 -21.300520 -250.298691
v 11.692764 -21.300520 -250.298691
v 11.692764 -4.520193 -250.298691
v 1.205060 -4.520193 -250.298691
v 1.205060 -21.300516 -283.859344
v 17.985386 -21.300516 -283.859344
v 17.985386 -21.300518 -275.469177
v 1.205060 -21.300518 -275.469177
v 26.375549 -21.300520 -267.079010
v 1.205060 -21.300520 -267.079010
v 1.205060 -21.300518 -275.469177
v 17.985386 -21.300518 -275.469177
v 26.375549 -21.300518 -275.469177
v 26.375549 -12.910354 -275.469177
v 26.375549 -21.300518 -275.469177
v 17.985386 -21.300518 -275.469177
v 17.985386 -12.910354 -275.469177
v 17.985386 -12.910354 -275.469177
v 17.985386 -21.300518 -275.469177
v 17.985386 -21.300516 -283.859344
v 17.985386 -12.910353 -283.859344
v 26.375549 -12.910354 -275.469177
v 17.985386 -12.910354 -275.469177
v 17.985386 -12.910353 -283.859344
v 26.375549 -12.910353 -283.859344
v 26.375549 -21.300520 -267.079010
v 26.375549 -38.080845 -267.079010
v 1.205060 -38.080845 -267.079010
v 1.205060 -21.300520 -267.079010
v 3.302601 -21.300524 -216.738037
v 1.205060 -21.300524 -216.738037
v 1.205060 -21.300522 -225.128204
v 3.302601 -21.300522 -225.128204
v 11.692764 -21.300524 -216.738037
v 3.302601 -21.300524 -216.738037
v 3.302601 -21.300522 -225.128204
v 3.302601 -21.300522 -233.518356
v 11.692764 -21.300522 -233.518356
v 1.205060 -4.520195 -233.518356
v 3.302601 -4.520195 -233.518356
v 3.302601 -12.910357 -233.518356
v 1.205060 -12.910357 -233.518356
v 11.692764 -4.520195 -233.518356
v 11.692764 -21.300522 -233.518356
v 3.302601 -21.300522 -233.518356
v 3.302601 -12.910357 -233.518356
v 3.302601 -4.520195 -233.518356
v 11.692764 -4.520193 -250.298691
v 11.692764 -21.300520 -250.298691
v 11.692764 -21.300522 -233.518356
v 11.692764 -4.520195 -233.518356
v 3.302601 -12.910357 -233.518356
v 3.302601 -21.300522 -233.518356
v 3.302601 -21.300522 -225.128204
v 3.302601 -12.910359 -225.128204
v 3.302601 -12.910359 -225.128204
v 3.302601 -21.300522 -225.128204
v 1.205060 -21.300522 -225.128204
v 1.205060 -12.910359 -225.128204
v 1.205060 -12.910357 -233.518356
v 3.302601 -12.910357 -233.518356
v 3.302601 -12.910359 -225.128204
v 1.205060 -12.910359 -225.128204
v 11.692764 -21.300522 -233.518356
v 11.692764 -21.300520 -250.298691
v 11.692764 -38.080849 -250.298691
v 11.692764 -38.080849 -216.738037
v 11.692764 -21.300524 -216.738037
v 28.473091 -21.300526 -199.957703
v 28.473091 -38.080853 -199.957703
v 28.473091 -38.080849 -216.738037
v 28.473091 -21.300524 -216.738037
v 45.253418 -21.300526 -199.957703
v 28.473091 -21.300526 -199.957703
v 28.473091 -21.300524 -216.738037
v 43.155876 -21.300524 -216.738037
v 45.253418 -21.300524 -216.738037
v 45.253418 -21.300526 -199.957703
v 45.253418 -38.080853 -199.957703
v 28.473091 -38.080853 -199.957703
v 28.473091 -21.300526 -199.957703
v 45.253418 -21.300524 -216.738037
v 45.253418 -38.080849 -216.738037
v 45.253418 -38.080853 -199.957703
v 45.253418 -21.300526 -199.957703
v 89.301781 8.065035 -74.105255
v 89.301781 5.967493 -74.105255
v 103.984566 5.967493 -74.105255
v 114.472267 5.967493 -74.105255
v 148.032913 5.967493 -74.105255
v 148.032913 45.820770 -74.105247
v 118.667351 45.820770 -74.105247
v 89.301781 45.820770 -74.105247
v 59.936203 5.967493 -74.105255
v 74.618996 5.967493 -74.105255
v 74.618996 8.065035 -74.105255
v 74.618996 45.820770 -74.105247
v 59.936203 45.820770 -74.105247
v 1.205060 5.967493 -74.105255
v 59.936203 5.967493 -74.105255
v 59.936203 45.820770 -74.105247
v 1.205060 45.820770 -74.105247
v 89.301781 8.065035 -74.105255
v 89.301781 45.820770 -74.105247
v 74.618996 45.820770 -74.105247
v 74.618996 8.065035 -74.105255
v 59.936203 -38.080864 -74.105263
v 64.131287 -38.080864 -74.105263
v 64.131287 1.772412 -74.105255
v 59.936203 5.967493 -74.105255
v 99.789482 1.772412 -74.105255
v 99.789482 -38.080864 -74.105263
v 103.984566 -38.080864 -74.105263
v 103.984566 5.967493 -74.105255
v 148.032913 5.967493 -74.105255
v 114.472267 5.967493 -74.105255
v 114.472267 -4.520211 -74.105255
v 148.032913 -4.520211 -74.105255
v 114.472267 -4.520211 -74.105255
v 114.472267 5.967493 -74.105255
v 103.984566 5.967493 -74.105255
v 103.984566 -38.080864 -74.105263
v 114.472267 -38.080864 -74.105263
v 1.205060 -38.080864 -74.105263
v 59.936203 -38.080864 -74.105263
v 59.936203 5.967493 -74.105255
v 1.205060 5.967493 -74.105255
v 118.667351 45.820770 -74.105247
v 148.032913 45.820770 -74.105247
v 148.032913 58.406013 -74.105255
v 118.667351 58.406013 -74.105255
v 59.936203 45.820770 -74.105247
v 74.618996 45.820770 -74.105247
v 89.301781 45.820770 -74.105247
v 118.667351 45.820770 -74.105247
v 118.667351 58.406013 -74.105255
v 59.936203 58.406013 -74.105255
v 1.205060 45.820770 -74.105247
v 59.936203 45.820770 -74.105247
v 59.936203 58.406013 -74.105255
v 1.205060 58.406013 -74.105255
v 89.301781 5.967493 -74.105255
v 74.618996 5.967493 -74.105255
v 59.936203 5.967493 -74.105255
v 64.131287 1.772412 -74.105255
v 99.789482 1.772412 -74.105255
v 103.984566 5.967493 -74.105255
v 74.618996 8.065035 -74.105255
v 74.618996 5.967493 -74.105255
v 74.618996 5.967494 -76.202797
v 74.618996 8.065035 -76.202797
v 89.301781 8.065035 -74.105255
v 74.618996 8.065035 -74.105255
v 74.618996 8.065035 -76.202797
v 89.301781 8.065035 -76.202797
v 139.642746 29.040449 -141.750946
v 139.642746 26.942907 -141.750946
v 101.887024 26.942907 -141.750946
v 101.887024 29.040449 -141.750946
v 101.887024 29.040449 -141.750946
v 101.887024 26.942907 -141.750946
v 101.887024 26.942909 -157.482513
v 101.887024 29.040451 -157.482513
v 121.289276 29.302643 -150.141113
v 120.240509 29.302643 -150.141113
v 120.240509 29.302643 -149.092346
v 121.289276 29.302643 -149.092346
v 121.289276 58.143829 -150.141098
v 121.289276 29.302643 -150.141113
v 121.289276 29.302643 -149.092346
v 121.289276 58.143829 -149.092331
v 121.289276 58.143829 -149.092331
v 120.240509 58.143829 -149.092331
v 120.240509 58.143829 -150.141098
v 121.289276 58.143829 -150.141098
v 120.240509 58.143829 -149.092331
v 120.240509 29.302643 -149.092346
v 120.240509 29.302643 -150.141113
v 120.240509 58.143829 -150.141098
v 120.240509 58.143829 -150.141098
v 120.240509 29.302643 -150.141113
v 121.289276 29.302643 -150.141113
v 121.289276 58.143829 -150.141098
v 121.289276 58.143829 -149.092331
v 121.289276 29.302643 -149.092346
v 120.240509 29.302643 -149.092346
v 120.240509 58.143829 -149.092331
v 139.642746 29.040451 -157.482513
v 139.642746 26.942909 -157.482513
v 139.642746 26.942907 -141.750946
v 139.642746 29.040449 -141.750946
v 139.642746 26.942909 -157.482513
v 101.887024 26.942909 -157.482513
v 101.887024 26.942907 -141.750946
v 139.642746 26.942907 -141.750946
v 139.642746 29.040449 -141.750946
v 101.887024 29.040449 -141.750946
v 101.887024 29.040451 -157.482513
v 139.642746 29.040451 -157.482513
v 136.496445 -29.690697 -111.861000
v 136.496445 -38.080860 -111.861000
v 128.106293 -38.080860 -111.861000
v 128.106293 -29.690697 -111.861000
v 110.277191 -21.300533 -116.056076
v 110.277191 -38.080860 -116.056084
v 110.277191 -38.080860 -118.153625
v 110.277191 -38.080860 -128.641327
v 110.277191 -38.080860 -132.836395
v 110.277191 -21.300531 -132.836395
v 112.374725 -12.910370 -116.056076
v 112.374725 -12.910369 -124.446236
v 120.764893 -12.910369 -124.446236
v 120.764893 -12.910370 -116.056076
v 120.764893 -21.300531 -132.836395
v 112.374725 -21.300531 -132.836395
v 110.277191 -21.300531 -132.836395
v 110.277191 -38.080860 -132.836395
v 127.057518 -38.080860 -132.836395
v 127.057518 -21.300531 -132.836395
v 128.106293 -29.690697 -111.861000
v 128.106293 -38.080860 -111.861000
v 128.106293 -38.080860 -116.056084
v 128.106293 -38.080856 -120.251167
v 128.106293 -29.690697 -120.251167
v 128.106293 -29.690697 -111.861000
v 128.106293 -29.690697 -120.251167
v 136.496445 -29.690697 -120.251167
v 136.496445 -29.690697 -111.861000
v 128.106293 -29.690697 -120.251167
v 128.106293 -38.080856 -120.251167
v 136.496445 -38.080856 -120.251167
v 136.496445 -29.690697 -120.251167
v 136.496445 -29.690697 -120.251167
v 136.496445 -38.080856 -120.251167
v 136.496445 -38.080860 -111.861000
v 136.496445 -29.690697 -111.861000
v 112.374725 -21.300533 -124.446236
v 112.374725 -21.300533 -116.056076
v 110.277191 -21.300533 -116.056076
v 110.277191 -21.300531 -132.836395
v 112.374725 -21.300531 -132.836395
v 127.057518 -21.300533 -116.056076
v 120.764893 -21.300533 -116.056076
v 120.764893 -21.300533 -124.446236
v 120.764893 -21.300531 -132.836395
v 127.057518 -21.300531 -132.836395
v 112.374725 -21.300533 -124.446236
v 112.374725 -21.300531 -132.836395
v 120.764893 -21.300531 -132.836395
v 120.764893 -21.300533 -124.446236
v 112.374725 -12.910369 -124.446236
v 112.374725 -21.300533 -124.446236
v 120.764893 -21.300533 -124.446236
v 120.764893 -12.910369 -124.446236
v 120.764893 -12.910369 -124.446236
v 120.764893 -21.300533 -124.446236
v 120.764893 -21.300533 -116.056076
v 120.764893 -12.910370 -116.056076
v 120.764893 -12.910370 -116.056076
v 120.764893 -21.300533 -116.056076
v 112.374725 -21.300533 -116.056076
v 112.374725 -12.910370 -116.056076
v 112.374725 -12.910370 -116.056076
v 112.374725 -21.300533 -116.056076
v 112.374725 -21.300533 -124.446236
v 112.374725 -12.910369 -124.446236
v 112.374725 -21.300533 -116.056076
v 120.764893 -21.300533 -116.056076
v 127.057518 -21.300533 -116.056076
v 127.057518 -38.080860 -116.056084
v 110.277191 -38.080860 -116.056084
v 110.277191 -21.300533 -116.056076
v 127.057518 -21.300531 -132.836395
v 127.057518 -38.080860 -132.836395
v 127.057518 -38.080860 -116.056084
v 127.057518 -21.300533 -116.056076
v 114.472267 -4.520211 -74.105255
v 114.472267 -38.080864 -74.105263
v 114.472267 -38.080864 -78.300346
v 114.472267 -38.080860 -107.665916
v 114.472267 -4.520207 -107.665909
v 148.032913 -4.520211 -74.105255
v 114.472267 -4.520211 -74.105255
v 114.472267 -4.520207 -107.665909
v 148.032913 -4.520207 -107.665909
v 114.472267 -4.520207 -107.665909
v 114.472267 -38.080860 -107.665916
v 148.032913 -38.080860 -107.665916
v 148.032913 -4.520207 -107.665909
v 89.301781 8.065035 -76.202797
v 89.301781 5.967494 -76.202797
v 89.301781 5.967493 -74.105255
v 89.301781 8.065035 -74.105255
v 89.301781 5.967494 -76.202797
v 74.618996 5.967494 -76.202797
v 74.618996 5.967493 -74.105255
v 89.301781 5.967493 -74.105255
v 74.618996 8.065035 -76.202797
v 74.618996 5.967494 -76.202797
v 89.301781 5.967494 -76.202797
v 89.301781 8.065035 -76.202797
v 24.802395 58.143829 -149.092331
v 23.753624 58.143829 -149.092331
v 23.753624 58.143829 -150.141098
v 24.802395 58.143829 -150.141098
v 43.155876 29.040451 -157.482513
v 43.155876 26.942909 -157.482513
v 43.155876 26.942907 -141.750946
v 43.155876 29.040449 -141.750946
v 64.131287 -0.849510 -118.153618
v 64.131287 -38.080860 -118.153625
v 53.643581 -38.080860 -118.153625
v 53.643581 -0.849510 -118.153618
v 64.131287 57.881634 -118.153618
v 64.131287 -0.849510 -118.153618
v 53.643581 -0.849510 -118.153618
v 53.643581 57.881634 -118.153618
v 64.131287 57.881634 -118.153618
v 53.643581 57.881634 -118.153618
v 53.643581 57.881634 -128.641312
v 64.131287 57.881634 -128.641312
v 53.643581 -0.849509 -128.641327
v 53.643581 -38.080860 -128.641327
v 64.131287 -38.080860 -128.641327
v 64.131287 -0.849509 -128.641327
v 53.643581 57.881634 -128.641312
v 53.643581 -0.849509 -128.641327
v 64.131287 -0.849509 -128.641327
v 64.131287 57.881634 -128.641312
v 64.131287 -0.849509 -128.641327
v 64.131287 -38.080860 -128.641327
v 64.131287 -38.080860 -118.153625
v 64.131287 -0.849510 -118.153618
v 64.131287 57.881634 -128.641312
v 64.131287 -0.849509 -128.641327
v 64.131287 -0.849510 -118.153618
v 64.131287 57.881634 -118.153618
v 53.643581 -0.849510 -118.153618
v 53.643581 -38.080860 -118.153625
v 53.643581 -38.080860 -128.641327
v 53.643581 -0.849509 -128.641327
v 53.643581 57.881634 -118.153618
v 53.643581 -0.849510 -118.153618
v 53.643581 -0.849509 -128.641327
v 53.643581 57.881634 -128.641312
v 41.058334 8.065036 -95.080666
v 28.473091 8.065036 -95.080666
v 20.082928 8.065036 -95.080666
v 7.497683 8.065036 -95.080666
v 7.497683 8.065041 -128.641327
v 41.058334 8.065041 -128.641327
v 43.155876 29.040449 -141.750946
v 43.155876 26.942907 -141.750946
v 5.400142 26.942907 -141.750946
v 5.400142 29.040449 -141.750946
v 24.802395 29.302643 -150.141113
v 23.753624 29.302643 -150.141113
v 23.753624 29.302643 -149.092346
v 24.802395 29.302643 -149.092346
v 23.753624 58.143829 -149.092331
v 23.753624 29.302643 -149.092346
v 23.753624 29.302643 -150.141113
v 23.753624 58.143829 -150.141098
v 24.802395 58.143829 -150.141098
v 24.802395 29.302643 -150.141113
v 24.802395 29.302643 -149.092346
v 24.802395 58.143829 -149.092331
v 23.753624 58.143829 -150.141098
v 23.753624 29.302643 -150.141113
v 24.802395 29.302643 -150.141113
v 24.802395 58.143829 -150.141098
v 24.802395 58.143829 -149.092331
v 24.802395 29.302643 -149.092346
v 23.753624 29.302643 -149.092346
v 23.753624 58.143829 -149.092331
v 5.400142 29.040449 -141.750946
v 5.400142 26.942907 -141.750946
v 5.400142 26.942909 -157.482513
v 5.400142 29.040451 -157.482513
v 43.155876 26.942909 -157.482513
v 5.400142 26.942909 -157.482513
v 5.400142 26.942907 -141.750946
v 43.155876 26.942907 -141.750946
v 43.155876 29.040449 -141.750946
v 5.400142 29.040449 -141.750946
v 5.400142 29.040451 -157.482513
v 43.155876 29.040451 -157.482513
v 7.497683 -4.520204 -145.421646
v 7.497683 -38.080856 -145.421646
v 41.058334 -38.080856 -145.421646
v 41.058334 -4.520204 -145.421646
v 20.082928 -4.520210 -78.300339
v 28.473091 -4.520210 -78.300339
v 41.058334 -4.520210 -78.300339
v 41.058334 -38.080864 -78.300346
v 7.497683 -38.080864 -78.300346
v 7.497683 -4.520210 -78.300339
v 7.497683 -4.520205 -128.641327
v 7.497683 -4.520205 -137.031479
v 7.497683 -4.520204 -145.421646
v 41.058334 -4.520204 -145.421646
v 41.058334 -4.520205 -137.031479
v 41.058334 -4.520205 -128.641327
v 20.082928 -4.520210 -86.690506
v 20.082928 -4.520210 -78.300339
v 7.497683 -4.520210 -78.300339
v 7.497683 -4.520208 -95.080666
v 20.082928 -4.520208 -95.080666
v 41.058334 -4.520210 -78.300339
v 28.473091 -4.520210 -78.300339
v 28.473091 -4.520210 -86.690506
v 28.473091 -4.520208 -95.080666
v 41.058334 -4.520208 -95.080666
v 28.473091 -4.520210 -78.300339
v 20.082928 -4.520210 -78.300339
v 20.082928 -4.520210 -86.690506
v 28.473091 -4.520210 -86.690506
v 7.497683 8.065041 -128.641327
v 7.497683 -4.520205 -128.641327
v 41.058334 -4.520205 -128.641327
v 41.058334 8.065041 -128.641327
v 20.082928 3.869955 -95.080666
v 20.082928 8.065036 -95.080666
v 28.473091 8.065036 -95.080666
v 28.473091 3.869955 -95.080666
v 41.058334 8.065036 -95.080666
v 41.058334 -4.520208 -95.080666
v 28.473091 -4.520208 -95.080666
v 28.473091 3.869955 -95.080666
v 28.473091 8.065036 -95.080666
v 20.082928 3.869955 -95.080666
v 20.082928 -4.520208 -95.080666
v 7.497683 -4.520208 -95.080666
v 7.497683 8.065036 -95.080666
v 20.082928 8.065036 -95.080666
v 7.497683 8.065036 -95.080666
v 7.497683 -4.520208 -95.080666
v 7.497683 -4.520205 -128.641327
v 7.497683 8.065041 -128.641327
v 41.058334 8.065041 -128.641327
v 41.058334 -4.520205 -128.641327
v 41.058334 -4.520208 -95.080666
v 41.058334 8.065036 -95.080666
v 20.082928 3.869955 -86.690506
v 20.082928 -4.520210 -86.690506
v 20.082928 -4.520208 -95.080666
v 20.082928 3.869955 -95.080666
v 28.473091 3.869955 -95.080666
v 28.473091 -4.520208 -95.080666
v 28.473091 -4.520210 -86.690506
v 28.473091 3.869955 -86.690506
v 28.473091 3.869955 -86.690506
v 28.473091 -4.520210 -86.690506
v 20.082928 -4.520210 -86.690506
v 20.082928 3.869955 -86.690506
v 20.082928 3.869955 -86.690506
v 20.082928 3.869955 -95.080666
v 28.473091 3.869955 -95.080666
v 28.473091 3.869955 -86.690506
v 7.497683 -38.080860 -137.031479
v 7.497683 -38.080856 -145.421646
v 7.497683 -4.520204 -145.421646
v 7.497683 -4.520205 -137.031479
v 7.497683 -4.520205 -128.641327
v 7.497683 -4.520208 -95.080666
v 7.497683 -4.520210 -78.300339
v 7.497683 -38.080864 -78.300346
v 7.497683 -38.080864 -86.690514
v 7.497683 -38.080860 -137.031479
v 7.497683 -4.520205 -137.031479
v 41.058334 -4.520204 -145.421646
v 41.058334 -38.080856 -145.421646
v 41.058334 -38.080860 -137.031479
v 41.058334 -4.520205 -137.031479
v 41.058334 -38.080860 -137.031479
v 41.058334 -38.080860 -132.836395
v 41.058334 -38.080860 -128.641327
v 41.058334 -38.080860 -118.153625
v 41.058334 -38.080860 -116.056084
v 41.058334 -38.080860 -111.861000
v 41.058334 -38.080860 -107.665916
v 41.058334 -38.080864 -78.300346
v 41.058334 -4.520210 -78.300339
v 41.058334 -4.520208 -95.080666
v 41.058334 -4.520205 -128.641327
v 41.058334 -4.520205 -137.031479
v 64.131287 1.772408 -34.251984
v 64.131287 1.772408 -32.154442
v 70.423912 1.772408 -32.154442
v 99.789482 1.772408 -32.154442
v 99.789482 1.772412 -74.105255
v 64.131287 1.772412 -74.105255
v 64.131287 -38.080864 -74.105263
v 64.131287 -38.080868 -34.251987
v 64.131287 1.772408 -34.251984
v 64.131287 1.772412 -74.105255
v 64.131287 -38.080868 -34.251987
v 64.131287 -38.080872 -32.154446
v 64.131287 1.772408 -32.154442
v 64.131287 1.772408 -34.251984
v 99.789482 -38.080872 -32.154446
v 99.789482 -38.080864 -74.105263
v 99.789482 1.772412 -74.105255
v 99.789482 1.772408 -32.154442
v 9.595223 -40.178387 -268.127777
v 9.595223 -38.080845 -268.127777
v 1.205060 -38.080845 -268.127777
v 1.205060 -40.178387 -268.127777
v 9.595223 -38.080845 -268.127777
v 9.595223 -40.178387 -268.127777
v 9.595223 -40.178387 -283.859344
v 9.595223 -38.080845 -283.859344
v 9.595223 -38.080845 -283.859344
v 9.595223 -40.178387 -283.859344
v 1.205060 -40.178387 -283.859344
v 1.205060 -38.080845 -283.859344
v 1.205060 -40.178387 -283.859344
v 9.595223 -40.178387 -283.859344
v 9.595223 -40.178387 -268.127777
v 1.205060 -40.178387 -268.127777
v 156.423080 -19.203012 60.137352
v 156.423080 -38.080879 60.137352
v 156.423080 -38.080875 47.552109
v 156.423080 -19.203009 47.552109
v 252.909958 54.210918 64.332436
v 231.934555 54.210918 64.332436
v 231.934555 54.210922 47.552116
v 231.934555 54.210922 43.357033
v 231.934555 54.210922 39.161953
v 261.300110 54.210922 39.161953
v 261.300110 54.210918 56.781296
v 261.300110 54.210907 185.989822
v 252.909958 54.210911 177.599655
v 252.909958 54.210907 174.243591
v 261.300110 54.210907 174.243591
v 252.909958 54.210907 174.243591
v 252.909958 54.210915 118.868500
v 252.909958 54.210915 115.512436
v 261.300110 54.210915 115.512436
v 261.300110 54.210907 174.243591
v 252.909958 54.210915 115.512436
v 252.909958 54.210918 64.332436
v 261.300110 54.210918 56.781296
v 261.300110 54.210915 115.512436
v 215.154221 54.210911 177.599655
v 252.909958 54.210911 177.599655
v 261.300110 54.210907 185.989822
v 215.154221 54.210907 185.989822
v 156.423080 54.210911 177.599655
v 215.154221 54.210911 177.599655
v 215.154221 54.210907 185.989822
v 156.423080 54.210907 185.989822
v 231.934555 54.210918 64.332436
v 215.154221 54.210918 64.332436
v 215.154221 54.210922 47.552116
v 231.934555 54.210922 47.552116
v 215.154221 54.210918 64.332436
v 156.423080 54.210918 64.332436
v 156.423080 54.210922 47.552116
v 215.154221 54.210922 47.552116
v 215.154221 54.210922 39.161953
v 231.934555 54.210922 39.161953
v 231.934555 54.210922 43.357033
v 215.154221 54.210922 43.357033
v 156.423080 54.210922 39.161953
v 215.154221 54.210922 39.161953
v 215.154221 54.210922 43.357033
v 156.423080 54.210922 43.357033
v 231.934555 54.210922 47.552116
v 215.154221 54.210922 47.552116
v 215.154221 54.210922 43.357033
v 231.934555 54.210922 43.357033
v 215.154221 54.210922 47.552116
v 156.423080 54.210922 47.552116
v 156.423080 54.210922 43.357033
v 215.154221 54.210922 43.357033
v 273.885376 29.040415 215.355377
v 290.665680 29.040415 215.355377
v 273.885376 45.820744 198.575073
v 215.154221 29.040415 215.355377
v 273.885376 29.040415 215.355377
v 273.885376 45.820744 198.575073
v 215.154221 45.820744 198.575073
v 156.423080 29.040415 215.355377
v 215.154221 29.040415 215.355377
v 215.154221 45.820744 198.575073
v 156.423080 45.820744 198.575073
v 281.226746 1.772400 47.552113
v 265.495209 1.772400 47.552113
v 257.105042 1.772400 47.552113
v 241.373489 1.772400 47.552113
v 231.934555 1.772400 47.552113
v 231.934555 5.967482 47.552113
v 253.958725 5.967482 47.552113
v 268.641510 5.967482 47.552113
v 290.665680 5.967482 47.552113
v 290.665680 1.772400 47.552113
v 273.885376 45.820759 47.552116
v 290.665680 29.040432 47.552113
v 273.885376 29.040432 47.552113
v 215.154221 45.820759 47.552116
v 271.554474 45.820759 47.552116
v 273.885376 45.820759 47.552116
v 273.885376 29.040432 47.552113
v 268.641510 29.040432 47.552113
v 253.958725 29.040432 47.552113
v 231.934555 29.040432 47.552113
v 215.154221 29.040432 47.552113
v 156.423080 45.820759 47.552116
v 215.154221 45.820759 47.552116
v 215.154221 29.040432 47.552113
v 156.423080 29.040432 47.552113
v 290.665680 1.772400 47.552113
v 290.665680 -4.520222 47.552113
v 286.470612 -4.520222 47.552113
v 281.226746 1.772400 47.552113
v 241.373489 1.772400 47.552113
v 236.129639 -4.520222 47.552113
v 231.934555 -4.520222 47.552113
v 231.934555 1.772400 47.552113
v 231.934555 5.967482 47.552113
v 231.934555 1.772400 47.552113
v 231.934555 -4.520222 47.552113
v 215.154221 -4.520222 47.552113
v 215.154221 29.040432 47.552113
v 231.934555 29.040432 47.552113
v 215.154221 -4.520222 47.552113
v 208.861603 -4.520222 47.552113
v 187.886185 -4.520222 47.552113
v 177.398483 -4.520222 47.552113
v 156.423080 -4.520222 47.552113
v 156.423080 29.040432 47.552113
v 215.154221 29.040432 47.552113
v 268.641510 8.065022 47.552113
v 268.641510 29.040432 47.552113
v 273.885376 29.040432 47.552113
v 290.665680 29.040432 47.552113
v 290.665680 5.967482 47.552113
v 268.641510 5.967482 47.552113
v 231.934555 5.967482 47.552113
v 231.934555 29.040432 47.552113
v 253.958725 29.040432 47.552113
v 253.958725 8.065022 47.552113
v 253.958725 5.967482 47.552113
v 253.958725 29.040432 47.552113
v 268.641510 29.040432 47.552113
v 268.641510 8.065022 47.552113
v 253.958725 8.065022 47.552113
v 156.423080 -4.520222 47.552113
v 177.398483 -4.520222 47.552113
v 177.398483 -19.203009 47.552109
v 156.423080 -19.203009 47.552109
v 208.861603 -19.203009 47.552109
v 208.861603 -4.520222 47.552113
v 215.154221 -4.520222 47.552113
v 231.934555 -4.520222 47.552113
v 231.934555 -38.080875 47.552109
v 208.861603 -38.080875 47.552109
v 177.398483 -19.203009 47.552109
v 177.398483 -4.520222 47.552113
v 187.886185 -4.520222 47.552113
v 187.886185 -19.203009 47.552109
v 187.886185 -38.080875 47.552109
v 177.398483 -38.080875 47.552109
v 187.886185 -4.520222 47.552113
v 208.861603 -4.520222 47.552113
v 208.861603 -19.203009 47.552109
v 187.886185 -19.203009 47.552109
v 231.934555 -38.080875 47.552109
v 231.934555 -4.520222 47.552113
v 236.129639 -4.520222 47.552113
v 236.129639 -38.080875 47.552109
v 290.665680 -4.520222 47.552113
v 290.665680 -38.080875 47.552109
v 286.470612 -38.080875 47.552109
v 286.470612 -4.520222 47.552113
v 286.470612 -38.080872 26.576700
v 286.470612 -38.080875 47.552109
v 236.129639 -38.080875 47.552109
v 236.129639 -38.080872 26.576700
v 286.470612 -38.080872 -32.154446
v 286.470612 -38.080868 -11.179036
v 286.470612 -38.080872 26.576700
v 236.129639 -38.080872 26.576700
v 236.129639 -38.080868 -11.179036
v 236.129639 -38.080872 -32.154446
v 236.129639 -38.080872 -32.154446
v 236.129639 -38.080868 -11.179036
v 236.129639 -4.520217 -11.179033
v 236.129639 -4.520215 -32.154442
v 236.129639 -38.080868 -11.179036
v 236.129639 -38.080872 26.576700
v 236.129639 -38.080875 47.552109
v 236.129639 -4.520222 47.552113
v 236.129639 -4.520217 -11.179033
v 286.470612 -38.080868 -11.179036
v 286.470612 -38.080872 -32.154446
v 286.470612 -4.520215 -32.154442
v 286.470612 -4.520217 -11.179033
v 286.470612 -4.520222 47.552113
v 286.470612 -38.080875 47.552109
v 286.470612 -38.080872 26.576700
v 286.470612 -38.080868 -11.179036
v 286.470612 -4.520217 -11.179033
v 265.495209 1.772402 26.576702
v 265.495209 1.772400 47.552113
v 281.226746 1.772400 47.552113
v 281.226746 1.772402 26.576702
v 265.495209 1.772408 -32.154442
v 265.495209 1.772404 7.698836
v 265.495209 1.772402 24.479162
v 265.495209 1.772402 26.576702
v 281.226746 1.772402 26.576702
v 281.226746 1.772405 -11.179032
v 281.226746 1.772408 -32.154442
v 257.105042 1.772404 7.698836
v 257.105042 1.772402 24.479162
v 265.495209 1.772402 24.479162
v 265.495209 1.772404 7.698836
v 241.373489 1.772400 47.552113
v 257.105042 1.772400 47.552113
v 257.105042 1.772402 26.576702
v 241.373489 1.772402 26.576702
v 257.105042 1.772402 26.576702
v 257.105042 1.772402 24.479162
v 257.105042 1.772404 7.698836
v 257.105042 1.772408 -32.154442
v 241.373489 1.772408 -32.154442
v 241.373489 1.772405 -11.179032
v 241.373489 1.772402 26.576702
v 257.105042 1.772402 24.479162
v 257.105042 1.772402 26.576702
v 257.105042 1.772400 47.552113
v 265.495209 1.772400 47.552113
v 265.495209 1.772402 26.576702
v 265.495209 1.772402 24.479162
v 257.105042 1.772408 -32.154442
v 257.105042 1.772404 7.698836
v 265.495209 1.772404 7.698836
v 265.495209 1.772408 -32.154442
v 286.470612 -4.520217 -11.179033
v 286.470612 -4.520215 -32.154442
v 281.226746 1.772408 -32.154442
v 281.226746 1.772405 -11.179032
v 281.226746 1.772402 26.576702
v 281.226746 1.772400 47.552113
v 286.470612 -4.520222 47.552113
v 286.470612 -4.520217 -11.179033
v 281.226746 1.772405 -11.179032
v 236.129639 -4.520215 -32.154442
v 236.129639 -4.520217 -11.179033
v 241.373489 1.772405 -11.179032
v 241.373489 1.772408 -32.154442
v 236.129639 -4.520217 -11.179033
v 236.129639 -4.520222 47.552113
v 241.373489 1.772400 47.552113
v 241.373489 1.772402 26.576702
v 241.373489 1.772405 -11.179032
v 269.690277 -4.520238 198.575058
v 252.909958 -4.520238 198.575058
v 252.909958 -4.520236 181.794724
v 269.690277 -4.520236 181.794724
v 290.665680 29.040426 97.893097
v 290.665680 29.040432 47.552113
v 273.885376 45.820759 47.552116
v 273.885376 45.820755 97.893097
v 290.665680 29.040421 156.624237
v 290.665680 29.040426 97.893097
v 273.885376 45.820755 97.893097
v 273.885376 45.820751 106.283264
v 273.885376 45.820747 156.624252
v 273.885376 45.820744 165.014420
v 273.885376 45.820744 198.575073
v 290.665680 29.040415 215.355377
v 290.665680 29.040421 156.624237
v 273.885376 45.820747 156.624252
v 273.885376 -4.520240 215.355377
v 290.665680 -4.520240 215.355377
v 290.665680 29.040415 215.355377
v 273.885376 29.040415 215.355377
v 215.154221 -4.520240 215.355377
v 261.300110 -4.520240 215.355377
v 263.974487 -4.520240 215.355377
v 273.885376 -4.520240 215.355377
v 273.885376 29.040415 215.355377
v 215.154221 29.040415 215.355377
v 156.423080 -4.520240 215.355377
v 215.154221 -4.520240 215.355377
v 215.154221 29.040415 215.355377
v 156.423080 29.040415 215.355377
v 290.665680 -4.520228 97.893089
v 290.665680 -4.520222 47.552113
v 290.665680 1.772400 47.552113
v 290.665680 5.967482 47.552113
v 290.665680 29.040432 47.552113
v 290.665680 29.040426 97.893097
v 290.665680 -4.520233 156.624237
v 290.665680 -4.520228 97.893089
v 290.665680 29.040426 97.893097
v 290.665680 29.040421 156.624237
v 290.665680 29.040415 215.355377
v 290.665680 -4.520240 215.355377
v 290.665680 -4.520233 156.624237
v 290.665680 29.040421 156.624237
v 268.641510 8.065022 49.649651
v 253.958725 8.065022 49.649651
v 253.958725 8.065022 47.552113
v 268.641510 8.065022 47.552113
v 215.154221 45.820755 64.332443
v 252.909958 45.820755 64.332443
v 271.554474 45.820759 47.552116
v 215.154221 45.820759 47.552116
v 156.423080 45.820759 47.552116
v 156.423080 45.820755 55.942280
v 156.423080 45.820755 64.332443
v 215.154221 45.820755 64.332443
v 215.154221 45.820759 47.552116
v 252.909958 45.820744 165.014420
v 252.909958 45.820747 177.599655
v 273.885376 45.820744 198.575073
v 273.885376 45.820744 165.014420
v 252.909958 45.820751 106.283264
v 252.909958 45.820751 118.868507
v 252.909958 45.820744 165.014420
v 273.885376 45.820744 165.014420
v 273.885376 45.820747 156.624252
v 273.885376 45.820751 106.283264
v 273.885376 45.820755 97.893097
v 273.885376 45.820759 47.552116
v 271.554474 45.820759 47.552116
v 252.909958 45.820755 64.332443
v 252.909958 45.820751 106.283264
v 273.885376 45.820751 106.283264
v 273.885376 45.820744 198.575073
v 252.909958 45.820747 177.599655
v 215.154221 45.820747 177.599655
v 215.154221 45.820744 198.575073
v 215.154221 45.820747 177.599655
v 156.423080 45.820747 177.599655
v 156.423080 45.820744 198.575073
v 215.154221 45.820744 198.575073
v 215.154221 45.820747 177.599655
v 252.909958 45.820747 177.599655
v 252.909958 54.210911 177.599655
v 215.154221 54.210911 177.599655
v 156.423080 45.820747 177.599655
v 215.154221 45.820747 177.599655
v 215.154221 54.210911 177.599655
v 156.423080 54.210911 177.599655
v 215.154221 54.210918 64.332436
v 231.934555 54.210918 64.332436
v 252.909958 54.210918 64.332436
v 252.909958 45.820755 64.332443
v 215.154221 45.820755 64.332443
v 156.423080 54.210918 64.332436
v 215.154221 54.210918 64.332436
v 215.154221 45.820755 64.332443
v 156.423080 45.820755 64.332443
v 252.909958 45.820751 118.868507
v 252.909958 45.820751 106.283264
v 252.909958 45.820755 64.332443
v 252.909958 54.210918 64.332436
v 252.909958 54.210915 115.512436
v 252.909958 54.210915 118.868500
v 252.909958 54.210907 174.243591
v 252.909958 54.210911 177.599655
v 252.909958 45.820747 177.599655
v 252.909958 45.820744 165.014420
v 252.909958 45.820751 118.868507
v 252.909958 54.210915 118.868500
v 268.641510 8.065022 49.649651
v 268.641510 5.967482 49.649651
v 253.958725 5.967482 49.649651
v 253.958725 8.065022 49.649651
v 253.958725 8.065022 49.649651
v 253.958725 5.967482 49.649651
v 253.958725 5.967482 47.552113
v 253.958725 8.065022 47.552113
v 268.641510 8.065022 47.552113
v 268.641510 5.967482 47.552113
v 268.641510 5.967482 49.649651
v 268.641510 8.065022 49.649651
v 268.641510 5.967482 47.552113
v 253.958725 5.967482 47.552113
v 253.958725 5.967482 49.649651
v 268.641510 5.967482 49.649651
v 278.080444 -38.080891 169.209488
v 290.665680 -38.080891 169.209488
v 290.665680 -38.080887 177.599640
v 278.080444 -38.080887 177.599640
v 244.519791 -38.080891 165.014404
v 252.909958 -38.080891 165.014404
v 252.909958 -38.080887 181.794724
v 244.519791 -38.080887 181.794724
v 156.423080 -38.080887 177.599640
v 156.423080 -38.080891 173.404556
v 156.423080 -38.080891 169.209488
v 156.423080 -38.080891 165.014404
v 240.324707 -38.080891 165.014404
v 244.519791 -38.080891 165.014404
v 244.519791 -38.080887 181.794724
v 236.129639 -38.080887 181.794724
v 156.423080 -38.080887 181.794724
v 208.861603 -38.080875 47.552109
v 231.934555 -38.080875 47.552109
v 236.129639 -38.080875 47.552109
v 286.470612 -38.080875 47.552109
v 290.665680 -38.080875 47.552109
v 290.665680 -38.080879 55.942272
v 219.349304 -38.080879 55.942272
v 208.861603 -38.080879 55.942272
v 257.105042 -38.080879 93.698006
v 266.853363 -38.080883 103.446320
v 257.105042 -38.080883 111.264908
v 189.983734 -38.080883 114.673409
v 177.398483 -38.080883 102.088165
v 189.983734 -38.080879 93.698006
v 215.154221 -38.080879 76.917679
v 230.256516 -38.080879 66.849480
v 240.324707 -38.080879 76.917679
v 217.967545 -38.080887 142.657227
v 206.764053 -38.080883 131.453751
v 231.934555 -38.080883 131.453751
v 208.861603 -38.080879 60.137352
v 208.861603 -38.080879 81.112755
v 187.886185 -38.080879 95.095497
v 187.886185 -38.080879 60.137352
v 187.886185 -38.080879 60.137352
v 187.886185 -38.080879 95.095497
v 177.398483 -38.080883 102.088165
v 177.398483 -38.080879 60.137352
v 177.398483 -38.080875 47.552109
v 187.886185 -38.080875 47.552109
v 208.861603 -38.080879 60.137352
v 208.861603 -38.080879 55.942272
v 219.349304 -38.080879 55.942272
v 230.256516 -38.080879 66.849480
v 215.154221 -38.080879 76.917679
v 208.861603 -38.080879 81.112755
v 177.398483 -38.080883 102.088165
v 156.423080 -38.080879 81.112755
v 156.423080 -38.080879 60.137352
v 177.398483 -38.080879 60.137352
v 290.665680 -38.080883 127.258659
v 290.665680 -38.080887 156.624237
v 290.665680 -38.080891 165.014404
v 269.690277 -38.080891 165.014404
v 252.909958 -38.080891 165.014404
v 244.519791 -38.080891 165.014404
v 240.324707 -38.080891 165.014404
v 217.967545 -38.080887 142.657227
v 266.853363 -38.080883 103.446320
v 177.398483 -38.080883 102.088165
v 189.983734 -38.080883 114.673409
v 206.764053 -38.080883 131.453751
v 217.967545 -38.080887 142.657227
v 240.324707 -38.080891 165.014404
v 156.423080 -38.080891 165.014404
v 156.423080 -38.080883 135.648834
v 156.423080 -38.080879 81.112755
v 290.665680 -38.080879 55.942272
v 290.665680 -38.080879 97.893082
v 290.665680 -38.080883 127.258659
v 266.853363 -38.080883 103.446320
v 257.105042 -38.080879 93.698006
v 240.324707 -38.080879 76.917679
v 230.256516 -38.080879 66.849480
v 219.349304 -38.080879 55.942272
v 269.690277 -38.080891 165.014404
v 290.665680 -38.080891 165.014404
v 290.665680 -38.080891 169.209488
v 278.080444 -38.080891 169.209488
v 269.690277 -38.080891 169.209488
v 252.909958 -38.080887 181.794724
v 269.690277 -38.080887 181.794724
v 290.665680 -38.080887 181.794724
v 290.665680 -38.080891 197.526276
v 269.690277 -38.080891 197.526276
v 252.909958 -38.080891 197.526276
v 290.665680 -38.080891 197.526276
v 290.665680 -38.080891 198.575058
v 269.690277 -38.080891 198.575058
v 269.690277 -38.080891 197.526276
v 156.423080 -38.080887 181.794724
v 236.129639 -38.080887 181.794724
v 236.129639 -38.080891 198.575058
v 215.154221 -38.080891 198.575058
v 189.983734 -38.080891 198.575058
v 156.423080 -38.080891 198.575058
v 173.203400 -38.080894 215.355377
v 156.423080 -38.080894 215.355377
v 156.423080 -38.080891 198.575058
v 189.983734 -38.080891 198.575058
v 290.665680 -38.080894 215.355377
v 263.974487 -38.080894 215.355377
v 236.074570 -38.080894 215.355377
v 215.154221 -38.080891 198.575058
v 236.129639 -38.080891 198.575058
v 269.690277 -38.080891 198.575058
v 290.665680 -38.080891 198.575058
v 269.690277 -38.080887 177.599640
v 278.080444 -38.080887 177.599640
v 290.665680 -38.080887 177.599640
v 290.665680 -38.080887 181.794724
v 269.690277 -38.080887 181.794724
v 215.154221 -22.099630 215.355377
v 261.300110 -4.520240 215.355377
v 215.154221 -4.520240 215.355377
v 156.423080 -38.080894 215.355377
v 173.203400 -38.080894 215.355377
v 195.227585 -29.690729 215.355377
v 215.154221 -22.099630 215.355377
v 215.154221 -4.520240 215.355377
v 156.423080 -4.520240 215.355377
v 263.974487 -38.080894 215.355377
v 290.665680 -38.080894 215.355377
v 290.665680 -4.520240 215.355377
v 273.885376 -4.520240 215.355377
v 263.974487 -4.520240 215.355377
v 236.074570 -38.080894 215.355377
v 263.974487 -38.080894 215.355377
v 263.974487 -4.520240 215.355377
v 261.300110 -4.520240 215.355377
v 205.243347 -25.875826 215.355377
v 214.881546 -29.690729 215.355377
v 205.243347 -25.875826 215.355377
v 195.227585 -29.690729 215.355377
v 236.074570 -38.080894 215.355377
v 214.881546 -29.690729 215.355377
v 210.959137 -29.690729 212.209076
v 215.154221 -38.080891 198.575058
v 187.886185 -19.203012 60.137352
v 187.886185 -38.080879 60.137352
v 187.886185 -38.080875 47.552109
v 187.886185 -19.203009 47.552109
v 269.690277 -21.300564 197.526276
v 269.690277 -38.080891 197.526276
v 269.690277 -38.080891 198.575058
v 269.690277 -21.300564 198.575058
v 269.690277 -4.520236 181.794724
v 269.690277 -21.300564 181.794724
v 269.690277 -21.300564 197.526276
v 269.690277 -21.300564 198.575058
v 269.690277 -4.520238 198.575058
v 269.690277 -29.690725 177.599640
v 269.690277 -38.080887 177.599640
v 269.690277 -38.080887 181.794724
v 269.690277 -21.300564 181.794724
v 269.690277 -21.300562 177.599640
v 269.690277 -21.300560 165.014404
v 269.690277 -38.080891 165.014404
v 269.690277 -38.080891 169.209488
v 269.690277 -29.690725 169.209488
v 269.690277 -21.300562 169.209488
v 269.690277 -29.690725 177.599640
v 269.690277 -21.300562 177.599640
v 269.690277 -21.300562 169.209488
v 269.690277 -29.690725 169.209488
v 278.080444 -29.690725 169.209488
v 278.080444 -38.080891 169.209488
v 278.080444 -38.080887 177.599640
v 278.080444 -29.690725 177.599640
v 290.665680 -38.080879 97.893082
v 290.665680 -38.080879 55.942272
v 290.665680 -38.080875 47.552109
v 290.665680 -4.520222 47.552113
v 290.665680 -4.520228 97.893089
v 290.665680 -38.080887 156.624237
v 290.665680 -38.080883 127.258659
v 290.665680 -38.080879 97.893082
v 290.665680 -4.520228 97.893089
v 290.665680 -4.520233 156.624237
v 290.665680 -38.080894 215.355377
v 290.665680 -38.080891 198.575058
v 290.665680 -38.080891 197.526276
v 290.665680 -38.080887 181.794724
v 290.665680 -38.080887 177.599640
v 290.665680 -38.080891 169.209488
v 290.665680 -38.080891 165.014404
v 290.665680 -38.080887 156.624237
v 290.665680 -4.520233 156.624237
v 290.665680 -4.520240 215.355377
v 269.690277 -29.690725 169.209488
v 269.690277 -38.080891 169.209488
v 278.080444 -38.080891 169.209488
v 278.080444 -29.690725 169.209488
v 278.080444 -29.690725 177.599640
v 278.080444 -38.080887 177.599640
v 269.690277 -38.080887 177.599640
v 269.690277 -29.690725 177.599640
v 278.080444 -29.690725 177.599640
v 269.690277 -29.690725 177.599640
v 269.690277 -29.690725 169.209488
v 278.080444 -29.690725 169.209488
v 252.909958 -21.300560 165.014404
v 252.909958 -38.080891 165.014404
v 269.690277 -38.080891 165.014404
v 269.690277 -21.300560 165.014404
v 208.861603 -19.203012 60.137352
v 208.861603 -38.080879 60.137352
v 187.886185 -38.080879 60.137352
v 187.886185 -19.203012 60.137352
v 208.861603 -19.203009 47.552109
v 208.861603 -38.080875 47.552109
v 208.861603 -38.080879 55.942272
v 208.861603 -38.080879 60.137352
v 208.861603 -19.203012 60.137352
v 187.886185 -19.203012 60.137352
v 187.886185 -19.203009 47.552109
v 208.861603 -19.203009 47.552109
v 208.861603 -19.203012 60.137352
v 215.154221 -33.885803 117.819725
v 206.764053 -33.885803 109.429558
v 206.764053 -33.885803 98.941856
v 219.349304 -33.885799 90.551689
v 231.934555 -33.885799 90.551689
v 240.324707 -33.885803 98.941856
v 240.324707 -33.885803 107.725304
v 227.739471 -33.885803 117.819725
v 257.105042 -38.080879 93.698006
v 240.324707 -33.885803 98.941856
v 231.934555 -33.885799 90.551689
v 240.324707 -38.080879 76.917679
v 257.105042 -38.080883 111.264908
v 240.324707 -33.885803 107.725304
v 240.324707 -33.885803 98.941856
v 257.105042 -38.080879 93.698006
v 189.983734 -38.080883 114.673409
v 206.764053 -33.885803 109.429558
v 215.154221 -33.885803 117.819725
v 206.764053 -38.080883 131.453751
v 189.983734 -38.080879 93.698006
v 206.764053 -33.885803 98.941856
v 206.764053 -33.885803 109.429558
v 189.983734 -38.080883 114.673409
v 231.934555 -38.080883 131.453751
v 227.739471 -33.885803 117.819725
v 240.324707 -33.885803 107.725304
v 257.105042 -38.080883 111.264908
v 240.324707 -38.080879 76.917679
v 231.934555 -33.885799 90.551689
v 219.349304 -33.885799 90.551689
v 215.154221 -38.080879 76.917679
v 208.861603 -38.080879 81.112755
v 215.154221 -38.080879 76.917679
v 219.349304 -33.885799 90.551689
v 206.764053 -33.885803 98.941856
v 189.983734 -38.080879 93.698006
v 206.764053 -38.080883 131.453751
v 215.154221 -33.885803 117.819725
v 227.739471 -33.885803 117.819725
v 231.934555 -38.080883 131.453751
v 236.129639 -21.300564 198.575058
v 236.129639 -38.080891 198.575058
v 236.129639 -38.080887 181.794724
v 236.129639 -21.300564 181.794724
v 236.129639 -21.300564 181.794724
v 236.129639 -38.080887 181.794724
v 244.519791 -38.080887 181.794724
v 252.909958 -38.080887 181.794724
v 252.909958 -21.300564 181.794724
v 252.909958 -4.520236 181.794724
v 252.909958 -21.300564 181.794724
v 269.690277 -21.300564 181.794724
v 269.690277 -4.520236 181.794724
v 269.690277 -21.300564 181.794724
v 269.690277 -38.080887 181.794724
v 252.909958 -38.080887 181.794724
v 252.909958 -21.300564 181.794724
v 269.690277 -21.300562 169.209488
v 269.690277 -21.300562 177.599640
v 269.690277 -21.300564 181.794724
v 252.909958 -21.300564 181.794724
v 252.909958 -21.300560 165.014404
v 269.690277 -21.300560 165.014404
v 252.909958 -21.300564 181.794724
v 252.909958 -38.080887 181.794724
v 252.909958 -38.080891 165.014404
v 252.909958 -21.300560 165.014404
v 252.909958 -21.300564 197.526276
v 252.909958 -21.300564 198.575058
v 236.129639 -21.300564 198.575058
v 236.129639 -21.300564 181.794724
v 252.909958 -21.300564 181.794724
v 269.690277 -21.300564 181.794724
v 252.909958 -21.300564 181.794724
v 252.909958 -21.300564 197.526276
v 269.690277 -21.300564 197.526276
v 252.909958 -4.520238 198.575058
v 252.909958 -21.300564 198.575058
v 252.909958 -21.300564 197.526276
v 252.909958 -21.300564 181.794724
v 252.909958 -4.520236 181.794724
v 269.690277 -4.520238 198.575058
v 269.690277 -21.300564 198.575058
v 252.909958 -21.300564 198.575058
v 252.909958 -4.520238 198.575058
v 252.909958 -21.300564 198.575058
v 269.690277 -21.300564 198.575058
v 269.690277 -38.080891 198.575058
v 236.129639 -38.080891 198.575058
v 236.129639 -21.300564 198.575058
v 252.909958 -21.300564 181.794724
v 252.909958 -38.080887 181.794724
v 252.909958 -38.080891 197.526276
v 252.909958 -21.300564 197.526276
v 252.909958 -21.300564 197.526276
v 252.909958 -38.080891 197.526276
v 269.690277 -38.080891 197.526276
v 269.690277 -21.300564 197.526276
v 177.398483 -19.203012 60.137352
v 177.398483 -38.080879 60.137352
v 156.423080 -38.080879 60.137352
v 156.423080 -19.203012 60.137352
v 156.423080 -19.203012 60.137352
v 156.423080 -19.203009 47.552109
v 177.398483 -19.203009 47.552109
v 177.398483 -19.203012 60.137352
v 177.398483 -19.203009 47.552109
v 177.398483 -38.080875 47.552109
v 177.398483 -38.080879 60.137352
v 177.398483 -19.203012 60.137352
v 214.881546 -29.690729 215.355377
v 195.227585 -29.690729 215.355377
v 198.373901 -29.690729 212.209076
v 210.959137 -29.690729 212.209076
v 195.227585 -29.690729 215.355377
v 173.203400 -38.080894 215.355377
v 189.983734 -38.080891 198.575058
v 198.373901 -29.690729 212.209076
v 198.373901 -29.690729 212.209076
v 189.983734 -38.080891 198.575058
v 215.154221 -38.080891 198.575058
v 210.959137 -29.690729 212.209076
v 131.252594 -4.520240 215.355377
v 156.423080 -4.520240 215.355377
v 156.423080 29.040415 215.355377
v 131.252594 29.040415 215.355377
v 1.205060 -25.295883 215.355377
v 55.741123 -4.520240 215.355377
v 41.058334 -4.520240 215.355377
v 1.205060 -4.520240 215.355377
v 118.667351 -38.080894 215.355377
v 156.423080 -38.080894 215.355377
v 156.423080 -4.520240 215.355377
v 131.252594 -4.520240 215.355377
v 118.667351 -4.520240 215.355377
v 59.936203 -38.080894 215.355377
v 72.521454 -38.080894 215.355377
v 93.496864 -38.080894 215.355377
v 118.667351 -38.080894 215.355377
v 118.667351 -4.520240 215.355377
v 80.911613 -4.520240 215.355377
v 59.936203 -4.520240 215.355377
v 30.515574 -38.080894 215.355377
v 59.936203 -38.080894 215.355377
v 59.936203 -4.520240 215.355377
v 57.838661 -4.520240 215.355377
v 55.741123 -4.520240 215.355377
v 1.205060 -25.295883 215.355377
v 1.205060 -26.477829 215.355377
v 9.322543 -29.690729 215.355377
v 1.205060 -26.477829 215.355377
v 1.205060 -29.690729 215.355377
v 156.423080 54.210922 47.552116
v 131.252594 54.210922 47.552116
v 122.862434 54.210922 47.552116
v 122.862434 54.210922 43.357033
v 131.252594 54.210922 43.357033
v 156.423080 54.210922 43.357033
v 131.252594 54.210907 169.209503
v 131.252594 54.210907 173.404572
v 131.252594 54.210911 177.599655
v 122.862434 54.210911 177.599655
v 122.862434 54.210907 165.014420
v 131.252594 54.210907 165.014420
v 122.862434 54.210907 165.014420
v 122.862434 54.210915 106.283257
v 131.252594 54.210915 106.283257
v 131.252594 54.210915 110.478340
v 131.252594 54.210907 165.014420
v 122.862434 54.210915 106.283257
v 122.862434 54.210922 47.552116
v 131.252594 54.210922 47.552116
v 131.252594 54.210918 64.332436
v 131.252594 54.210915 106.283257
v 131.252594 54.210922 43.357033
v 131.252594 54.210922 39.161953
v 156.423080 54.210922 39.161953
v 156.423080 54.210922 43.357033
v 156.423080 54.210918 64.332436
v 131.252594 54.210918 64.332436
v 131.252594 54.210922 47.552116
v 156.423080 54.210922 47.552116
v 122.862434 54.210907 185.989822
v 122.862434 54.210911 177.599655
v 131.252594 54.210911 177.599655
v 156.423080 54.210911 177.599655
v 156.423080 54.210907 185.989822
v 59.936203 54.210907 169.209503
v 68.326370 54.210907 169.209503
v 68.326370 54.210915 118.868500
v 59.936203 54.210915 118.868500
v 1.205060 54.210907 169.209503
v 59.936203 54.210907 169.209503
v 59.936203 54.210915 118.868500
v 43.155876 54.210915 118.868500
v 34.765713 54.210915 118.868500
v 1.205060 54.210915 118.868500
v 1.205060 54.210915 106.283257
v 38.960796 54.210918 68.527519
v 30.570631 54.210918 68.527519
v 5.400142 54.210918 68.527519
v 1.205060 54.210918 68.527519
v 53.643581 54.210922 53.844738
v 59.936203 54.210922 47.552116
v 43.155876 54.210922 47.552116
v 43.155876 54.210918 64.332436
v 64.131287 54.210922 47.552116
v 59.936203 54.210922 47.552116
v 53.643581 54.210922 53.844738
v 59.936203 54.210918 60.137360
v 64.131287 54.210918 64.332436
v 59.936203 54.210915 110.478340
v 68.326370 54.210915 110.478340
v 68.326370 54.210915 98.732101
v 68.326370 54.210918 89.502930
v 68.326370 54.210918 68.527519
v 64.131287 54.210918 64.332436
v 59.936203 54.210918 60.137360
v 53.643581 54.210922 53.844738
v 43.155876 54.210918 64.332436
v 38.960796 54.210918 68.527519
v 1.205060 54.210915 106.283257
v 1.205060 54.210915 110.478340
v 34.765713 54.210915 110.478340
v 43.155876 54.210915 110.478340
v 59.936203 54.210915 110.478340
v 59.936203 54.210918 60.137360
v 43.155876 54.210915 118.868500
v 59.936203 54.210915 118.868500
v 68.326370 54.210915 118.868500
v 68.326370 54.210915 110.478340
v 59.936203 54.210915 110.478340
v 43.155876 54.210915 110.478340
v 1.205060 54.210915 118.868500
v 34.765713 54.210915 118.868500
v 34.765713 54.210915 110.478340
v 1.205060 54.210915 110.478340
v 131.252594 45.820747 177.599655
v 156.423080 45.820747 177.599655
v 156.423080 54.210911 177.599655
v 131.252594 54.210911 177.599655
v 59.936203 16.455173 177.599640
v 80.911613 16.455173 177.599640
v 80.911613 3.869928 177.599640
v 59.936203 3.869928 177.599640
v 1.205060 16.455173 177.599640
v 59.936203 16.455173 177.599640
v 59.936203 3.869928 177.599640
v 1.205060 3.869928 177.599640
v 99.212654 -25.875822 177.599640
v 109.228416 -29.690725 177.599640
v 89.574463 -29.690725 177.599640
v 59.936203 -10.912930 177.599640
v 99.212654 -25.875822 177.599640
v 68.381432 -38.080887 177.599640
v 59.936203 -38.080887 177.599640
v 1.205060 -4.520236 177.599640
v 43.155876 -4.520236 177.599640
v 59.936203 -10.912930 177.599640
v 59.936203 -38.080887 177.599640
v 1.205060 -38.080887 177.599640
v 101.887024 -4.520236 177.599640
v 131.252594 -4.520236 177.599640
v 131.252594 -12.910399 177.599640
v 131.252594 -38.080887 177.599640
v 109.228416 -29.690725 177.599640
v 101.887024 -26.894003 177.599640
v 43.155876 -4.520236 177.599640
v 59.936203 -4.520236 177.599640
v 80.911613 -4.520236 177.599640
v 101.887024 -4.520236 177.599640
v 101.887024 -26.894003 177.599640
v 22.180468 -38.080872 26.576700
v 22.180468 -38.080875 43.357025
v 22.180468 -38.080879 64.332428
v 1.205060 -38.080879 64.332428
v 1.205060 -38.080872 26.576700
v 1.205060 -38.080872 -32.154446
v 22.180468 -38.080872 -32.154446
v 22.180468 -38.080872 7.698832
v 22.180468 -38.080872 9.796372
v 22.180468 -38.080872 26.576700
v 1.205060 -38.080872 26.576700
v 80.911613 -38.080872 -32.154446
v 99.789482 -38.080872 -32.154446
v 99.789482 -38.080872 7.698832
v 80.911613 -38.080872 7.698832
v 22.180468 -38.080872 7.698832
v 22.180468 -38.080872 -32.154446
v 64.131287 -38.080872 -32.154446
v 80.911613 -38.080872 -32.154446
v 80.911613 -38.080872 7.698832
v 26.375549 -38.080887 123.063576
v 26.375549 -38.080887 144.038986
v 1.205060 -38.080887 144.038986
v 1.205060 -38.080887 123.063576
v 1.205060 -38.080879 85.307838
v 1.205060 -38.080879 64.332428
v 22.180468 -38.080879 64.332428
v 26.375549 -38.080879 64.332428
v 26.375549 -38.080879 85.307838
v 26.375549 -38.080887 123.063576
v 1.205060 -38.080887 123.063576
v 30.570631 -38.080879 85.307838
v 26.375549 -38.080879 85.307838
v 26.375549 -38.080879 64.332428
v 30.570631 -38.080879 64.332428
v 64.131287 -38.080879 64.332428
v 64.131287 -38.080879 85.307838
v 156.423080 -38.080891 165.014404
v 156.423080 -38.080891 169.209488
v 139.642746 -38.080891 169.209488
v 139.642746 -38.080883 135.648834
v 156.423080 -38.080883 135.648834
v 139.642746 -38.080883 135.648834
v 139.642746 -38.080883 110.478333
v 139.642746 -38.080879 55.942272
v 148.032913 -38.080875 47.552109
v 156.423080 -38.080875 47.552109
v 156.423080 -38.080879 60.137352
v 156.423080 -38.080879 81.112755
v 156.423080 -38.080883 135.648834
v 131.252594 -38.080891 169.209488
v 139.642746 -38.080891 169.209488
v 156.423080 -38.080891 169.209488
v 156.423080 -38.080891 173.404556
v 131.252594 -38.080891 173.404556
v 22.180468 -4.520218 7.698834
v 22.180468 -0.325137 7.698835
v 11.692764 -0.325137 7.698835
v 1.205060 -0.325137 7.698835
v 1.205060 -4.520218 7.698834
v 22.180468 -0.325137 7.698835
v 22.180468 -4.520218 7.698834
v 22.180468 -38.080872 7.698832
v 80.911613 -38.080872 7.698832
v 99.789482 -38.080872 7.698832
v 99.789482 -0.325137 7.698835
v 70.423912 1.772404 7.698836
v 11.692764 1.772404 7.698836
v 11.692764 -0.325137 7.698835
v 22.180468 -0.325137 7.698835
v 99.789482 -0.325137 7.698835
v 99.789482 1.772404 7.698836
v 11.692764 1.772404 5.601295
v 11.692764 -0.325137 5.601295
v 11.692764 -0.325137 7.698835
v 11.692764 1.772404 7.698836
v 99.789482 -0.325137 7.698835
v 99.789482 -38.080872 7.698832
v 99.789482 -38.080872 -32.154446
v 99.789482 1.772408 -32.154442
v 99.789482 1.772404 7.698836
v 70.423912 1.772404 7.698836
v 99.789482 1.772404 7.698836
v 99.789482 1.772408 -32.154442
v 70.423912 1.772408 -32.154442
v 64.131287 1.772408 -32.154442
v 11.692764 1.772408 -32.154442
v 11.692764 1.772404 5.601295
v 11.692764 1.772404 7.698836
v 70.423912 1.772404 7.698836
v 70.423912 1.772408 -32.154442
v 1.205060 -0.325137 7.698835
v 11.692764 -0.325137 7.698835
v 11.692764 -0.325137 5.601295
v 1.205060 -0.325137 5.601295
v 1.205060 -0.325137 5.601295
v 11.692764 -0.325137 5.601295
v 11.692764 1.772404 5.601295
v 1.205060 1.772404 5.601295
v 1.205060 1.772404 5.601295
v 11.692764 1.772404 5.601295
v 11.692764 1.772408 -32.154442
v 1.205060 1.772408 -32.154442
v 139.642746 -33.885811 169.209488
v 139.642746 -38.080891 169.209488
v 131.252594 -38.080891 169.209488
v 131.252594 -33.885811 169.209488
v 110.277191 -6.617775 169.209488
v 118.667351 -6.617775 169.209488
v 131.252594 -6.617775 169.209488
v 131.252594 3.869929 169.209488
v 106.082108 3.869929 169.209488
v 93.496864 3.869929 169.209488
v 78.814072 3.869929 169.209488
v 72.521454 3.869929 169.209488
v 72.521454 -6.617775 169.209488
v 106.082108 -29.690725 169.209488
v 122.862434 -29.690725 169.209488
v 131.252594 -29.690725 169.209488
v 131.252594 -15.007939 169.209488
v 118.667351 -15.007939 169.209488
v 110.277191 -15.007939 169.209488
v 72.521454 -15.007939 169.209488
v 72.521454 -29.690725 169.209488
v 110.277191 -6.617775 169.209488
v 72.521454 -6.617775 169.209488
v 72.521454 -15.007939 169.209488
v 110.277191 -15.007939 169.209488
v 131.252594 -15.007939 169.209488
v 131.252594 -12.910398 169.209488
v 131.252594 -6.617775 169.209488
v 118.667351 -6.617775 169.209488
v 118.667351 -15.007939 169.209488
v 1.205060 45.820744 169.209503
v 55.741123 45.820744 169.209503
v 68.326370 45.820744 169.209503
v 68.326370 54.210907 169.209503
v 59.936203 54.210907 169.209503
v 1.205060 54.210907 169.209503
v 129.417252 8.065010 169.209488
v 122.862434 8.065010 169.209488
v 106.082108 8.065010 169.209488
v 106.082108 3.869929 169.209488
v 131.252594 3.869929 169.209488
v 131.252594 8.065010 169.209488
v 72.521454 3.869929 169.209488
v 78.814072 3.869929 169.209488
v 78.814072 12.260092 169.209488
v 72.521454 8.065010 169.209488
v 78.814072 12.260092 169.209488
v 78.814072 3.869929 169.209488
v 93.496864 3.869929 169.209488
v 93.496864 12.260092 169.209488
v 93.496864 16.455173 169.209488
v 78.814072 16.455173 169.209488
v 93.496864 3.869929 169.209488
v 106.082108 3.869929 169.209488
v 106.082108 8.065010 169.209488
v 93.496864 12.260092 169.209488
v 72.521454 16.455173 169.209488
v 78.814072 16.455173 169.209488
v 93.496864 16.455173 169.209488
v 106.082108 16.455173 169.209488
v 122.862434 16.455173 169.209488
v 129.417252 16.455173 169.209488
v 131.252594 16.455173 169.209488
v 131.252594 39.528122 169.209488
v 88.253006 39.528122 169.209488
v 84.057930 39.528122 169.209488
v 72.521454 39.528122 169.209488
v 84.057930 43.723202 169.209503
v 88.253006 43.723202 169.209503
v 131.252594 43.723202 169.209503
v 131.252594 45.820744 169.209503
v 106.082108 45.820744 169.209503
v 72.521454 45.820744 169.209503
v 72.521454 43.723202 169.209503
v 84.057930 43.723202 169.209503
v 72.521454 43.723202 169.209503
v 72.521454 39.528122 169.209488
v 84.057930 39.528122 169.209488
v 131.252594 39.528122 169.209488
v 131.252594 43.723202 169.209503
v 88.253006 43.723202 169.209503
v 88.253006 39.528122 169.209488
v 68.326370 12.260092 169.209488
v 68.326370 16.455173 169.209488
v 68.326370 45.820744 169.209503
v 55.741123 45.820744 169.209503
v 55.741123 12.260092 169.209488
v 1.205060 3.869929 169.209488
v 22.180468 3.869929 169.209488
v 43.155876 3.869929 169.209488
v 55.741123 3.869929 169.209488
v 55.741123 12.260092 169.209488
v 55.741123 45.820744 169.209503
v 1.205060 45.820744 169.209503
v 26.375549 -4.520219 9.796375
v 22.180468 -4.520219 9.796375
v 22.180468 -0.325137 9.796376
v 30.570631 -0.325137 9.796376
v 30.570631 -4.520219 9.796375
v 22.180468 -4.520219 9.796375
v 22.180468 -38.080872 9.796372
v 22.180468 -38.080872 7.698832
v 22.180468 -4.520218 7.698834
v 22.180468 -4.520219 9.796375
v 22.180468 -4.520218 7.698834
v 1.205060 -4.520218 7.698834
v 1.205060 -4.520219 9.796375
v 106.082108 8.065020 68.527519
v 106.082108 8.065019 85.307846
v 106.082108 16.455181 85.307846
v 106.082108 16.455185 68.527519
v 106.082108 8.065014 135.648834
v 106.082108 8.065012 152.429153
v 106.082108 16.455175 152.429153
v 106.082108 16.455177 135.648834
v 106.082108 -29.690712 47.552113
v 106.082108 -4.520222 47.552113
v 106.082108 -4.520224 55.942276
v 106.082108 -12.910387 55.942272
v 106.082108 -29.690714 55.942276
v 106.082108 29.040430 55.942276
v 106.082108 29.040432 47.552113
v 106.082108 45.820759 47.552116
v 106.082108 45.820755 55.942280
v 106.082108 -4.520224 55.942276
v 106.082108 -4.520222 47.552113
v 106.082108 8.065022 47.552113
v 106.082108 8.065022 55.942276
v 106.082108 16.455187 47.552116
v 106.082108 29.040432 47.552113
v 106.082108 29.040430 55.942276
v 106.082108 16.455185 55.942280
v 122.862434 -29.690714 55.942276
v 106.082108 -29.690714 55.942276
v 106.082108 -12.910387 55.942272
v 110.277191 -12.910387 55.942272
v 118.667351 -12.910387 55.942272
v 131.252594 -12.910387 55.942272
v 131.252594 -29.690714 55.942276
v 131.252594 -29.690714 55.942276
v 131.252594 -12.910387 55.942272
v 139.642746 -12.910387 55.942272
v 139.642746 -33.885799 55.942272
v 131.252594 -33.885799 55.942272
v 106.082108 -12.910387 55.942272
v 106.082108 -4.520224 55.942276
v 110.277191 -4.520224 55.942276
v 110.277191 -12.910387 55.942272
v 139.642746 29.040430 55.942276
v 131.252594 29.040430 55.942276
v 106.082108 29.040430 55.942276
v 106.082108 45.820755 55.942280
v 131.252594 45.820755 55.942280
v 139.642746 45.820755 55.942280
v 118.667351 -4.520224 55.942276
v 131.252594 -4.520224 55.942276
v 139.642746 -4.520224 55.942276
v 139.642746 -12.910387 55.942272
v 131.252594 -12.910387 55.942272
v 118.667351 -12.910387 55.942272
v 129.417252 16.455185 55.942280
v 122.862434 16.455185 55.942280
v 106.082108 16.455185 55.942280
v 106.082108 29.040430 55.942276
v 131.252594 29.040430 55.942276
v 131.252594 16.455185 55.942280
v 118.667351 -4.520224 55.942276
v 110.277191 -4.520224 55.942276
v 106.082108 -4.520224 55.942276
v 106.082108 8.065022 55.942276
v 122.862434 8.065022 55.942276
v 129.417252 8.065022 55.942276
v 131.252594 8.065022 55.942276
v 131.252594 -4.520224 55.942276
v 139.642746 -4.520224 55.942276
v 131.252594 -4.520224 55.942276
v 131.252594 8.065022 55.942276
v 131.252594 16.455185 55.942280
v 131.252594 29.040430 55.942276
v 139.642746 29.040430 55.942276
v 156.423080 -4.520222 47.552113
v 148.032913 -4.520222 47.552113
v 148.032913 29.040432 47.552113
v 156.423080 29.040432 47.552113
v 148.032913 29.040432 47.552113
v 148.032913 45.820759 47.552116
v 156.423080 45.820759 47.552116
v 156.423080 29.040432 47.552113
v 139.642746 45.820755 55.942280
v 156.423080 45.820755 55.942280
v 156.423080 45.820759 47.552116
v 148.032913 45.820759 47.552116
v 148.032913 29.040432 47.552113
v 139.642746 29.040430 55.942276
v 139.642746 45.820755 55.942280
v 148.032913 45.820759 47.552116
v 148.032913 -4.520222 47.552113
v 139.642746 -4.520224 55.942276
v 139.642746 29.040430 55.942276
v 148.032913 29.040432 47.552113
v 148.032913 -4.520222 47.552113
v 156.423080 -4.520222 47.552113
v 156.423080 -19.203009 47.552109
v 156.423080 -38.080875 47.552109
v 148.032913 -38.080875 47.552109
v 139.642746 -38.080879 55.942272
v 139.642746 -33.885799 55.942272
v 139.642746 -12.910387 55.942272
v 139.642746 -4.520224 55.942276
v 148.032913 -4.520222 47.552113
v 148.032913 -38.080875 47.552109
v 118.667351 45.558563 81.112770
v 110.277191 45.558563 81.112770
v 110.277191 45.558563 72.722610
v 118.667351 45.558563 72.722610
v 118.667351 45.558556 148.234085
v 110.277191 45.558556 148.234085
v 110.277191 45.558559 139.843918
v 118.667351 45.558559 139.843918
v 131.252594 45.820755 64.332443
v 131.252594 45.820751 110.478348
v 131.252594 54.210915 110.478340
v 131.252594 54.210915 106.283257
v 131.252594 54.210918 64.332436
v 131.252594 45.820751 110.478348
v 131.252594 45.820751 114.673424
v 131.252594 45.820744 169.209503
v 131.252594 54.210907 169.209503
v 131.252594 54.210907 165.014420
v 131.252594 54.210915 110.478340
v 131.252594 45.820755 64.332443
v 131.252594 54.210918 64.332436
v 156.423080 54.210918 64.332436
v 156.423080 45.820755 64.332443
v 139.642746 45.820755 55.942280
v 131.252594 45.820755 55.942280
v 131.252594 45.820755 64.332443
v 156.423080 45.820755 64.332443
v 156.423080 45.820755 55.942280
v 131.252594 45.820744 169.209503
v 131.252594 45.820751 114.673424
v 106.082108 45.820751 114.673424
v 106.082108 45.820744 169.209503
v 131.252594 45.820751 114.673424
v 131.252594 45.820751 110.478348
v 131.252594 45.820755 64.332443
v 131.252594 45.820755 55.942280
v 106.082108 45.820755 55.942280
v 106.082108 45.820751 106.283264
v 106.082108 45.820751 114.673424
v 116.569809 -29.690723 152.429153
v 106.082108 -29.690723 152.429153
v 106.082108 -29.690722 144.038986
v 116.569809 -29.690722 144.038986
v 122.862434 -29.690714 55.942276
v 122.862434 -29.690714 68.527512
v 116.569809 -29.690714 68.527512
v 106.082108 -29.690714 68.527512
v 106.082108 -29.690714 55.942276
v 131.252594 -29.690720 114.673409
v 131.252594 -29.690725 169.209488
v 122.862434 -29.690725 169.209488
v 122.862434 -29.690723 152.429153
v 122.862434 -29.690722 144.038986
v 122.862434 -29.690722 135.648834
v 122.862434 -29.690720 114.673409
v 131.252594 -29.690714 55.942276
v 131.252594 -29.690720 110.478333
v 131.252594 -29.690720 114.673409
v 122.862434 -29.690720 114.673409
v 122.862434 -29.690716 76.917679
v 122.862434 -29.690714 68.527512
v 122.862434 -29.690714 55.942276
v 122.862434 -29.690722 135.648834
v 122.862434 -29.690722 144.038986
v 116.569809 -29.690722 144.038986
v 106.082108 -29.690722 144.038986
v 106.082108 -29.690722 135.648834
v 116.569809 -29.690716 76.917679
v 122.862434 -29.690716 76.917679
v 122.862434 -29.690720 114.673409
v 122.862434 -29.690722 135.648834
v 106.082108 -29.690722 135.648834
v 106.082108 -29.690720 106.283249
v 106.082108 -29.690716 76.917679
v 116.569809 -29.690716 76.917679
v 106.082108 -29.690716 76.917679
v 106.082108 -29.690714 68.527512
v 116.569809 -29.690714 68.527512
v 116.569809 -29.690723 152.429153
v 122.862434 -29.690723 152.429153
v 122.862434 -29.690725 169.209488
v 106.082108 -29.690725 169.209488
v 106.082108 -29.690723 152.429153
v 131.252594 8.065022 55.942276
v 131.252594 8.065017 110.478340
v 131.252594 16.455179 110.478340
v 131.252594 16.455185 55.942280
v 131.252594 8.065017 110.478340
v 131.252594 8.065016 114.673416
v 131.252594 8.065010 169.209488
v 131.252594 16.455173 169.209488
v 131.252594 16.455179 114.673416
v 131.252594 16.455179 110.478340
v 129.417252 17.503950 109.953949
v 129.417252 16.717371 109.953949
v 129.417252 16.717371 111.002724
v 129.417252 17.503950 111.002724
v 129.417252 8.065015 118.868500
v 129.417252 8.065010 169.209488
v 131.252594 8.065010 169.209488
v 131.252594 8.065016 114.673416
v 129.417252 8.065016 114.673416
v 131.252594 8.065016 114.673416
v 131.252594 8.065017 110.478340
v 131.252594 8.065022 55.942276
v 129.417252 8.065022 55.942276
v 129.417252 8.065016 114.673416
v 131.252594 16.455173 169.209488
v 129.417252 16.455173 169.209488
v 129.417252 16.455179 118.868500
v 129.417252 16.455179 114.673416
v 131.252594 16.455179 114.673416
v 129.417252 16.455179 114.673416
v 129.417252 16.455181 85.307846
v 129.417252 16.455185 55.942280
v 131.252594 16.455185 55.942280
v 131.252594 16.455179 110.478340
v 131.252594 16.455179 114.673416
v 116.569809 -0.325148 118.868500
v 116.569809 -2.422689 118.868500
v 122.862434 -2.422689 118.868500
v 122.862434 -0.325148 118.868500
v 116.569809 19.601490 118.868500
v 116.569809 16.455179 118.868500
v 109.228416 16.455179 118.868500
v 109.228416 19.601490 118.868500
v 106.082108 8.065022 55.942276
v 106.082108 8.065020 68.527519
v 122.862434 8.065020 68.527519
v 122.862434 8.065022 55.942276
v 106.082108 8.065018 93.698013
v 106.082108 8.065017 106.283257
v 106.082108 8.065015 118.868500
v 116.569809 8.065015 118.868500
v 116.569809 8.065017 102.088173
v 116.569809 8.065018 93.698013
v 106.082108 8.065019 85.307846
v 106.082108 8.065018 93.698013
v 116.569809 8.065018 93.698013
v 122.862434 8.065018 93.698013
v 122.862434 8.065019 85.307846
v 122.862434 8.065022 55.942276
v 122.862434 8.065020 68.527519
v 122.862434 8.065019 85.307846
v 122.862434 8.065018 93.698013
v 122.862434 8.065015 118.868500
v 129.417252 8.065015 118.868500
v 129.417252 8.065016 114.673416
v 129.417252 8.065022 55.942276
v 106.082108 16.455181 85.307846
v 106.082108 8.065019 85.307846
v 122.862434 8.065019 85.307846
v 122.862434 16.455181 85.307846
v 122.862434 8.065019 85.307846
v 122.862434 8.065020 68.527519
v 122.862434 16.455185 68.527519
v 122.862434 16.455181 85.307846
v 122.862434 16.455181 85.307846
v 122.862434 16.455185 68.527519
v 122.862434 16.455185 55.942280
v 129.417252 16.455185 55.942280
v 129.417252 16.455181 85.307846
v 122.862434 16.455185 68.527519
v 122.862434 8.065020 68.527519
v 106.082108 8.065020 68.527519
v 106.082108 16.455185 68.527519
v 122.862434 16.455185 68.527519
v 106.082108 16.455185 68.527519
v 106.082108 16.455185 55.942280
v 122.862434 16.455185 55.942280
v 118.667351 45.558563 81.112770
v 118.667351 8.065019 81.112762
v 110.277191 8.065019 81.112762
v 110.277191 45.558563 81.112770
v 110.277191 45.558563 81.112770
v 110.277191 8.065019 81.112762
v 110.277191 8.065021 72.722603
v 110.277191 45.558563 72.722610
v 118.667351 45.558563 72.722610
v 118.667351 8.065021 72.722603
v 118.667351 8.065019 81.112762
v 118.667351 45.558563 81.112770
v 110.277191 45.558563 72.722610
v 110.277191 8.065021 72.722603
v 118.667351 8.065021 72.722603
v 118.667351 45.558563 72.722610
v 124.978333 23.796572 111.527115
v 124.435585 23.796572 111.527115
v 124.435585 23.796572 110.984375
v 124.435585 23.796572 109.429573
v 125.096313 23.796572 109.429573
v 126.008743 23.796572 109.429573
v 126.008743 23.796572 109.953957
v 126.008743 23.796572 111.002731
v 126.008743 23.796572 111.527115
v 122.862434 16.455179 118.868500
v 122.862434 16.455181 102.088173
v 122.862434 16.455181 85.307846
v 129.417252 16.455181 85.307846
v 129.417252 16.455179 114.673416
v 129.417252 16.455179 118.868500
v 106.082108 16.455179 118.868500
v 106.082108 16.455179 106.283257
v 106.082108 16.455181 102.088173
v 109.228416 16.455181 102.088173
v 109.228416 16.455179 118.868500
v 116.569809 16.455181 102.088173
v 122.862434 16.455181 102.088173
v 122.862434 16.455179 118.868500
v 116.569809 16.455179 118.868500
v 116.569809 16.455181 102.088173
v 109.228416 16.455181 102.088173
v 106.082108 16.455181 102.088173
v 106.082108 16.455181 85.307846
v 122.862434 16.455181 85.307846
v 122.862434 16.455181 102.088173
v 109.228416 19.601492 102.088173
v 109.228416 16.455181 102.088173
v 116.569809 16.455181 102.088173
v 116.569809 19.601492 102.088173
v 116.569809 19.601492 102.088173
v 116.569809 16.455181 102.088173
v 116.569809 16.455179 118.868500
v 116.569809 19.601490 118.868500
v 121.551468 17.503950 118.868500
v 121.551468 16.717371 118.868500
v 120.764893 16.717371 118.081924
v 120.764893 17.503950 118.081924
v 120.764893 16.717373 102.612556
v 121.027084 16.717373 102.874748
v 121.551468 16.717373 102.088173
v 120.426659 17.427917 102.838043
v 120.764893 16.717373 102.612556
v 121.551468 16.717373 102.088173
v 121.551468 17.766144 102.088173
v 125.830452 22.370243 111.002731
v 125.746552 21.699032 111.002724
v 126.008743 23.796572 111.527115
v 126.008743 23.796572 111.002731
v 126.008743 23.796572 109.429573
v 125.746552 21.699032 109.953949
v 125.830452 22.370243 109.953957
v 126.008743 23.796572 109.953957
v 125.830452 22.370243 111.002731
v 126.008743 23.796572 111.002731
v 126.008743 23.796572 109.953957
v 125.830452 22.370243 109.953957
v 125.830452 22.370243 111.002731
v 129.417252 17.503950 111.002724
v 129.417252 16.717371 111.002724
v 125.746552 21.699032 111.002724
v 125.746552 21.699032 109.953949
v 129.417252 16.717371 109.953949
v 129.417252 17.503950 109.953949
v 125.830452 22.370243 109.953957
v 125.830452 22.370243 109.953957
v 129.417252 17.503950 109.953949
v 129.417252 17.503950 111.002724
v 125.830452 22.370243 111.002731
v 125.746552 21.699032 110.777977
v 125.746552 21.699032 111.002724
v 129.417252 16.717371 111.002724
v 129.417252 16.717371 109.953949
v 125.746552 21.699032 109.953949
v 121.551468 17.766144 102.088173
v 121.551468 16.717373 102.088173
v 125.222168 21.699032 109.691757
v 125.222168 22.485609 109.691765
v 125.348022 21.699032 109.953949
v 125.746552 21.699032 109.953949
v 126.008743 23.796572 109.429573
v 125.096313 23.796572 109.429573
v 125.533249 21.699032 110.336128
v 125.746552 21.699032 110.777977
v 125.746552 21.699032 109.953949
v 125.348022 21.699032 109.953949
v 121.551468 16.717371 118.868500
v 121.551468 17.503950 118.868500
v 125.143509 22.378109 111.173157
v 125.222168 21.699032 111.002724
v 125.222168 21.699032 111.002724
v 125.746552 21.699032 111.002724
v 125.746552 21.699032 110.777977
v 125.533249 21.699032 110.336128
v 126.008743 23.796572 111.527115
v 125.746552 21.699032 111.002724
v 125.222168 21.699032 111.002724
v 124.978333 23.796572 111.527115
v 124.684677 21.796041 108.580063
v 125.222168 22.485609 109.691765
v 125.177589 22.485609 109.757317
v 124.632233 22.215551 109.825485
v 124.448692 22.485609 110.850662
v 120.426659 17.427917 102.838043
v 121.551468 17.766144 102.088173
v 124.684677 21.796041 108.580063
v 124.600769 22.485609 110.625175
v 124.632233 22.215551 109.825485
v 124.435585 23.796572 109.429573
v 124.435585 23.796572 110.984375
v 124.598145 22.501341 110.672363
v 124.598145 22.501341 110.672363
v 124.435585 23.796572 110.984375
v 124.435585 23.796572 111.527115
v 124.573051 22.696836 111.252182
v 124.573051 22.696836 111.252182
v 124.435585 23.796572 111.527115
v 124.978333 23.796572 111.527115
v 125.071907 22.993004 111.326599
v 124.435585 23.796572 109.429573
v 124.632233 22.215551 109.825485
v 125.248390 22.519695 109.749451
v 125.096313 23.796572 109.429573
v 124.697784 21.699032 110.478340
v 124.448692 22.485609 110.850662
v 124.600769 22.485609 110.625175
v 125.222168 22.485609 109.691765
v 125.222168 21.699032 109.691757
v 125.046494 21.699032 109.953949
v 125.177589 22.485609 109.757317
v 125.143509 22.378109 111.173157
v 124.689919 21.761959 112.143265
v 124.637474 22.181465 111.123337
v 120.764893 17.503950 118.081924
v 124.613876 22.378109 110.643524
v 124.689919 21.761959 112.143265
v 121.551468 17.503950 118.868500
v 124.613876 22.378109 110.643524
v 124.598145 22.501341 110.672363
v 124.573051 22.696836 111.252182
v 124.637474 22.181465 111.123337
v 124.637474 22.181465 111.123337
v 124.573051 22.696836 111.252182
v 125.071907 22.993004 111.326599
v 125.143509 22.378109 111.173157
v 125.046494 21.699032 109.953949
v 125.329666 21.845858 109.917252
v 125.248390 22.519695 109.749451
v 125.177589 22.485609 109.757317
v 124.697784 21.699032 110.478340
v 120.764893 16.717371 118.081924
v 121.551468 16.717371 118.868500
v 125.222168 21.699032 111.002724
v 125.222168 21.699032 111.002724
v 125.533249 21.699032 110.336128
v 125.348022 21.699032 109.953949
v 125.046494 21.699032 109.953949
v 124.697784 21.699032 110.478340
v 120.764893 17.503950 118.081924
v 120.764893 16.717371 118.081924
v 124.697784 21.699032 110.478340
v 124.613876 22.378109 110.643524
v 121.551468 16.717373 102.088173
v 121.027084 16.717373 102.874748
v 124.697784 21.699032 110.478340
v 125.222168 21.699032 109.691757
v 124.697784 21.699032 110.478340
v 121.027084 16.717373 102.874748
v 120.764893 16.717373 102.612556
v 120.426659 17.427917 102.838043
v 124.448692 22.485609 110.850662
v 109.228416 19.601490 118.868500
v 109.228416 16.455179 118.868500
v 109.228416 16.455181 102.088173
v 109.228416 19.601492 102.088173
v 116.569809 19.601490 118.868500
v 109.228416 19.601490 118.868500
v 109.228416 19.601492 102.088173
v 116.569809 19.601492 102.088173
v 122.862434 8.065018 93.698013
v 122.862434 -0.325146 102.088173
v 122.862434 -0.325148 118.868500
v 122.862434 8.065015 118.868500
v 122.862434 8.065018 93.698013
v 122.862434 -0.325146 93.698013
v 122.862434 -2.422687 102.088173
v 122.862434 -0.325146 102.088173
v 122.862434 -0.325146 93.698013
v 122.862434 -29.690714 68.527512
v 122.862434 -29.690716 76.917679
v 122.862434 -2.422687 102.088173
v 110.277191 -4.520224 55.942276
v 110.277191 3.869938 72.722603
v 110.277191 -0.325144 81.112762
v 110.277191 -12.910387 55.942272
v 110.277191 8.065019 81.112762
v 110.277191 -0.325144 81.112762
v 110.277191 3.869938 72.722603
v 110.277191 8.065021 72.722603
v 122.862434 -0.325146 102.088173
v 122.862434 -2.422687 102.088173
v 116.569809 -2.422687 102.088173
v 116.569809 -0.325146 102.088173
v 122.862434 -2.422687 102.088173
v 122.862434 -29.690716 76.917679
v 116.569809 -29.690716 76.917679
v 116.569809 -11.512030 93.698013
v 116.569809 -2.422687 102.088173
v 116.569809 8.065018 93.698013
v 116.569809 -0.325146 93.698013
v 122.862434 -0.325146 93.698013
v 122.862434 8.065018 93.698013
v 110.277191 -0.325144 81.112762
v 118.667351 -0.325144 81.112762
v 118.667351 -12.910387 55.942272
v 110.277191 -12.910387 55.942272
v 116.569809 -11.512030 93.698013
v 116.569809 -29.690716 76.917679
v 116.569809 -29.690714 68.527512
v 116.569809 -0.325146 93.698013
v 116.569809 -0.325146 93.698013
v 116.569809 -29.690714 68.527512
v 122.862434 -29.690714 68.527512
v 122.862434 -0.325146 93.698013
v 118.667351 8.065019 81.112762
v 118.667351 -0.325144 81.112762
v 110.277191 -0.325144 81.112762
v 110.277191 8.065019 81.112762
v 118.667351 8.065021 72.722603
v 118.667351 3.869938 72.722603
v 118.667351 -0.325144 81.112762
v 118.667351 8.065019 81.112762
v 118.667351 -0.325144 81.112762
v 118.667351 3.869938 72.722603
v 118.667351 -4.520224 55.942276
v 118.667351 -12.910387 55.942272
v 110.277191 8.065021 72.722603
v 110.277191 3.869938 72.722603
v 118.667351 3.869938 72.722603
v 118.667351 8.065021 72.722603
v 110.277191 3.869938 72.722603
v 110.277191 -4.520224 55.942276
v 118.667351 -4.520224 55.942276
v 118.667351 3.869938 72.722603
v 116.569809 -2.422687 102.088173
v 116.569809 -11.512030 93.698013
v 116.569809 -0.325146 93.698013
v 116.569809 -0.325146 102.088173
v 116.569809 -2.422687 102.088173
v 116.569809 -0.325146 93.698013
v 116.569809 8.065018 93.698013
v 116.569809 -0.325146 102.088173
v 116.569809 8.065018 93.698013
v 116.569809 8.065017 102.088173
v 122.862434 -0.325146 102.088173
v 116.569809 -0.325146 102.088173
v 116.569809 -0.325148 118.868500
v 122.862434 -0.325148 118.868500
v 116.569809 -0.325148 118.868500
v 116.569809 -0.325146 102.088173
v 116.569809 8.065017 102.088173
v 116.569809 8.065015 118.868500
v 122.862434 -0.325148 118.868500
v 122.862434 -2.422689 118.868500
v 122.862434 -0.325149 127.258667
v 122.862434 8.065015 127.258667
v 122.862434 -0.325148 118.868500
v 122.862434 8.065015 127.258667
v 122.862434 8.065015 118.868500
v 122.862434 -2.422689 118.868500
v 122.862434 -29.690722 144.038986
v 122.862434 -29.690723 152.429153
v 122.862434 -15.007936 139.843903
v 122.862434 -0.325149 127.258667
v 122.862434 8.065012 152.429153
v 122.862434 8.065014 135.648834
v 122.862434 16.455177 135.648834
v 122.862434 16.455175 152.429153
v 122.862434 8.065015 118.868500
v 122.862434 8.065015 127.258667
v 122.862434 8.065014 135.648834
v 122.862434 8.065012 152.429153
v 122.862434 8.065010 169.209488
v 129.417252 8.065010 169.209488
v 129.417252 8.065015 118.868500
v 129.417252 16.455173 169.209488
v 122.862434 16.455173 169.209488
v 122.862434 16.455175 152.429153
v 122.862434 16.455177 135.648834
v 122.862434 16.455179 118.868500
v 129.417252 16.455179 118.868500
v 116.569809 -2.422689 118.868500
v 116.569809 -25.146051 139.843903
v 116.569809 -29.690722 144.038986
v 122.862434 -29.690722 144.038986
v 122.862434 -2.422689 118.868500
v 110.277191 45.558559 139.843918
v 110.277191 -0.325150 139.843903
v 118.667351 -0.325150 139.843903
v 118.667351 45.558559 139.843918
v 116.569809 8.065015 127.258667
v 106.082108 8.065015 127.258667
v 106.082108 8.065014 135.648834
v 122.862434 8.065014 135.648834
v 122.862434 8.065015 127.258667
v 106.082108 8.065015 118.868500
v 106.082108 8.065015 127.258667
v 116.569809 8.065015 127.258667
v 116.569809 8.065015 118.868500
v 122.862434 16.455177 135.648834
v 106.082108 16.455177 135.648834
v 106.082108 16.455179 118.868500
v 109.228416 16.455179 118.868500
v 116.569809 16.455179 118.868500
v 122.862434 16.455179 118.868500
v 122.862434 16.455177 135.648834
v 122.862434 8.065014 135.648834
v 106.082108 8.065014 135.648834
v 106.082108 16.455177 135.648834
v 116.569809 -0.325149 127.258667
v 116.569809 -15.007936 139.843903
v 116.569809 -25.146051 139.843903
v 116.569809 -2.422689 118.868500
v 116.569809 8.065015 127.258667
v 116.569809 -0.325148 118.868500
v 116.569809 8.065015 118.868500
v 116.569809 8.065015 127.258667
v 116.569809 -0.325149 127.258667
v 116.569809 -2.422689 118.868500
v 116.569809 -0.325148 118.868500
v 122.862434 8.065015 127.258667
v 122.862434 -0.325149 127.258667
v 116.569809 -0.325149 127.258667
v 116.569809 8.065015 127.258667
v 122.862434 -0.325149 127.258667
v 122.862434 -15.007936 139.843903
v 116.569809 -15.007936 139.843903
v 116.569809 -0.325149 127.258667
v 122.862434 -15.007936 139.843903
v 122.862434 -29.690723 152.429153
v 116.569809 -29.690723 152.429153
v 116.569809 -15.007936 139.843903
v 110.277191 -0.325150 139.843903
v 110.277191 -4.520233 148.234070
v 110.277191 -15.007939 169.209488
v 118.667351 -15.007939 169.209488
v 118.667351 -4.520233 148.234070
v 118.667351 -0.325150 139.843903
v 118.667351 45.558556 148.234085
v 118.667351 3.869931 148.234070
v 110.277191 3.869931 148.234070
v 110.277191 45.558556 148.234085
v 118.667351 45.558559 139.843918
v 118.667351 -0.325150 139.843903
v 118.667351 3.869931 148.234070
v 118.667351 45.558556 148.234085
v 118.667351 -0.325150 139.843903
v 118.667351 -4.520233 148.234070
v 118.667351 3.869931 148.234070
v 110.277191 45.558556 148.234085
v 110.277191 3.869931 148.234070
v 110.277191 -0.325150 139.843903
v 110.277191 45.558559 139.843918
v 110.277191 -4.520233 148.234070
v 110.277191 -0.325150 139.843903
v 110.277191 3.869931 148.234070
v 106.082108 16.455173 169.209488
v 106.082108 16.455175 154.526688
v 106.082108 16.455175 152.429153
v 122.862434 16.455175 152.429153
v 122.862434 16.455173 169.209488
v 122.862434 8.065012 152.429153
v 106.082108 8.065012 152.429153
v 106.082108 8.065012 154.526688
v 106.082108 8.065010 169.209488
v 122.862434 8.065010 169.209488
v 106.082108 16.455175 152.429153
v 106.082108 8.065012 152.429153
v 122.862434 8.065012 152.429153
v 122.862434 16.455175 152.429153
v 118.667351 -4.520233 148.234070
v 118.667351 -15.007939 169.209488
v 118.667351 -6.617775 169.209488
v 118.667351 3.869931 148.234070
v 110.277191 -6.617775 169.209488
v 110.277191 -15.007939 169.209488
v 110.277191 -4.520233 148.234070
v 110.277191 3.869931 148.234070
v 118.667351 -6.617775 169.209488
v 110.277191 -6.617775 169.209488
v 110.277191 3.869931 148.234070
v 118.667351 3.869931 148.234070
v 116.569809 -15.007936 139.843903
v 116.569809 -29.690723 152.429153
v 116.569809 -29.690722 144.038986
v 116.569809 -25.146051 139.843903
v 131.252594 -33.885799 55.942272
v 131.252594 -33.885803 110.478333
v 131.252594 -29.690720 110.478333
v 131.252594 -29.690714 55.942276
v 131.252594 -33.885803 110.478333
v 131.252594 -33.885803 114.673409
v 131.252594 -33.885811 169.209488
v 131.252594 -29.690725 169.209488
v 131.252594 -29.690720 114.673409
v 131.252594 -29.690720 110.478333
v 139.642746 -38.080879 55.942272
v 139.642746 -38.080883 110.478333
v 139.642746 -33.885803 110.478333
v 139.642746 -33.885799 55.942272
v 139.642746 -38.080883 110.478333
v 139.642746 -38.080883 135.648834
v 139.642746 -38.080891 169.209488
v 139.642746 -33.885811 169.209488
v 139.642746 -33.885803 114.673409
v 139.642746 -33.885803 110.478333
v 139.642746 -33.885811 169.209488
v 131.252594 -33.885811 169.209488
v 131.252594 -33.885803 114.673409
v 139.642746 -33.885803 114.673409
v 131.252594 -33.885803 114.673409
v 131.252594 -33.885803 110.478333
v 131.252594 -33.885799 55.942272
v 139.642746 -33.885799 55.942272
v 139.642746 -33.885803 110.478333
v 139.642746 -33.885803 114.673409
v 72.521454 50.015839 43.357033
v 72.521454 16.455187 43.357033
v 76.716537 16.455187 43.357033
v 76.716537 50.015839 43.357033
v 5.400142 33.235512 43.357033
v 30.570631 33.235512 43.357033
v 30.570631 50.015839 43.357033
v 5.400142 50.015839 43.357033
v 22.180468 -4.520223 43.357029
v 26.375549 -4.520223 43.357029
v 30.570631 -4.520223 43.357029
v 30.570631 -0.325141 43.357029
v 22.180468 -0.325141 43.357029
v 97.691940 16.455187 43.357033
v 101.887024 16.455187 43.357033
v 101.887024 29.040432 43.357029
v 101.887024 50.015839 43.357033
v 97.691940 50.015839 43.357033
v 72.521454 13.308874 43.357033
v 72.521454 16.455187 43.357033
v 72.521454 50.015839 43.357033
v 64.131287 50.015839 43.357033
v 64.131287 13.308874 43.357033
v 47.350960 50.015839 43.357033
v 47.350960 7.016253 43.357029
v 55.741123 7.016253 43.357029
v 55.741123 10.162563 43.357029
v 55.741123 50.015839 43.357033
v 30.570631 50.015839 43.357033
v 30.570631 33.235512 43.357033
v 30.570631 3.869941 43.357029
v 47.350960 3.869941 43.357029
v 47.350960 7.016253 43.357029
v 47.350960 50.015839 43.357033
v 59.936203 50.015839 43.357033
v 55.741123 50.015839 43.357033
v 55.741123 10.162563 43.357029
v 64.131287 10.162563 43.357029
v 64.131287 13.308874 43.357033
v 64.131287 50.015839 43.357033
v 5.400142 33.235512 43.357033
v 5.400142 50.015839 43.357033
v 1.205060 50.015839 43.357033
v 1.205060 3.869941 43.357029
v 5.400142 3.869941 43.357029
v 30.570631 3.869941 43.357029
v 7.497683 3.869941 43.357029
v 5.400142 3.869941 43.357029
v 1.205060 3.869941 43.357029
v 1.205060 3.869944 13.991459
v 47.350960 3.869944 13.991459
v 47.350960 3.869941 43.357029
v 101.887024 50.015839 24.479168
v 101.887024 50.015839 32.869328
v 101.887024 50.015839 43.357033
v 101.887024 29.040432 43.357029
v 101.887024 29.040436 13.991461
v 101.887024 50.015839 13.991464
v 101.887024 29.040432 43.357029
v 101.887024 16.455187 43.357033
v 101.887024 16.455191 13.991460
v 101.887024 29.040436 13.991461
v 59.936203 50.015839 43.357033
v 64.131287 50.015839 43.357033
v 72.521454 50.015839 43.357033
v 76.716537 50.015839 43.357033
v 97.691940 50.015839 43.357033
v 101.887024 50.015839 43.357033
v 101.887024 50.015839 32.869328
v 85.106697 50.015839 32.869328
v 72.521454 50.015839 32.869328
v 59.936203 50.015839 32.869328
v 1.205060 50.015839 32.869328
v 1.205060 50.015839 43.357033
v 5.400142 50.015839 43.357033
v 30.570631 50.015839 43.357033
v 47.350960 50.015839 43.357033
v 55.741123 50.015839 43.357033
v 59.936203 50.015839 43.357033
v 59.936203 50.015839 32.869328
v 101.887024 50.015839 24.479168
v 85.106697 50.015839 24.479168
v 85.106697 50.015839 32.869328
v 101.887024 50.015839 32.869328
v 72.521454 50.015839 24.479168
v 59.936203 50.015839 24.479168
v 59.936203 50.015839 32.869328
v 72.521454 50.015839 32.869328
v 59.936203 50.015839 24.479168
v 1.205060 50.015839 24.479168
v 1.205060 50.015839 32.869328
v 59.936203 50.015839 32.869328
v 85.106697 50.015839 24.479168
v 72.521454 50.015839 24.479168
v 72.521454 50.015839 32.869328
v 85.106697 50.015839 32.869328
v 59.936203 50.015839 24.479168
v 72.521454 50.015839 24.479168
v 85.106697 50.015839 24.479168
v 101.887024 50.015839 24.479168
v 101.887024 50.015839 13.991464
v 59.936203 50.015839 13.991464
v 1.205060 50.015839 24.479168
v 59.936203 50.015839 24.479168
v 59.936203 50.015839 13.991464
v 1.205060 50.015839 13.991464
v 59.936203 50.015839 13.991464
v 101.887024 50.015839 13.991464
v 101.887024 29.040436 13.991461
v 72.521454 29.040436 13.991461
v 64.131287 29.040436 13.991461
v 59.936203 29.040436 13.991461
v 1.205060 50.015839 13.991464
v 59.936203 50.015839 13.991464
v 59.936203 29.040436 13.991461
v 55.741123 29.040436 13.991461
v 47.350960 29.040436 13.991461
v 1.205060 29.040436 13.991461
v 101.887024 29.040436 13.991461
v 101.887024 16.455191 13.991460
v 72.521454 16.455191 13.991460
v 72.521454 29.040436 13.991461
v 55.741123 10.162566 13.991459
v 55.741123 29.040436 13.991461
v 59.936203 29.040436 13.991461
v 64.131287 29.040436 13.991461
v 64.131287 13.308877 13.991459
v 64.131287 10.162566 13.991459
v 47.350960 29.040436 13.991461
v 47.350960 7.016255 13.991458
v 47.350960 3.869944 13.991459
v 1.205060 3.869944 13.991459
v 1.205060 29.040436 13.991461
v 47.350960 7.016255 13.991458
v 47.350960 29.040436 13.991461
v 55.741123 29.040436 13.991461
v 55.741123 10.162566 13.991459
v 55.741123 7.016255 13.991458
v 64.131287 13.308877 13.991459
v 64.131287 29.040436 13.991461
v 72.521454 29.040436 13.991461
v 72.521454 16.455191 13.991460
v 72.521454 13.308877 13.991459
v 55.741123 10.162563 43.357029
v 55.741123 7.016253 43.357029
v 55.741123 7.016255 13.991458
v 55.741123 10.162566 13.991459
v 72.521454 16.455187 43.357033
v 72.521454 13.308874 43.357033
v 72.521454 13.308877 13.991459
v 72.521454 16.455191 13.991460
v 101.887024 16.455187 43.357033
v 97.691940 16.455187 43.357033
v 76.716537 16.455187 43.357033
v 72.521454 16.455187 43.357033
v 72.521454 16.455191 13.991460
v 101.887024 16.455191 13.991460
v 72.521454 13.308874 43.357033
v 64.131287 13.308874 43.357033
v 64.131287 13.308877 13.991459
v 72.521454 13.308877 13.991459
v 64.131287 13.308874 43.357033
v 64.131287 10.162563 43.357029
v 64.131287 10.162566 13.991459
v 64.131287 13.308877 13.991459
v 64.131287 10.162563 43.357029
v 55.741123 10.162563 43.357029
v 55.741123 10.162566 13.991459
v 64.131287 10.162566 13.991459
v 47.350960 7.016253 43.357029
v 47.350960 3.869941 43.357029
v 47.350960 3.869944 13.991459
v 47.350960 7.016255 13.991458
v 55.741123 7.016253 43.357029
v 47.350960 7.016253 43.357029
v 47.350960 7.016255 13.991458
v 55.741123 7.016255 13.991458
v 30.570631 -0.325141 43.357029
v 30.570631 -4.520223 43.357029
v 30.570631 -4.520222 39.161949
v 30.570631 -4.520219 9.796375
v 30.570631 -0.325137 9.796376
v 30.570631 -4.520223 43.357029
v 26.375549 -4.520223 43.357029
v 26.375549 -4.520222 39.161949
v 30.570631 -4.520222 39.161949
v 22.180468 -4.520223 43.357029
v 22.180468 -4.520219 9.796375
v 26.375549 -4.520219 9.796375
v 26.375549 -4.520222 39.161949
v 26.375549 -4.520223 43.357029
v 26.375549 -4.520219 9.796375
v 30.570631 -4.520219 9.796375
v 30.570631 -4.520222 39.161949
v 26.375549 -4.520222 39.161949
v 1.205060 -4.520223 43.357029
v 3.302601 -4.520223 43.357029
v 7.497683 -4.520223 43.357029
v 22.180468 -4.520223 43.357029
v 22.180468 -4.520219 9.796375
v 1.205060 -4.520219 9.796375
v 22.180468 -4.520219 9.796375
v 22.180468 -4.520223 43.357029
v 22.180468 -0.325141 43.357029
v 22.180468 -0.325137 9.796376
v 22.180468 -0.325141 43.357029
v 30.570631 -0.325141 43.357029
v 30.570631 -0.325137 9.796376
v 22.180468 -0.325137 9.796376
v 22.180468 -38.080875 43.357025
v 22.180468 -38.080872 26.576700
v 22.180468 -38.080872 9.796372
v 22.180468 -4.520219 9.796375
v 22.180468 -4.520223 43.357029
v 72.521454 -29.690714 64.332428
v 72.521454 -4.520224 64.332436
v 72.521454 -4.520223 60.137356
v 72.521454 -29.690716 60.137356
v 72.521454 -29.690716 60.137356
v 72.521454 -4.520223 60.137356
v 72.521454 -0.325142 60.137356
v 72.521454 8.065022 60.137356
v 72.521454 8.065022 47.552113
v 72.521454 -29.690712 47.552113
v 72.521454 8.065017 110.478340
v 72.521454 8.065017 106.283257
v 72.521454 8.065019 89.502930
v 72.521454 -0.325145 89.502930
v 72.521454 -4.520227 89.502930
v 72.521454 -29.690716 89.502922
v 72.521454 -29.690720 106.283249
v 72.521454 -29.690720 110.478333
v 72.521454 -29.690725 169.209488
v 72.521454 -15.007939 169.209488
v 72.521454 -6.617775 169.209488
v 72.521454 3.869929 169.209488
v 72.521454 8.065010 169.209488
v 72.521454 8.065012 154.526688
v 72.521454 8.065017 110.478340
v 72.521454 -29.690720 110.478333
v 72.521454 -29.690716 89.502922
v 72.521454 -4.520227 89.502930
v 72.521454 -4.520226 85.307846
v 72.521454 -29.690718 85.307838
v 72.521454 8.065022 60.137356
v 72.521454 -0.325142 60.137356
v 72.521454 -0.325145 89.502930
v 72.521454 8.065019 89.502930
v 72.521454 45.820751 110.478348
v 72.521454 45.820751 106.283264
v 72.521454 45.820759 47.552116
v 72.521454 16.455187 47.552116
v 72.521454 16.455179 106.283257
v 72.521454 16.455179 110.478340
v 72.521454 16.455175 154.526688
v 72.521454 16.455173 169.209488
v 72.521454 39.528122 169.209488
v 72.521454 43.723202 169.209503
v 72.521454 45.820744 169.209503
v 72.521454 45.820751 110.478348
v 72.521454 16.455179 110.478340
v 72.521454 -4.520223 60.137356
v 72.521454 -4.520224 64.332436
v 72.521454 -4.520226 85.307846
v 72.521454 -4.520227 89.502930
v 72.521454 -0.325145 89.502930
v 72.521454 -0.325142 60.137356
v 106.082108 29.040432 47.552113
v 106.082108 16.455187 47.552116
v 97.691940 16.455187 47.552116
v 97.691940 45.820759 47.552116
v 106.082108 45.820759 47.552116
v 72.521454 8.065022 47.552113
v 106.082108 8.065022 47.552113
v 106.082108 -4.520222 47.552113
v 106.082108 -29.690712 47.552113
v 72.521454 -29.690712 47.552113
v 76.716537 45.820759 47.552116
v 76.716537 16.455187 47.552116
v 72.521454 16.455187 47.552116
v 72.521454 45.820759 47.552116
v 76.716537 45.820759 47.552116
v 97.691940 45.820759 47.552116
v 97.691940 50.015839 47.552116
v 76.716537 50.015839 47.552116
v 76.716537 16.455187 47.552116
v 76.716537 16.455187 43.357033
v 97.691940 16.455187 43.357033
v 97.691940 16.455187 47.552116
v 76.716537 50.015839 43.357033
v 76.716537 50.015839 47.552116
v 97.691940 50.015839 47.552116
v 97.691940 50.015839 43.357033
v 97.691940 45.820759 47.552116
v 97.691940 16.455187 47.552116
v 97.691940 16.455187 43.357033
v 97.691940 50.015839 43.357033
v 97.691940 50.015839 47.552116
v 76.716537 16.455187 47.552116
v 76.716537 45.820759 47.552116
v 76.716537 50.015839 47.552116
v 76.716537 50.015839 43.357033
v 76.716537 16.455187 43.357033
v 72.521454 8.065017 110.478340
v 72.521454 8.065012 154.526688
v 78.814072 8.065012 154.526688
v 93.496864 8.065012 154.526688
v 106.082108 8.065012 154.526688
v 106.082108 8.065012 152.429153
v 106.082108 8.065014 135.648834
v 106.082108 8.065015 127.258667
v 106.082108 8.065015 118.868500
v 106.082108 8.065017 106.283257
v 72.521454 8.065017 106.283257
v 106.082108 8.065017 106.283257
v 106.082108 8.065018 93.698013
v 106.082108 8.065019 85.307846
v 106.082108 8.065020 68.527519
v 106.082108 8.065022 55.942276
v 106.082108 8.065022 47.552113
v 72.521454 8.065022 47.552113
v 72.521454 8.065022 60.137356
v 72.521454 8.065019 89.502930
v 72.521454 8.065017 106.283257
v 88.253006 39.528122 167.111938
v 84.057930 39.528122 167.111938
v 84.057930 39.528122 169.209488
v 88.253006 39.528122 169.209488
v 84.057930 41.625660 167.111938
v 88.253006 41.625660 167.111938
v 88.253006 43.723202 169.209503
v 84.057930 43.723202 169.209503
v 88.253006 43.723202 169.209503
v 88.253006 41.625660 167.111938
v 88.253006 39.528122 167.111938
v 88.253006 39.528122 169.209488
v 84.057930 39.528122 169.209488
v 84.057930 39.528122 167.111938
v 84.057930 41.625660 167.111938
v 84.057930 43.723202 169.209503
v 84.057930 39.528122 167.111938
v 88.253006 39.528122 167.111938
v 88.253006 41.625660 167.111938
v 84.057930 41.625660 167.111938
v 72.521454 45.820751 106.283264
v 72.521454 45.820751 110.478348
v 72.521454 45.820744 169.209503
v 106.082108 45.820744 169.209503
v 106.082108 45.820751 114.673424
v 106.082108 45.820751 106.283264
v 97.691940 45.820759 47.552116
v 76.716537 45.820759 47.552116
v 72.521454 45.820759 47.552116
v 72.521454 45.820751 106.283264
v 106.082108 45.820751 106.283264
v 106.082108 45.820755 55.942280
v 106.082108 45.820759 47.552116
v 78.814072 8.065012 154.526688
v 72.521454 8.065012 154.526688
v 78.814072 12.260094 154.526688
v 93.496864 12.260094 154.526688
v 93.496864 8.065012 154.526688
v 78.814072 8.065012 154.526688
v 78.814072 12.260094 154.526688
v 78.814072 16.455175 154.526688
v 93.496864 16.455175 154.526688
v 106.082108 8.065012 154.526688
v 93.496864 8.065012 154.526688
v 93.496864 12.260094 154.526688
v 106.082108 16.455179 106.283257
v 106.082108 16.455179 118.868500
v 106.082108 16.455177 135.648834
v 106.082108 16.455175 152.429153
v 106.082108 16.455175 154.526688
v 93.496864 16.455175 154.526688
v 78.814072 16.455175 154.526688
v 72.521454 16.455175 154.526688
v 72.521454 16.455179 110.478340
v 72.521454 16.455179 106.283257
v 72.521454 16.455187 47.552116
v 76.716537 16.455187 47.552116
v 97.691940 16.455187 47.552116
v 106.082108 16.455187 47.552116
v 106.082108 16.455185 55.942280
v 106.082108 16.455185 68.527519
v 106.082108 16.455181 85.307846
v 106.082108 16.455181 102.088173
v 106.082108 16.455179 106.283257
v 72.521454 16.455179 106.283257
v 93.496864 16.455173 169.209488
v 93.496864 12.260092 169.209488
v 93.496864 12.260094 154.526688
v 93.496864 16.455175 154.526688
v 93.496864 16.455175 154.526688
v 106.082108 16.455175 154.526688
v 106.082108 16.455173 169.209488
v 93.496864 16.455173 169.209488
v 93.496864 12.260092 169.209488
v 106.082108 8.065010 169.209488
v 106.082108 8.065012 154.526688
v 93.496864 12.260094 154.526688
v 72.521454 16.455175 154.526688
v 78.814072 16.455175 154.526688
v 78.814072 16.455173 169.209488
v 72.521454 16.455173 169.209488
v 78.814072 16.455175 154.526688
v 78.814072 12.260094 154.526688
v 78.814072 12.260092 169.209488
v 78.814072 16.455173 169.209488
v 72.521454 8.065010 169.209488
v 78.814072 12.260092 169.209488
v 78.814072 12.260094 154.526688
v 72.521454 8.065012 154.526688
v 106.082108 -29.690720 106.283249
v 106.082108 -29.690722 135.648834
v 106.082108 -29.690722 144.038986
v 106.082108 -29.690723 152.429153
v 106.082108 -29.690725 169.209488
v 72.521454 -29.690725 169.209488
v 72.521454 -29.690720 110.478333
v 72.521454 -29.690720 106.283249
v 72.521454 -29.690716 89.502922
v 72.521454 -29.690718 85.307838
v 72.521454 -29.690714 64.332428
v 72.521454 -29.690716 60.137356
v 72.521454 -29.690712 47.552113
v 106.082108 -29.690712 47.552113
v 106.082108 -29.690714 55.942276
v 106.082108 -29.690714 68.527512
v 106.082108 -29.690716 76.917679
v 106.082108 -29.690720 106.283249
v 72.521454 -29.690720 106.283249
v 22.180468 3.869929 169.209488
v 22.180468 3.869931 154.526688
v 43.155876 3.869931 154.526688
v 43.155876 3.869929 169.209488
v 22.180468 3.869934 110.478340
v 30.570631 3.869934 110.478340
v 30.570631 3.869934 118.868500
v 30.570631 3.869931 139.843903
v 22.180468 3.869931 139.843903
v 11.692764 3.869934 110.478340
v 22.180468 3.869934 110.478340
v 22.180468 3.869931 139.843903
v 22.180468 3.869931 154.526688
v 22.180468 3.869929 169.209488
v 1.205060 3.869929 169.209488
v 1.205060 3.869934 118.868500
v 1.205060 3.869934 110.478340
v 34.765713 3.869934 110.478340
v 30.570631 3.869934 110.478340
v 30.570631 3.869936 93.698013
v 30.570631 3.869937 91.600471
v 30.570631 3.869937 89.502930
v 38.698601 3.869937 89.502930
v 42.631493 3.869937 89.502930
v 43.155876 3.869937 89.502930
v 43.155876 3.869934 110.478340
v 30.570631 3.869931 139.843903
v 30.570631 3.869934 118.868500
v 34.765713 3.869934 118.868500
v 43.155876 3.869934 118.868500
v 43.155876 3.869931 139.843903
v 30.570631 3.869934 118.868500
v 30.570631 3.869934 110.478340
v 34.765713 3.869934 110.478340
v 34.765713 3.869934 118.868500
v 55.216736 3.869937 89.502930
v 55.741123 3.869937 89.502930
v 55.741123 3.869937 89.765121
v 54.954544 3.869937 90.551697
v 54.954544 3.869937 90.551697
v 55.741123 3.869937 89.765121
v 55.741123 3.869936 92.124855
v 52.594810 3.869936 92.911430
v 52.594810 3.869936 92.911430
v 55.741123 3.869936 92.124855
v 55.741123 3.869936 95.271164
v 49.448498 3.869936 93.698013
v 49.448498 3.869936 93.698013
v 55.741123 3.869936 95.271164
v 55.741123 3.869936 102.350365
v 46.302189 3.869936 92.911430
v 46.302189 3.869936 92.911430
v 55.741123 3.869936 102.350365
v 55.741123 3.869935 103.661331
v 55.741123 3.869935 106.021065
v 55.741123 3.869935 108.380798
v 55.741123 3.869931 137.746368
v 43.942455 3.869937 90.551697
v 55.741123 3.869929 160.819321
v 55.741123 3.869929 169.209488
v 43.155876 3.869929 169.209488
v 43.155876 3.869931 154.526688
v 43.155876 3.869931 148.234070
v 55.741123 3.869931 148.234070
v 43.155876 3.869931 148.234070
v 43.155876 3.869931 139.843903
v 43.155876 3.869934 118.868500
v 43.155876 3.869934 110.478340
v 43.155876 3.869937 89.502930
v 43.680264 3.869937 89.502930
v 43.942455 3.869937 90.551697
v 55.741123 3.869931 137.746368
v 55.741123 3.869931 148.234070
v 63.921532 3.869936 101.616234
v 62.033745 3.869936 102.088173
v 58.887432 3.869936 102.874748
v 55.741123 3.869935 103.661331
v 55.741123 3.869936 102.350365
v 55.741123 3.869936 95.271164
v 55.741123 3.869936 92.124855
v 55.741123 3.869937 89.765121
v 55.741123 3.869937 89.502930
v 68.326370 3.869937 89.502930
v 68.326370 3.869936 100.515015
v 56.527699 3.869935 105.234482
v 55.741123 3.869935 106.021065
v 55.741123 3.869935 103.661331
v 58.887432 3.869936 102.874748
v 55.741123 3.869935 108.380798
v 55.741123 3.869935 106.021065
v 56.527699 3.869935 105.234482
v 55.741123 3.869929 160.819321
v 55.741123 3.869931 148.234070
v 55.741123 3.869931 137.746368
v 55.741123 3.869935 108.380798
v 56.527699 3.869934 111.527107
v 68.326370 3.869930 158.721771
v 68.326370 3.869929 160.819321
v 58.887432 3.869934 113.886841
v 68.326370 3.869933 123.325775
v 68.326370 3.869930 158.721771
v 56.527699 3.869934 111.527107
v 62.033745 3.869934 114.673416
v 68.326370 3.869934 116.246574
v 68.326370 3.869933 123.325775
v 58.887432 3.869934 113.886841
v 65.180054 3.869934 113.886841
v 68.326370 3.869935 113.100266
v 68.326370 3.869934 116.246574
v 62.033745 3.869934 114.673416
v 67.539795 3.869934 111.527107
v 68.326370 3.869934 110.740532
v 68.326370 3.869935 113.100266
v 65.180054 3.869934 113.886841
v 68.326370 3.869935 108.380798
v 68.326370 3.869934 110.740532
v 67.539795 3.869934 111.527107
v 67.539795 3.869935 105.234482
v 66.475288 3.869936 100.976479
v 68.326370 3.869936 100.515015
v 68.326370 3.869935 108.380798
v 65.180054 3.869936 102.874748
v 63.921532 3.869936 101.616234
v 66.475288 3.869936 100.976479
v 67.539795 3.869935 105.234482
v 62.033745 3.869936 102.088173
v 63.921532 3.869936 101.616234
v 65.180054 3.869936 102.874748
v 11.692764 3.869936 93.698013
v 30.570631 3.869936 93.698013
v 30.570631 3.869934 110.478340
v 22.180468 3.869934 110.478340
v 11.692764 3.869934 110.478340
v 1.205060 3.869937 91.600471
v 11.692764 3.869937 91.600471
v 30.570631 3.869937 91.600471
v 30.570631 3.869936 93.698013
v 11.692764 3.869936 93.698013
v 7.497683 3.869936 93.698013
v 3.302601 3.869936 93.698013
v 1.205060 3.869936 93.698013
v 3.302601 3.869938 72.722603
v 3.302601 3.869938 79.015221
v 1.205060 3.869938 79.015221
v 1.205060 3.869938 72.722603
v 1.205060 3.869939 68.527519
v 3.302601 3.869939 68.527519
v 30.570631 3.869938 76.917686
v 30.570631 3.869939 68.527519
v 38.960796 3.869939 68.527519
v 43.155876 3.869941 47.552113
v 59.936203 3.869941 47.552113
v 53.643581 3.869940 53.844734
v 43.155876 3.869939 64.332436
v 53.643581 3.869940 53.844734
v 59.936203 3.869941 47.552113
v 64.131287 3.869941 47.552113
v 64.131287 3.869939 64.332436
v 57.838661 3.869938 79.015221
v 51.336285 3.869937 80.640823
v 49.448498 3.869937 81.112762
v 46.302189 3.869937 81.899345
v 30.570631 3.869937 85.832230
v 30.570631 3.869938 79.015221
v 30.570631 3.869938 76.917686
v 38.960796 3.869939 68.527519
v 43.155876 3.869939 64.332436
v 53.643581 3.869940 53.844734
v 64.131287 3.869939 64.332436
v 68.326370 3.869939 68.527519
v 68.326370 3.869938 76.393295
v 43.942455 3.869937 84.259079
v 38.698601 3.869937 89.502930
v 30.570631 3.869937 89.502930
v 30.570631 3.869937 85.832230
v 46.302189 3.869937 81.899345
v 43.155876 3.869937 87.405388
v 42.631493 3.869937 89.502930
v 38.698601 3.869937 89.502930
v 43.942455 3.869937 84.259079
v 43.680264 3.869937 89.502930
v 43.155876 3.869937 89.502930
v 42.631493 3.869937 89.502930
v 43.155876 3.869937 87.405388
v 68.326370 3.869937 89.502930
v 55.741123 3.869937 89.502930
v 55.216736 3.869937 89.502930
v 55.741123 3.869937 87.405388
v 57.838661 3.869938 79.015221
v 68.326370 3.869938 76.393295
v 54.954544 3.869937 84.259079
v 53.890041 3.869937 80.001068
v 57.838661 3.869938 79.015221
v 55.741123 3.869937 87.405388
v 52.594810 3.869937 81.899345
v 51.336285 3.869937 80.640823
v 53.890041 3.869937 80.001068
v 54.954544 3.869937 84.259079
v 49.448498 3.869937 81.112762
v 51.336285 3.869937 80.640823
v 52.594810 3.869937 81.899345
v 7.497683 3.869938 79.015221
v 3.302601 3.869938 79.015221
v 3.302601 3.869938 72.722603
v 5.400142 3.869938 72.722603
v 7.497683 3.869938 72.722603
v 5.400142 3.869939 68.527519
v 5.400142 3.869941 47.552113
v 5.400142 3.869941 43.357029
v 7.497683 3.869941 43.357029
v 7.497683 3.869938 72.722603
v 5.400142 3.869938 72.722603
v 5.400142 3.869938 72.722603
v 3.302601 3.869938 72.722603
v 3.302601 3.869939 68.527519
v 5.400142 3.869939 68.527519
v 11.692764 3.869938 79.015221
v 7.497683 3.869938 79.015221
v 7.497683 3.869938 72.722603
v 7.497683 3.869941 43.357029
v 30.570631 3.869941 43.357029
v 30.570631 3.869941 47.552113
v 30.570631 3.869939 68.527519
v 30.570631 3.869938 76.917686
v 30.570631 3.869938 79.015221
v 11.692764 3.869938 79.015221
v 30.570631 3.869938 79.015221
v 30.570631 3.869937 85.832230
v 30.570631 3.869937 89.502930
v 30.570631 3.869937 91.600471
v 11.692764 3.869937 91.600471
v 30.570631 54.210918 68.527519
v 30.570631 33.235508 68.527527
v 5.400142 33.235508 68.527527
v 5.400142 54.210918 68.527519
v 5.400142 54.210918 68.527519
v 5.400142 33.235508 68.527527
v 5.400142 3.869939 68.527519
v 3.302601 3.869939 68.527519
v 1.205060 3.869939 68.527519
v 1.205060 54.210918 68.527519
v 38.960796 54.210918 68.527519
v 38.960796 3.869939 68.527519
v 30.570631 3.869939 68.527519
v 30.570631 33.235508 68.527527
v 30.570631 54.210918 68.527519
v 43.155876 50.015839 47.552116
v 43.155876 3.869941 47.552113
v 43.155876 3.869939 64.332436
v 43.155876 54.210918 64.332436
v 43.155876 54.210922 47.552116
v 64.131287 54.210918 64.332436
v 64.131287 3.869939 64.332436
v 64.131287 3.869941 47.552113
v 64.131287 50.015839 47.552116
v 64.131287 54.210922 47.552116
v 68.326370 3.869939 68.527519
v 64.131287 3.869939 64.332436
v 64.131287 54.210918 64.332436
v 68.326370 54.210918 68.527519
v 43.155876 50.015839 47.552116
v 43.155876 54.210922 47.552116
v 59.936203 54.210922 47.552116
v 64.131287 54.210922 47.552116
v 64.131287 50.015839 47.552116
v 59.936203 3.869941 47.552113
v 43.155876 3.869941 47.552113
v 43.155876 50.015839 47.552116
v 64.131287 50.015839 47.552116
v 64.131287 3.869941 47.552113
v 30.570631 3.869941 43.357029
v 30.570631 33.235512 43.357033
v 30.570631 33.235512 47.552116
v 30.570631 3.869941 47.552113
v 30.570631 3.869939 68.527519
v 30.570631 3.869941 47.552113
v 30.570631 33.235512 47.552116
v 30.570631 33.235508 68.527527
v 43.155876 54.210918 64.332436
v 43.155876 3.869939 64.332436
v 38.960796 3.869939 68.527519
v 38.960796 54.210918 68.527519
v 30.570631 33.235512 47.552116
v 5.400142 33.235512 47.552116
v 5.400142 33.235508 68.527527
v 30.570631 33.235508 68.527527
v 5.400142 33.235512 43.357033
v 5.400142 33.235512 47.552116
v 30.570631 33.235512 47.552116
v 30.570631 33.235512 43.357033
v 5.400142 3.869941 47.552113
v 5.400142 3.869939 68.527519
v 5.400142 33.235508 68.527527
v 5.400142 33.235512 47.552116
v 5.400142 3.869941 47.552113
v 5.400142 33.235512 47.552116
v 5.400142 33.235512 43.357033
v 5.400142 3.869941 43.357029
v 43.155876 22.747799 139.843903
v 43.155876 3.869931 139.843903
v 43.155876 3.869931 148.234070
v 43.155876 3.869931 154.526688
v 43.155876 22.747797 154.526688
v 43.155876 54.210915 110.478340
v 43.155876 53.162144 110.478340
v 43.155876 50.015831 110.478348
v 43.155876 3.869934 110.478340
v 43.155876 3.869934 118.868500
v 43.155876 50.015831 118.868507
v 43.155876 53.162144 118.868500
v 43.155876 54.210915 118.868500
v 55.741123 12.260092 169.209488
v 55.741123 3.869929 169.209488
v 55.741123 3.869929 160.819321
v 55.741123 12.260094 160.819321
v 68.326370 12.260094 160.819321
v 68.326370 3.869929 160.819321
v 68.326370 3.869930 158.721771
v 68.326370 3.869933 123.325775
v 68.326370 3.869934 116.246574
v 68.326370 3.869935 113.100266
v 68.326370 3.869934 110.740532
v 68.326370 3.869935 108.380798
v 68.326370 3.869936 100.515015
v 68.326370 3.869937 89.502930
v 68.326370 16.455183 89.502930
v 68.326370 16.455181 98.732101
v 68.326370 16.455173 160.819321
v 68.326370 16.455173 169.209488
v 68.326370 12.260092 169.209488
v 68.326370 12.260094 160.819321
v 68.326370 16.455173 160.819321
v 68.326370 16.455181 98.732101
v 68.326370 16.455183 89.502930
v 68.326370 54.210918 89.502930
v 68.326370 54.210915 98.732101
v 68.326370 45.820744 169.209503
v 68.326370 16.455173 169.209488
v 68.326370 16.455173 160.819321
v 68.326370 16.455181 98.732101
v 68.326370 54.210915 98.732101
v 68.326370 54.210915 110.478340
v 68.326370 54.210915 118.868500
v 68.326370 54.210907 169.209503
v 68.326370 54.210918 89.502930
v 68.326370 16.455183 89.502930
v 68.326370 3.869937 89.502930
v 68.326370 3.869938 76.393295
v 68.326370 3.869939 68.527519
v 68.326370 54.210918 68.527519
v 55.741123 12.260094 160.819321
v 55.741123 3.869929 160.819321
v 68.326370 3.869929 160.819321
v 68.326370 12.260094 160.819321
v 65.180054 18.552721 113.886841
v 62.033745 18.552719 114.673416
v 58.887432 18.552721 113.886841
v 56.527699 18.552719 111.527107
v 55.741123 18.552719 108.380798
v 56.527699 18.552719 105.234482
v 58.887432 18.552721 102.874748
v 62.033745 18.552721 102.088173
v 65.180054 18.552721 102.874748
v 67.539795 18.552719 105.234482
v 68.326370 18.552719 108.380798
v 67.539795 18.552719 111.527107
v 58.887432 18.552721 102.874748
v 58.887432 3.869936 102.874748
v 62.033745 3.869936 102.088173
v 62.033745 18.552721 102.088173
v 62.033745 18.552721 102.088173
v 62.033745 3.869936 102.088173
v 65.180054 3.869936 102.874748
v 65.180054 18.552721 102.874748
v 56.527699 18.552719 105.234482
v 56.527699 3.869935 105.234482
v 58.887432 3.869936 102.874748
v 58.887432 18.552721 102.874748
v 65.180054 18.552721 102.874748
v 65.180054 3.869936 102.874748
v 67.539795 3.869935 105.234482
v 67.539795 18.552719 105.234482
v 55.741123 18.552719 108.380798
v 55.741123 3.869935 108.380798
v 56.527699 3.869935 105.234482
v 56.527699 18.552719 105.234482
v 67.539795 18.552719 105.234482
v 67.539795 3.869935 105.234482
v 68.326370 3.869935 108.380798
v 68.326370 18.552719 108.380798
v 56.527699 18.552719 111.527107
v 56.527699 3.869934 111.527107
v 55.741123 3.869935 108.380798
v 55.741123 18.552719 108.380798
v 68.326370 18.552719 108.380798
v 68.326370 3.869935 108.380798
v 67.539795 3.869934 111.527107
v 67.539795 18.552719 111.527107
v 58.887432 18.552721 113.886841
v 58.887432 3.869934 113.886841
v 56.527699 3.869934 111.527107
v 56.527699 18.552719 111.527107
v 67.539795 18.552719 111.527107
v 67.539795 3.869934 111.527107
v 65.180054 3.869934 113.886841
v 65.180054 18.552721 113.886841
v 62.033745 18.552719 114.673416
v 62.033745 3.869934 114.673416
v 58.887432 3.869934 113.886841
v 58.887432 18.552721 113.886841
v 65.180054 18.552721 113.886841
v 65.180054 3.869934 113.886841
v 62.033745 3.869934 114.673416
v 62.033745 18.552719 114.673416
v 55.741123 12.260092 169.209488
v 55.741123 12.260094 160.819321
v 68.326370 12.260094 160.819321
v 68.326370 12.260092 169.209488
v 52.594810 18.552721 92.911430
v 49.448498 18.552721 93.698013
v 46.302189 18.552721 92.911430
v 43.942455 18.552723 90.551697
v 43.155876 18.552721 87.405388
v 43.942455 18.552721 84.259079
v 46.302189 18.552721 81.899345
v 49.448498 18.552723 81.112762
v 52.594810 18.552721 81.899345
v 54.954544 18.552721 84.259079
v 55.741123 18.552721 87.405388
v 54.954544 18.552723 90.551697
v 46.302189 18.552721 81.899345
v 46.302189 3.869937 81.899345
v 49.448498 3.869937 81.112762
v 49.448498 18.552723 81.112762
v 49.448498 18.552723 81.112762
v 49.448498 3.869937 81.112762
v 52.594810 3.869937 81.899345
v 52.594810 18.552721 81.899345
v 43.942455 18.552721 84.259079
v 43.942455 3.869937 84.259079
v 46.302189 3.869937 81.899345
v 46.302189 18.552721 81.899345
v 52.594810 18.552721 81.899345
v 52.594810 3.869937 81.899345
v 54.954544 3.869937 84.259079
v 54.954544 18.552721 84.259079
v 43.155876 18.552721 87.405388
v 43.155876 3.869937 87.405388
v 43.942455 3.869937 84.259079
v 43.942455 18.552721 84.259079
v 54.954544 18.552721 84.259079
v 54.954544 3.869937 84.259079
v 55.741123 3.869937 87.405388
v 55.741123 18.552721 87.405388
v 43.942455 18.552723 90.551697
v 43.942455 3.869937 90.551697
v 43.680264 3.869937 89.502930
v 43.155876 3.869937 87.405388
v 43.155876 18.552721 87.405388
v 55.741123 18.552721 87.405388
v 55.741123 3.869937 87.405388
v 55.216736 3.869937 89.502930
v 54.954544 3.869937 90.551697
v 54.954544 18.552723 90.551697
v 46.302189 18.552721 92.911430
v 46.302189 3.869936 92.911430
v 43.942455 3.869937 90.551697
v 43.942455 18.552723 90.551697
v 54.954544 18.552723 90.551697
v 54.954544 3.869937 90.551697
v 52.594810 3.869936 92.911430
v 52.594810 18.552721 92.911430
v 49.448498 18.552721 93.698013
v 49.448498 3.869936 93.698013
v 46.302189 3.869936 92.911430
v 46.302189 18.552721 92.911430
v 52.594810 18.552721 92.911430
v 52.594810 3.869936 92.911430
v 49.448498 3.869936 93.698013
v 49.448498 18.552721 93.698013
v 36.863255 50.015831 118.868507
v 34.765713 50.015831 118.868507
v 34.765713 53.162144 118.868500
v 36.863255 53.162144 118.868500
v 43.155876 53.162144 118.868500
v 43.155876 50.015831 118.868507
v 41.058334 50.015831 118.868507
v 41.058334 53.162144 118.868500
v 43.155876 54.210915 118.868500
v 43.155876 53.162144 118.868500
v 41.058334 53.162144 118.868500
v 36.863255 53.162144 118.868500
v 34.765713 53.162144 118.868500
v 34.765713 54.210915 118.868500
v 36.863255 50.015831 118.868507
v 41.058334 50.015831 118.868507
v 43.155876 50.015831 118.868507
v 43.155876 3.869934 118.868500
v 34.765713 3.869934 118.868500
v 34.765713 50.015831 118.868507
v 11.692764 16.455183 91.600471
v 11.692764 3.869937 91.600471
v 1.205060 3.869937 91.600471
v 1.205060 16.455183 91.600471
v 11.692764 16.455183 91.600471
v 1.205060 16.455183 91.600471
v 1.205060 16.455183 79.015221
v 11.692764 16.455183 79.015221
v 11.692764 16.455183 79.015221
v 11.692764 3.869938 79.015221
v 11.692764 3.869937 91.600471
v 11.692764 16.455183 91.600471
v 1.205060 3.869938 79.015221
v 3.302601 3.869938 79.015221
v 7.497683 3.869938 79.015221
v 11.692764 3.869938 79.015221
v 11.692764 16.455183 79.015221
v 1.205060 16.455183 79.015221
v 34.765713 54.210915 118.868500
v 34.765713 53.162144 118.868500
v 34.765713 50.015831 118.868507
v 34.765713 3.869934 118.868500
v 34.765713 3.869934 110.478340
v 34.765713 50.015831 110.478348
v 34.765713 53.162144 110.478340
v 34.765713 54.210915 110.478340
v 36.863255 50.015831 106.283264
v 36.863255 50.015831 110.478348
v 41.058334 50.015831 110.478348
v 41.058334 50.015831 106.283264
v 36.863255 50.015831 106.283264
v 41.058334 50.015831 106.283264
v 41.058334 53.162144 106.283257
v 36.863255 53.162144 106.283257
v 34.765713 54.210915 110.478340
v 34.765713 53.162144 110.478340
v 36.863255 53.162144 110.478340
v 41.058334 53.162144 110.478340
v 43.155876 53.162144 110.478340
v 43.155876 54.210915 110.478340
v 41.058334 50.015831 110.478348
v 43.155876 50.015831 110.478348
v 43.155876 53.162144 110.478340
v 41.058334 53.162144 110.478340
v 34.765713 53.162144 110.478340
v 34.765713 50.015831 110.478348
v 36.863255 50.015831 110.478348
v 36.863255 53.162144 110.478340
v 41.058334 50.015831 106.283264
v 41.058334 50.015831 110.478348
v 41.058334 53.162144 110.478340
v 41.058334 53.162144 106.283257
v 36.863255 50.015831 110.478348
v 36.863255 50.015831 106.283264
v 36.863255 53.162144 106.283257
v 36.863255 53.162144 110.478340
v 36.863255 53.162144 110.478340
v 36.863255 53.162144 106.283257
v 41.058334 53.162144 106.283257
v 41.058334 53.162144 110.478340
v 41.058334 50.015831 110.478348
v 36.863255 50.015831 110.478348
v 34.765713 50.015831 110.478348
v 34.765713 3.869934 110.478340
v 43.155876 3.869934 110.478340
v 43.155876 50.015831 110.478348
v 22.180468 22.747799 139.843903
v 22.180468 3.869931 139.843903
v 30.570631 3.869931 139.843903
v 43.155876 3.869931 139.843903
v 43.155876 22.747799 139.843903
v 36.863255 50.015831 118.868507
v 36.863255 50.015827 123.063591
v 41.058334 50.015827 123.063591
v 41.058334 50.015831 118.868507
v 36.863255 50.015827 123.063591
v 36.863255 50.015831 118.868507
v 36.863255 53.162144 118.868500
v 36.863255 53.162140 123.063583
v 41.058334 50.015827 123.063591
v 36.863255 50.015827 123.063591
v 36.863255 53.162140 123.063583
v 41.058334 53.162140 123.063583
v 41.058334 50.015831 118.868507
v 41.058334 50.015827 123.063591
v 41.058334 53.162140 123.063583
v 41.058334 53.162144 118.868500
v 36.863255 53.162140 123.063583
v 36.863255 53.162144 118.868500
v 41.058334 53.162144 118.868500
v 41.058334 53.162140 123.063583
v 22.180468 22.747797 154.526688
v 22.180468 22.747799 139.843903
v 43.155876 22.747799 139.843903
v 43.155876 22.747797 154.526688
v 22.180468 22.747797 154.526688
v 22.180468 3.869931 154.526688
v 22.180468 3.869931 139.843903
v 22.180468 22.747799 139.843903
v 43.155876 22.747797 154.526688
v 43.155876 3.869931 154.526688
v 22.180468 3.869931 154.526688
v 22.180468 22.747797 154.526688
v 64.131287 -38.080879 64.332428
v 30.570631 -38.080879 64.332428
v 30.570631 -33.885799 64.332428
v 64.131287 -33.885799 64.332428
v 47.350960 -4.520224 64.332436
v 51.546040 -4.520224 64.332436
v 72.521454 -4.520224 64.332436
v 72.521454 -29.690714 64.332428
v 68.326370 -29.690714 64.332428
v 30.570631 -29.690714 64.332428
v 30.570631 -4.520224 64.332436
v 68.326370 -33.885799 64.332428
v 64.131287 -33.885799 64.332428
v 30.570631 -33.885799 64.332428
v 30.570631 -29.690714 64.332428
v 68.326370 -29.690714 64.332428
v 68.326370 -29.690718 85.307838
v 68.326370 -29.690714 64.332428
v 72.521454 -29.690714 64.332428
v 72.521454 -29.690718 85.307838
v 47.350960 -4.520225 72.722603
v 47.350960 -4.520225 76.917686
v 51.546040 -4.520225 76.917686
v 51.546040 -4.520225 72.722603
v 47.350960 -4.520226 85.307846
v 47.350960 -4.520225 76.917686
v 47.350960 -4.520225 72.722603
v 47.350960 -4.520224 64.332436
v 30.570631 -4.520224 64.332436
v 30.570631 -4.520226 85.307846
v 51.546040 -4.520224 64.332436
v 51.546040 -4.520225 72.722603
v 51.546040 -4.520225 76.917686
v 51.546040 -4.520226 85.307846
v 72.521454 -4.520226 85.307846
v 72.521454 -4.520224 64.332436
v 51.546040 -4.520225 76.917686
v 47.350960 -4.520225 76.917686
v 47.350960 -4.520226 85.307846
v 51.546040 -4.520226 85.307846
v 47.350960 -4.520224 64.332436
v 47.350960 -4.520225 72.722603
v 51.546040 -4.520225 72.722603
v 51.546040 -4.520224 64.332436
v 51.546040 -4.520226 85.307846
v 47.350960 -4.520226 85.307846
v 30.570631 -4.520226 85.307846
v 30.570631 -29.690718 85.307838
v 68.326370 -29.690718 85.307838
v 72.521454 -29.690718 85.307838
v 72.521454 -4.520226 85.307846
v 68.326370 -29.690714 64.332428
v 68.326370 -29.690718 85.307838
v 68.326370 -33.885799 85.307838
v 68.326370 -33.885799 64.332428
v 30.570631 -29.690718 85.307838
v 30.570631 -33.885799 85.307838
v 64.131287 -33.885799 85.307838
v 68.326370 -33.885799 85.307838
v 68.326370 -29.690718 85.307838
v 30.570631 -33.885799 85.307838
v 30.570631 -38.080879 85.307838
v 64.131287 -38.080879 85.307838
v 64.131287 -33.885799 85.307838
v 64.131287 -38.080879 64.332428
v 64.131287 -33.885799 64.332428
v 64.131287 -33.885799 85.307838
v 64.131287 -38.080879 85.307838
v 68.326370 -33.885799 85.307838
v 64.131287 -33.885799 85.307838
v 64.131287 -33.885799 64.332428
v 68.326370 -33.885799 64.332428
v 1.205060 -38.080887 144.038986
v 26.375549 -38.080887 144.038986
v 26.375549 -4.520232 144.038986
v 7.497683 -4.520232 144.038986
v 3.302601 -4.520232 144.038986
v 1.205060 -4.520232 144.038986
v 26.375549 -4.520229 110.478340
v 11.692764 -4.520229 110.478340
v 7.497683 -4.520229 110.478340
v 7.497683 -4.520231 131.453751
v 7.497683 -4.520232 135.648834
v 7.497683 -4.520232 144.038986
v 26.375549 -4.520232 144.038986
v 11.692764 -4.520229 110.478340
v 26.375549 -4.520229 110.478340
v 26.375549 -4.520227 93.698013
v 11.692764 -4.520227 93.698013
v 7.497683 -4.520229 110.478340
v 3.302601 -4.520229 110.478340
v 3.302601 -4.520231 131.453751
v 7.497683 -4.520231 131.453751
v 1.205060 -4.520227 93.698013
v 3.302601 -4.520227 93.698013
v 3.302601 -4.520225 76.917686
v 3.302601 -4.520225 72.722603
v 3.302601 -4.520223 43.357029
v 1.205060 -4.520223 43.357029
v 3.302601 -4.520232 135.648834
v 3.302601 -4.520231 131.453751
v 3.302601 -4.520229 110.478340
v 1.205060 -4.520229 110.478340
v 1.205060 -4.520232 144.038986
v 3.302601 -4.520232 144.038986
v 30.570631 -4.520224 64.332436
v 26.375549 -4.520224 64.332436
v 26.375549 -4.520226 85.307846
v 30.570631 -4.520226 85.307846
v 7.497683 -4.520225 76.917686
v 3.302601 -4.520225 76.917686
v 3.302601 -4.520227 93.698013
v 7.497683 -4.520227 93.698013
v 3.302601 -4.520223 43.357029
v 3.302601 -4.520225 72.722603
v 7.497683 -4.520225 72.722603
v 7.497683 -4.520224 64.332436
v 7.497683 -4.520223 43.357029
v 3.302601 -4.520225 72.722603
v 3.302601 -4.520225 76.917686
v 7.497683 -4.520225 76.917686
v 7.497683 -4.520225 72.722603
v 3.302601 -4.520231 131.453751
v 3.302601 -4.520232 135.648834
v 7.497683 -4.520232 135.648834
v 7.497683 -4.520231 131.453751
v 7.497683 -4.520232 135.648834
v 3.302601 -4.520232 135.648834
v 3.302601 -4.520232 144.038986
v 7.497683 -4.520232 144.038986
v 22.180468 -4.520224 64.332436
v 7.497683 -4.520224 64.332436
v 7.497683 -4.520225 72.722603
v 7.497683 -4.520225 76.917686
v 7.497683 -4.520227 93.698013
v 11.692764 -4.520227 93.698013
v 26.375549 -4.520227 93.698013
v 26.375549 -4.520226 85.307846
v 26.375549 -4.520224 64.332436
v 22.180468 -4.520223 43.357029
v 7.497683 -4.520223 43.357029
v 7.497683 -4.520224 64.332436
v 22.180468 -4.520224 64.332436
v 3.302601 3.869936 93.698013
v 3.302601 -4.520227 93.698013
v 1.205060 -4.520227 93.698013
v 1.205060 3.869936 93.698013
v 7.497683 3.869936 93.698013
v 7.497683 -4.520227 93.698013
v 3.302601 -4.520227 93.698013
v 3.302601 3.869936 93.698013
v 11.692764 -4.520227 93.698013
v 7.497683 -4.520227 93.698013
v 7.497683 3.869936 93.698013
v 11.692764 3.869936 93.698013
v 3.302601 -4.520229 110.478340
v 7.497683 -4.520229 110.478340
v 11.692764 -4.520229 110.478340
v 11.692764 3.869934 110.478340
v 1.205060 3.869934 110.478340
v 1.205060 -4.520229 110.478340
v 11.692764 3.869934 110.478340
v 11.692764 -4.520229 110.478340
v 11.692764 -4.520227 93.698013
v 11.692764 3.869936 93.698013
v 26.375549 -4.520226 85.307846
v 26.375549 -38.080879 85.307838
v 30.570631 -38.080879 85.307838
v 30.570631 -33.885799 85.307838
v 30.570631 -29.690718 85.307838
v 30.570631 -4.520226 85.307846
v 26.375549 -4.520224 64.332436
v 30.570631 -4.520224 64.332436
v 30.570631 -29.690714 64.332428
v 30.570631 -33.885799 64.332428
v 30.570631 -38.080879 64.332428
v 26.375549 -38.080879 64.332428
v 22.180468 -38.080879 64.332428
v 22.180468 -4.520224 64.332436
v 22.180468 -4.520224 64.332436
v 22.180468 -38.080879 64.332428
v 22.180468 -38.080875 43.357025
v 22.180468 -4.520223 43.357029
v 26.375549 -38.080887 144.038986
v 26.375549 -38.080887 123.063576
v 26.375549 -38.080879 85.307838
v 26.375549 -4.520226 85.307846
v 26.375549 -4.520227 93.698013
v 26.375549 -4.520229 110.478340
v 26.375549 -4.520232 144.038986
v 131.252594 45.820744 169.209503
v 131.252594 45.820744 173.404572
v 131.252594 54.210907 173.404572
v 131.252594 54.210907 169.209503
v 131.252594 -12.910398 169.209488
v 131.252594 -15.007939 169.209488
v 131.252594 -29.690725 169.209488
v 131.252594 -33.885811 169.209488
v 131.252594 -38.080891 169.209488
v 131.252594 -38.080891 173.404556
v 131.252594 -12.910398 173.404556
v 131.252594 45.820744 173.404572
v 131.252594 45.820744 169.209503
v 131.252594 43.723202 169.209503
v 131.252594 39.528122 169.209488
v 131.252594 16.455173 169.209488
v 131.252594 8.065010 169.209488
v 131.252594 3.869929 169.209488
v 131.252594 -6.617775 169.209488
v 131.252594 -12.910398 169.209488
v 131.252594 -12.910398 173.404556
v 156.423080 -38.080891 173.404556
v 156.423080 -38.080887 177.599640
v 131.252594 -38.080887 177.599640
v 131.252594 -38.080891 173.404556
v 131.252594 45.820744 173.404572
v 131.252594 45.820747 177.599655
v 131.252594 54.210911 177.599655
v 131.252594 54.210907 173.404572
v 131.252594 -12.910398 173.404556
v 131.252594 -38.080891 173.404556
v 131.252594 -38.080887 177.599640
v 131.252594 -12.910399 177.599640
v 131.252594 -4.520236 177.599640
v 131.252594 29.040419 177.599640
v 131.252594 45.820747 177.599655
v 131.252594 45.820744 173.404572
v 131.252594 -12.910398 173.404556
v 131.252594 -12.910399 177.599640
v 80.911613 -4.520238 200.672592
v 64.131287 -4.520238 200.672592
v 57.838661 -4.520238 200.672592
v 57.838661 -4.520239 213.257843
v 57.838661 -4.520240 215.355377
v 59.936203 -4.520240 215.355377
v 80.911613 -4.520240 215.355377
v 131.252594 -4.520236 177.599640
v 101.887024 -4.520236 177.599640
v 80.911613 -4.520236 177.599640
v 80.911613 -4.520238 192.282425
v 80.911613 -4.520238 200.672592
v 80.911613 -4.520240 215.355377
v 118.667351 -4.520240 215.355377
v 131.252594 -4.520240 215.355377
v 80.911613 -4.520238 192.282425
v 64.131287 -4.520238 192.282425
v 64.131287 -4.520238 200.672592
v 80.911613 -4.520238 200.672592
v 64.131287 -4.520238 192.282425
v 59.936203 -4.520238 192.282425
v 13.790305 -4.520238 192.282425
v 13.790305 -4.520238 200.672592
v 41.058334 -4.520238 200.672592
v 57.838661 -4.520238 200.672592
v 64.131287 -4.520238 200.672592
v 13.790305 -4.520238 192.282425
v 1.205060 -4.520238 192.282425
v 1.205060 -4.520238 200.672592
v 13.790305 -4.520238 200.672592
v 59.936203 -4.520238 192.282425
v 64.131287 -4.520238 192.282425
v 80.911613 -4.520238 192.282425
v 80.911613 -4.520236 177.599640
v 59.936203 -4.520236 177.599640
v 1.205060 -4.520238 192.282425
v 13.790305 -4.520238 192.282425
v 59.936203 -4.520238 192.282425
v 59.936203 -4.520236 177.599640
v 43.155876 -4.520236 177.599640
v 1.205060 -4.520236 177.599640
v 1.205060 -4.520240 215.355377
v 41.058334 -4.520240 215.355377
v 41.058334 -4.520239 213.257843
v 41.058334 -4.520238 200.672592
v 13.790305 -4.520238 200.672592
v 1.205060 -4.520238 200.672592
v 41.058334 -4.520239 213.257843
v 41.058334 -4.520240 215.355377
v 55.741123 -4.520240 215.355377
v 57.838661 -4.520240 215.355377
v 57.838661 -4.520239 213.257843
v 80.911613 3.869926 190.184891
v 80.911613 3.869928 177.599640
v 80.911613 16.455173 177.599640
v 80.911613 16.455173 190.184891
v 131.252594 29.040419 177.599640
v 131.252594 -4.520236 177.599640
v 131.252594 -4.520240 215.355377
v 131.252594 29.040415 215.355377
v 131.252594 45.820744 198.575073
v 131.252594 45.820747 177.599655
v 131.252594 29.040419 177.599640
v 131.252594 29.040415 215.355377
v 156.423080 45.820747 177.599655
v 131.252594 45.820747 177.599655
v 131.252594 45.820744 198.575073
v 156.423080 45.820744 198.575073
v 131.252594 29.040415 215.355377
v 156.423080 29.040415 215.355377
v 156.423080 45.820744 198.575073
v 131.252594 45.820744 198.575073
v 57.838661 29.040417 200.672592
v 64.131287 29.040417 200.672592
v 64.131287 29.040417 192.282425
v 57.838661 29.040417 192.282425
v 1.205060 3.869926 190.184891
v 41.058334 3.869926 190.184891
v 41.058334 16.455173 190.184891
v 1.205060 16.455173 190.184891
v 59.936203 3.869926 190.184891
v 80.911613 3.869926 190.184891
v 80.911613 16.455173 190.184891
v 59.936203 16.455173 190.184891
v 57.838661 16.455173 190.184891
v 57.838661 3.869926 190.184891
v 80.911613 16.455173 177.599640
v 59.936203 16.455173 177.599640
v 59.936203 16.455173 190.184891
v 80.911613 16.455173 190.184891
v 59.936203 16.455173 177.599640
v 1.205060 16.455173 177.599640
v 1.205060 16.455173 190.184891
v 41.058334 16.455173 190.184891
v 57.838661 16.455173 190.184891
v 59.936203 16.455173 190.184891
v 59.936203 3.869928 177.599640
v 80.911613 3.869928 177.599640
v 80.911613 3.869926 190.184891
v 59.936203 3.869926 190.184891
v 1.205060 3.869928 177.599640
v 59.936203 3.869928 177.599640
v 59.936203 3.869926 190.184891
v 57.838661 3.869926 190.184891
v 41.058334 3.869926 190.184891
v 1.205060 3.869926 190.184891
v 41.058334 16.455172 200.672592
v 41.058334 3.869925 200.672592
v 41.058334 -4.520238 200.672592
v 41.058334 -4.520239 213.257843
v 41.058334 16.455168 213.257843
v 41.058334 16.455172 192.282425
v 41.058334 3.869926 192.282425
v 41.058334 3.869925 200.672592
v 41.058334 16.455172 200.672592
v 41.058334 16.455173 190.184891
v 41.058334 3.869926 190.184891
v 41.058334 3.869926 192.282425
v 41.058334 16.455172 192.282425
v 64.131287 29.040417 200.672592
v 64.131287 16.455172 200.672592
v 64.131287 16.455172 192.282425
v 64.131287 29.040417 192.282425
v 41.058334 16.455172 192.282425
v 41.058334 16.455172 200.672592
v 41.058334 16.455168 213.257843
v 57.838661 16.455168 213.257843
v 57.838661 16.455172 200.672592
v 57.838661 16.455172 192.282425
v 57.838661 16.455173 190.184891
v 41.058334 16.455173 190.184891
v 64.131287 16.455172 200.672592
v 57.838661 16.455172 200.672592
v 57.838661 16.455172 192.282425
v 64.131287 16.455172 192.282425
v 57.838661 29.040417 200.672592
v 57.838661 16.455172 200.672592
v 64.131287 16.455172 200.672592
v 64.131287 29.040417 200.672592
v 57.838661 29.040417 192.282425
v 57.838661 16.455172 192.282425
v 57.838661 16.455172 200.672592
v 57.838661 29.040417 200.672592
v 64.131287 16.455172 192.282425
v 57.838661 16.455172 192.282425
v 57.838661 29.040417 192.282425
v 64.131287 29.040417 192.282425
v 57.838661 -4.520239 213.257843
v 57.838661 -4.520238 200.672592
v 57.838661 3.869925 200.672592
v 57.838661 3.869924 213.257843
v 57.838661 16.455172 192.282425
v 57.838661 16.455172 200.672592
v 57.838661 16.455168 213.257843
v 57.838661 3.869924 213.257843
v 57.838661 3.869925 200.672592
v 57.838661 3.869926 190.184891
v 57.838661 16.455173 190.184891
v 57.838661 -4.520238 200.672592
v 41.058334 -4.520238 200.672592
v 41.058334 3.869925 200.672592
v 57.838661 3.869925 200.672592
v 57.838661 3.869925 200.672592
v 41.058334 3.869925 200.672592
v 41.058334 3.869926 192.282425
v 41.058334 3.869926 190.184891
v 57.838661 3.869926 190.184891
v 57.838661 -4.520239 213.257843
v 57.838661 3.869924 213.257843
v 57.838661 16.455168 213.257843
v 41.058334 16.455168 213.257843
v 41.058334 -4.520239 213.257843
v 114.472267 -38.080891 194.379974
v 103.268776 -38.080891 205.583450
v 89.301781 -38.080891 194.379974
v 93.496864 -38.080894 215.355377
v 72.521454 -38.080894 215.355377
v 72.521454 -38.080894 213.257843
v 72.521454 -38.080891 196.477509
v 72.521454 -38.080887 180.921631
v 103.268776 -38.080891 205.583450
v 118.667351 -38.080894 215.355377
v 93.496864 -38.080894 215.355377
v 103.268776 -38.080891 205.583450
v 114.472267 -38.080891 194.379974
v 131.252594 -38.080887 177.599640
v 156.423080 -38.080887 177.599640
v 156.423080 -38.080887 181.794724
v 156.423080 -38.080891 198.575058
v 156.423080 -38.080894 215.355377
v 57.838661 -38.080891 196.477509
v 72.521454 -38.080891 196.477509
v 72.521454 -38.080894 213.257843
v 57.838661 -38.080894 213.257843
v 6.981164 -38.080891 196.477509
v 41.058334 -38.080891 196.477509
v 41.058334 -38.080894 213.257843
v 27.901512 -38.080894 213.257843
v 1.205060 -38.080891 196.477509
v 6.981164 -38.080891 196.477509
v 9.595223 -38.080891 198.575058
v 1.205060 -38.080891 198.575058
v 1.205060 -38.080887 177.599640
v 59.936203 -38.080887 177.599640
v 68.381432 -38.080887 177.599640
v 72.521454 -38.080887 180.921631
v 72.521454 -38.080891 196.477509
v 57.838661 -38.080891 196.477509
v 41.058334 -38.080891 196.477509
v 6.981164 -38.080891 196.477509
v 1.205060 -38.080891 196.477509
v 72.521454 -38.080894 215.355377
v 59.936203 -38.080894 215.355377
v 30.515574 -38.080894 215.355377
v 27.901512 -38.080894 213.257843
v 41.058334 -38.080894 213.257843
v 57.838661 -38.080894 213.257843
v 72.521454 -38.080894 213.257843
v 57.838661 -21.300564 196.477509
v 57.838661 -38.080891 196.477509
v 57.838661 -38.080894 213.257843
v 57.838661 -21.300568 213.257843
v 89.574463 -29.690725 177.599640
v 109.228416 -29.690725 177.599640
v 106.082108 -29.690727 180.745956
v 93.496864 -29.690727 180.745956
v 89.301781 -38.080891 194.379974
v 93.496864 -29.690727 180.745956
v 106.082108 -29.690727 180.745956
v 114.472267 -38.080891 194.379974
v 114.472267 -38.080891 194.379974
v 106.082108 -29.690727 180.745956
v 109.228416 -29.690725 177.599640
v 131.252594 -38.080887 177.599640
v 68.381432 -38.080887 177.599640
v 89.574463 -29.690725 177.599640
v 93.496864 -29.690727 180.745956
v 89.301781 -38.080891 194.379974
v 41.058334 -21.300568 213.257843
v 41.058334 -38.080894 213.257843
v 41.058334 -38.080891 196.477509
v 41.058334 -21.300564 196.477509
v 41.058334 -21.300564 196.477509
v 41.058334 -38.080891 196.477509
v 57.838661 -38.080891 196.477509
v 57.838661 -21.300564 196.477509
v 57.838661 -21.300568 213.257843
v 41.058334 -21.300568 213.257843
v 41.058334 -21.300564 196.477509
v 57.838661 -21.300564 196.477509
v 57.838661 -21.300568 213.257843
v 57.838661 -38.080894 213.257843
v 41.058334 -38.080894 213.257843
v 41.058334 -21.300568 213.257843
v 9.322543 -29.690729 215.355377
v 1.205060 -29.690729 215.355377
v 1.205060 -29.690729 212.209076
v 5.400142 -29.690729 212.209076
v 30.515574 -38.080894 215.355377
v 9.322543 -29.690729 215.355377
v 5.400142 -29.690729 212.209076
v 9.595223 -38.080891 198.575058
v 1.205060 -38.080891 198.575058
v 9.595223 -38.080891 198.575058
v 5.400142 -29.690729 212.209076
v 1.205060 -29.690729 212.209076
v 1.205060 -38.080872 -32.154446
v -15.575267 -38.080872 -32.154446
v -30.258053 -38.080872 -32.154446
v -53.331001 -38.080872 -32.154446
v -53.331001 1.772408 -32.154442
v -30.258053 1.772408 -32.154442
v -0.892480 1.772408 -32.154442
v 1.205060 1.772408 -32.154442
v -271.475250 -21.300541 -32.154446
v -271.475250 -38.080872 -32.154446
v -237.914597 -38.080872 -32.154446
v -237.914597 -21.300541 -32.154446
v -254.694931 -4.520215 -32.154442
v -271.475250 -4.520215 -32.154442
v -271.475250 -21.300541 -32.154446
v -237.914597 -21.300541 -32.154446
v -237.914597 -4.520215 -32.154442
v -271.475250 12.260112 -32.154438
v -271.475250 -4.520215 -32.154442
v -254.694931 -4.520215 -32.154442
v -254.694931 12.260112 -32.154438
v -149.817886 -29.690704 -36.349522
v -149.817886 -38.080868 -36.349525
v -149.817886 -38.080872 -32.154446
v -149.817886 -29.690704 -32.154442
v -11.380185 -38.080849 -241.908524
v -11.380185 -38.080849 -250.298691
v -5.087562 -38.080849 -250.298691
v -5.087562 -38.080849 -239.810989
v -11.380185 -38.080849 -239.810989
v -23.965431 -38.080849 -250.298691
v -19.770350 -38.080849 -250.298691
v -19.770350 -38.080849 -241.908524
v -19.770350 -38.080849 -239.810989
v -19.770350 -38.080849 -233.518356
v -23.965431 -38.080849 -233.518356
v -95.281815 -38.080849 -246.103607
v -95.281815 -38.080849 -250.298691
v -74.306404 -38.080849 -250.298691
v -74.306404 -38.080849 -239.810989
v -84.794113 -38.080849 -239.810989
v -95.281815 -38.080849 -239.810989
v -95.281815 -38.080845 -268.127777
v -94.233047 -38.080845 -268.127777
v -85.842880 -38.080845 -268.127777
v -74.306404 -38.080845 -268.127777
v -74.306404 -38.080845 -267.079010
v -95.281815 -38.080845 -267.079010
v 1.205060 -38.080849 -250.298691
v -5.087562 -38.080849 -250.298691
v -11.380185 -38.080849 -250.298691
v -19.770350 -38.080849 -250.298691
v -23.965431 -38.080849 -250.298691
v -23.965431 -38.080845 -267.079010
v -7.185103 -38.080845 -267.079010
v 1.205060 -38.080845 -267.079010
v -70.111328 -38.080845 -260.786407
v -70.111328 -38.080845 -252.396225
v -70.111328 -38.080849 -250.298691
v -74.306404 -38.080849 -250.298691
v -95.281815 -38.080849 -250.298691
v -95.281815 -38.080845 -267.079010
v -74.306404 -38.080845 -267.079010
v -70.111328 -38.080845 -267.079010
v -57.526085 -38.080849 -250.298691
v -61.721165 -38.080849 -250.298691
v -61.721165 -38.080845 -252.396225
v -61.721165 -38.080845 -260.786407
v -61.721165 -38.080845 -267.079010
v -57.526085 -38.080845 -267.079010
v -61.721165 -38.080849 -250.298691
v -70.111328 -38.080849 -250.298691
v -70.111328 -38.080845 -252.396225
v -61.721165 -38.080845 -252.396225
v -70.111328 -38.080845 -260.786407
v -70.111328 -38.080845 -267.079010
v -61.721165 -38.080845 -267.079010
v -61.721165 -38.080845 -260.786407
v -15.575267 -38.080849 -233.518356
v -19.770350 -38.080849 -233.518356
v -19.770350 -38.080849 -239.810989
v -15.575267 -38.080849 -239.810989
v -11.380185 -38.080849 -241.908524
v -11.380185 -38.080849 -239.810989
v -15.575267 -38.080849 -239.810989
v -19.770350 -38.080849 -239.810989
v -19.770350 -38.080849 -241.908524
v -95.281815 -38.080849 -239.810989
v -84.794113 -38.080849 -239.810989
v -84.794113 -38.080849 -229.323288
v -95.281815 -38.080849 -229.323288
v -128.842468 -38.080849 -229.323288
v -128.842468 -38.080849 -246.103607
v -112.062141 -38.080849 -246.103607
v -112.062141 -38.080849 -229.323288
v -112.062141 -38.080849 -212.542953
v -128.842468 -38.080849 -212.542953
v -141.952103 -38.080864 -78.300346
v -143.525269 -38.080864 -78.300346
v -143.525269 -38.080864 -82.495430
v -141.952103 -38.080864 -82.495430
v -74.830795 -38.080864 -82.495430
v -44.940838 -38.080864 -82.495430
v -44.940838 -38.080864 -74.105263
v -49.135921 -38.080864 -74.105263
v -53.331001 -38.080864 -74.105263
v -74.830795 -38.080864 -74.105263
v -133.561935 -38.080864 -82.495430
v -84.794113 -38.080864 -82.495430
v -74.830795 -38.080864 -82.495430
v -74.830795 -38.080864 -74.105263
v -88.989197 -38.080864 -74.105263
v -93.184273 -38.080864 -74.105263
v -133.561935 -38.080864 -74.105263
v -44.940838 -38.080864 -82.495430
v -74.830795 -38.080864 -82.495430
v -84.794113 -38.080864 -82.495430
v -84.794113 -38.080864 -95.080673
v -44.940838 -38.080864 -95.080673
v -84.794113 -38.080864 -82.495430
v -133.561935 -38.080864 -82.495430
v -141.952103 -38.080864 -82.495430
v -143.525269 -38.080864 -82.495430
v -143.525269 -38.080864 -95.080673
v -128.842468 -38.080864 -95.080673
v -95.281815 -38.080864 -95.080673
v -84.794113 -38.080864 -95.080673
v -149.817886 -38.080864 -78.300346
v -143.525269 -38.080864 -78.300346
v -141.952103 -38.080864 -78.300346
v -141.952103 -38.080864 -74.105263
v -149.817886 -38.080864 -74.105263
v 1.205060 -38.080864 -86.690514
v 1.205060 -38.080864 -78.300346
v 1.205060 -38.080864 -74.105263
v -11.380185 -38.080864 -74.105263
v -11.380185 -38.080864 -90.885590
v 1.205060 -38.080864 -90.885590
v -28.160513 -38.080864 -95.080673
v -21.867889 -38.080864 -95.080673
v -10.331414 -38.080864 -95.080673
v 1.205060 -38.080864 -95.080673
v 1.205060 -38.080864 -90.885590
v -11.380185 -38.080864 -90.885590
v -28.160513 -38.080864 -90.885590
v -44.940838 -38.080864 -95.080673
v -84.794113 -38.080864 -95.080673
v -95.281815 -38.080864 -95.080673
v -95.281815 -38.080860 -118.153625
v -84.794113 -38.080860 -118.153625
v -74.306404 -38.080860 -118.153625
v -44.940838 -38.080860 -118.153625
v -21.867889 -38.080860 -108.714691
v -21.867889 -38.080864 -97.178215
v -21.867889 -38.080864 -95.080673
v -28.160513 -38.080864 -95.080673
v -28.160513 -38.080860 -111.861000
v -21.867889 -38.080860 -111.861000
v 1.205060 -38.080864 -95.080673
v -10.331414 -38.080864 -95.080673
v -10.331414 -38.080864 -97.178215
v -10.331414 -38.080860 -108.714691
v -10.331414 -38.080860 -111.861000
v 1.205060 -38.080860 -111.861000
v -10.331414 -38.080864 -95.080673
v -21.867889 -38.080864 -95.080673
v -21.867889 -38.080864 -97.178215
v -10.331414 -38.080864 -97.178215
v -21.867889 -38.080860 -111.861000
v -10.331414 -38.080860 -111.861000
v -10.331414 -38.080860 -108.714691
v -21.867889 -38.080860 -108.714691
v -32.355595 -38.080853 -195.762634
v 1.205060 -38.080853 -195.762634
v 1.205060 -38.080853 -191.567551
v 1.205060 -38.080853 -170.592133
v -7.185103 -38.080853 -170.592133
v -23.965431 -38.080853 -170.592133
v -32.355595 -38.080853 -170.592133
v -91.086731 -38.080853 -195.762634
v -36.550674 -38.080853 -195.762634
v -32.355595 -38.080853 -195.762634
v -32.355595 -38.080853 -170.592133
v -91.086731 -38.080853 -170.592133
v -149.817886 -38.080853 -195.762634
v -112.062141 -38.080853 -195.762634
v -95.281815 -38.080853 -195.762634
v -91.086731 -38.080853 -195.762634
v -91.086731 -38.080853 -170.592133
v -149.817886 -38.080853 -170.592133
v -23.965431 -38.080856 -145.421646
v -32.355595 -38.080856 -145.421646
v -32.355595 -38.080853 -170.592133
v -23.965431 -38.080853 -170.592133
v -32.355595 -38.080856 -145.421646
v -36.550674 -38.080856 -145.421646
v -91.086731 -38.080856 -145.421646
v -91.086731 -38.080853 -170.592133
v -32.355595 -38.080853 -170.592133
v -91.086731 -38.080856 -145.421646
v -95.281815 -38.080856 -145.421646
v -128.842468 -38.080856 -145.421646
v -149.817886 -38.080856 -145.421646
v -149.817886 -38.080856 -153.811813
v -149.817886 -38.080853 -170.592133
v -91.086731 -38.080853 -170.592133
v -7.185103 -38.080853 -170.592133
v 1.205060 -38.080853 -170.592133
v 1.205060 -38.080856 -145.421646
v 1.205060 -38.080860 -137.031479
v -7.185103 -38.080860 -137.031479
v -74.306404 -38.080856 -124.446243
v -44.940838 -38.080856 -124.446243
v -44.940838 -38.080860 -118.153625
v -74.306404 -38.080860 -118.153625
v -84.794113 -38.080860 -118.153625
v -95.281815 -38.080860 -118.153625
v -95.281815 -38.080860 -128.641327
v -84.794113 -38.080860 -128.641327
v -15.575267 -38.080860 -118.153625
v -28.160513 -38.080860 -118.153625
v -28.160513 -38.080856 -124.446243
v -15.575267 -38.080856 -124.446243
v 1.205060 -38.080860 -118.153625
v -5.087562 -38.080860 -118.153625
v -5.087562 -38.080860 -128.641327
v 1.205060 -38.080860 -128.641327
v 1.205060 -38.080860 -111.861000
v -10.331414 -38.080860 -111.861000
v -21.867889 -38.080860 -111.861000
v -28.160513 -38.080860 -111.861000
v -28.160513 -38.080860 -118.153625
v -15.575267 -38.080860 -118.153625
v -5.087562 -38.080860 -118.153625
v 1.205060 -38.080860 -118.153625
v -36.550674 -38.080856 -145.421646
v -32.355595 -38.080856 -145.421646
v -23.965431 -38.080856 -145.421646
v -23.965431 -38.080860 -137.031479
v -36.550674 -38.080860 -137.031479
v -95.281815 -38.080856 -145.421646
v -91.086731 -38.080856 -145.421646
v -36.550674 -38.080856 -145.421646
v -36.550674 -38.080860 -137.031479
v -95.281815 -38.080860 -137.031479
v -15.575267 -38.080856 -124.446243
v -28.160513 -38.080856 -124.446243
v -44.940838 -38.080856 -124.446243
v -74.306404 -38.080856 -124.446243
v -74.306404 -38.080860 -128.641327
v -36.550674 -38.080860 -128.641327
v -15.575267 -38.080860 -128.641327
v 1.205060 -38.080860 -128.641327
v -5.087562 -38.080860 -128.641327
v -15.575267 -38.080860 -128.641327
v -36.550674 -38.080860 -128.641327
v -36.550674 -38.080860 -137.031479
v -23.965431 -38.080860 -137.031479
v -7.185103 -38.080860 -137.031479
v 1.205060 -38.080860 -137.031479
v -36.550674 -38.080860 -128.641327
v -74.306404 -38.080860 -128.641327
v -84.794113 -38.080860 -128.641327
v -95.281815 -38.080860 -128.641327
v -95.281815 -38.080860 -137.031479
v -36.550674 -38.080860 -137.031479
v -88.989197 -38.080864 -74.105263
v -74.830795 -38.080864 -74.105263
v -53.331001 -38.080864 -74.105263
v -53.331001 -38.080868 -34.251987
v -53.331001 -38.080872 -32.154446
v -88.989197 -38.080872 -32.154446
v -23.965431 -38.080849 -233.518356
v -19.770350 -38.080849 -233.518356
v -15.575267 -38.080849 -233.518356
v -15.575267 -38.080849 -229.323288
v -23.965431 -38.080849 -229.323288
v -5.087562 -38.080849 -229.323288
v -5.087562 -38.080849 -216.738037
v -7.185103 -38.080849 -216.738037
v -7.185103 -38.080849 -229.323288
v -78.501488 -38.080849 -229.323288
v -74.306404 -38.080849 -229.323288
v -74.306404 -38.080849 -216.738037
v -78.501488 -38.080849 -216.738037
v -149.817886 -38.080853 -204.152786
v -149.817886 -38.080849 -212.542953
v -128.842468 -38.080849 -212.542953
v -112.062141 -38.080849 -212.542953
v -112.062141 -38.080853 -195.762634
v -149.817886 -38.080853 -195.762634
v 1.205060 -38.080853 -199.957703
v 1.205060 -38.080853 -195.762634
v -32.355595 -38.080853 -195.762634
v -36.550674 -38.080853 -195.762634
v -36.550674 -38.080849 -208.347870
v -32.355595 -38.080849 -208.347870
v 1.205060 -38.080849 -208.347870
v -36.550674 -38.080853 -195.762634
v -91.086731 -38.080853 -195.762634
v -95.281815 -38.080853 -195.762634
v -95.281815 -38.080849 -208.347870
v -40.745758 -38.080849 -208.347870
v -36.550674 -38.080849 -208.347870
v -32.355595 -38.080849 -212.542953
v -23.965431 -38.080849 -212.542953
v -7.185103 -38.080849 -212.542953
v 1.205060 -38.080849 -212.542953
v 1.205060 -38.080849 -208.347870
v -32.355595 -38.080849 -208.347870
v -95.281815 -38.080849 -212.542953
v -78.501488 -38.080849 -212.542953
v -40.745758 -38.080849 -212.542953
v -40.745758 -38.080849 -208.347870
v -95.281815 -38.080849 -208.347870
v -7.185103 -38.080849 -216.738037
v -5.087562 -38.080849 -216.738037
v 1.205060 -38.080849 -216.738037
v 1.205060 -38.080849 -212.542953
v -7.185103 -38.080849 -212.542953
v -32.355595 -38.080849 -216.738037
v -23.965431 -38.080849 -216.738037
v -23.965431 -38.080849 -212.542953
v -32.355595 -38.080849 -212.542953
v -78.501488 -38.080849 -216.738037
v -74.306404 -38.080849 -216.738037
v -57.526085 -38.080849 -216.738037
v -40.745758 -38.080849 -216.738037
v -40.745758 -38.080849 -212.542953
v -78.501488 -38.080849 -212.542953
v -94.233047 -38.080845 -281.237427
v -94.233047 -38.080845 -279.664276
v -95.281815 -38.080845 -279.664276
v -145.622803 -38.080845 -279.664276
v -149.817886 -38.080845 -279.664276
v -149.817886 -38.080845 -283.859344
v -94.233047 -38.080845 -283.859344
v -85.842880 -38.080841 -272.847260
v -85.842880 -38.080845 -281.237427
v -85.842880 -38.080845 -283.859344
v -74.306404 -38.080845 -283.859344
v -74.306404 -38.080845 -268.127777
v -85.842880 -38.080845 -268.127777
v -94.233047 -38.080845 -281.237427
v -94.233047 -38.080845 -283.859344
v -91.086731 -38.080845 -283.859344
v -85.842880 -38.080845 -283.859344
v -85.842880 -38.080845 -281.237427
v -94.233047 -38.080841 -272.847260
v -94.233047 -38.080845 -268.127777
v -95.281815 -38.080845 -268.127777
v -95.281815 -38.080845 -279.664276
v -94.233047 -38.080845 -279.664276
v -85.842880 -38.080845 -268.127777
v -94.233047 -38.080845 -268.127777
v -94.233047 -38.080841 -272.847260
v -85.842880 -38.080841 -272.847260
v -120.452309 -38.080872 -32.154446
v -128.842468 -38.080872 -32.154446
v -149.817886 -38.080872 -32.154446
v -149.817886 -38.080868 -36.349525
v -149.817886 -38.080868 -48.934772
v -95.281815 -38.080868 -48.934772
v -95.281815 -38.080872 -32.154446
v 1.205060 -38.080845 -283.859344
v -6.136333 -38.080845 -283.859344
v -6.136333 -38.080845 -268.127777
v 1.205060 -38.080845 -268.127777
v -32.355595 58.406013 -74.105255
v 1.205060 58.406013 -74.105255
v 1.205060 58.406025 -166.397034
v -32.355595 58.406025 -166.397034
v 1.205060 58.406025 -166.397034
v 1.205060 58.406033 -283.859344
v -32.355595 58.406033 -283.859344
v -32.355595 58.406025 -166.397034
v -149.817886 58.406013 -74.105255
v -91.086731 58.406013 -74.105255
v -32.355595 58.406013 -74.105255
v -32.355595 58.406025 -166.397034
v -149.817886 58.406025 -166.397034
v -32.355595 58.406025 -166.397034
v -32.355595 58.406033 -283.859344
v -91.086731 58.406033 -283.859344
v -149.817886 58.406033 -283.859344
v -149.817886 58.406025 -166.397034
v -23.965431 -21.300528 -170.592133
v -23.965431 -38.080853 -170.592133
v -7.185103 -38.080853 -170.592133
v -7.185103 -21.300528 -170.592133
v -95.281815 -21.300526 -195.762634
v -95.281815 -38.080853 -195.762634
v -112.062141 -38.080853 -195.762634
v -112.062141 -21.300526 -195.762634
v -23.965431 -4.520189 -283.859344
v -40.745758 -4.520189 -283.859344
v -40.745758 12.260138 -283.859344
v -40.745758 45.820789 -283.859344
v -32.355595 45.820789 -283.859344
v -7.185103 45.820789 -283.859344
v -7.185103 -4.520189 -283.859344
v -7.185103 -21.300516 -283.859344
v -7.185103 -4.520189 -283.859344
v -7.185103 45.820789 -283.859344
v 1.205060 45.820789 -283.859344
v 1.205060 -21.300516 -283.859344
v -74.306404 -4.520189 -283.859344
v -74.306404 45.820789 -283.859344
v -57.526085 45.820789 -283.859344
v -57.526085 12.260138 -283.859344
v -57.526085 -4.520189 -283.859344
v -74.306404 -38.080845 -283.859344
v -85.842880 -38.080845 -283.859344
v -91.086731 -38.080845 -283.859344
v -91.086731 -22.894648 -283.859344
v -74.306404 -22.894648 -283.859344
v -91.086731 -22.894648 -283.859344
v -91.086731 45.820789 -283.859344
v -74.306404 45.820789 -283.859344
v -74.306404 -4.520189 -283.859344
v -74.306404 -22.894648 -283.859344
v -91.086731 -38.080845 -283.859344
v -94.233047 -38.080845 -283.859344
v -149.817886 -38.080845 -283.859344
v -149.817886 -22.894648 -283.859344
v -91.086731 -22.894648 -283.859344
v -149.817886 -22.894648 -283.859344
v -149.817886 45.820789 -283.859344
v -91.086731 45.820789 -283.859344
v -91.086731 -22.894648 -283.859344
v -57.526085 12.260138 -283.859344
v -57.526085 45.820789 -283.859344
v -40.745758 45.820789 -283.859344
v -40.745758 12.260138 -283.859344
v 1.205060 45.820789 -283.859344
v -7.185103 45.820789 -283.859344
v -32.355595 45.820789 -283.859344
v -32.355595 58.406033 -283.859344
v 1.205060 58.406033 -283.859344
v -32.355595 45.820789 -283.859344
v -40.745758 45.820789 -283.859344
v -57.526085 45.820789 -283.859344
v -74.306404 45.820789 -283.859344
v -91.086731 45.820789 -283.859344
v -91.086731 58.406033 -283.859344
v -32.355595 58.406033 -283.859344
v -91.086731 45.820789 -283.859344
v -149.817886 45.820789 -283.859344
v -149.817886 58.406033 -283.859344
v -91.086731 58.406033 -283.859344
v -95.281815 -21.300518 -262.883942
v -95.281815 -21.300518 -264.981476
v -95.281815 -21.300518 -273.371643
v -95.281815 -21.300516 -279.664276
v -95.281815 -38.080845 -279.664276
v -95.281815 -38.080845 -268.127777
v -95.281815 -38.080845 -267.079010
v -95.281815 -38.080849 -250.298691
v -95.281815 -38.080849 -246.103607
v -95.281815 -21.300520 -246.103607
v -95.281815 12.260134 -246.103607
v -95.281815 -4.520194 -246.103607
v -95.281815 -4.520195 -229.323288
v -95.281815 12.260132 -229.323288
v -95.281815 -4.520194 -246.103607
v -95.281815 -21.300520 -246.103607
v -95.281815 -38.080849 -246.103607
v -95.281815 -38.080849 -239.810989
v -95.281815 -38.080849 -229.323288
v -95.281815 -21.300522 -229.323288
v -95.281815 -12.910358 -229.323288
v -95.281815 -4.520195 -229.323288
v -95.281815 -21.300524 -212.542953
v -95.281815 -38.080849 -212.542953
v -95.281815 -38.080849 -208.347870
v -95.281815 -38.080853 -195.762634
v -95.281815 -21.300526 -195.762634
v -95.281815 -4.520195 -229.323288
v -95.281815 -12.910358 -229.323288
v -95.281815 -12.910359 -217.786804
v -95.281815 -4.520196 -217.786804
v -95.281815 -12.910359 -217.786804
v -95.281815 -21.300524 -217.786804
v -95.281815 -21.300524 -216.738037
v -95.281815 -21.300524 -212.542953
v -95.281815 -4.520197 -212.542953
v -95.281815 -4.520196 -217.786804
v -23.965431 -21.300524 -212.542953
v -23.965431 -38.080849 -212.542953
v -23.965431 -38.080849 -216.738037
v -23.965431 -21.300524 -216.738037
v -23.965431 -21.300520 -250.298691
v -23.965431 -21.300520 -267.079010
v -23.965431 -38.080845 -267.079010
v -23.965431 -38.080849 -250.298691
v -23.965431 -38.080849 -233.518356
v -23.965431 -21.300522 -233.518356
v -23.965431 -4.520195 -233.518356
v -23.965431 -21.300522 -233.518356
v -23.965431 -38.080849 -233.518356
v -23.965431 -38.080849 -229.323288
v -23.965431 -21.300522 -229.323288
v -23.965431 -4.520195 -229.323288
v -23.965431 -21.300524 -216.738037
v -23.965431 -4.520196 -216.738037
v -23.965431 -4.520195 -229.323288
v -23.965431 -21.300522 -229.323288
v -5.087562 -4.520193 -250.298691
v -5.087562 -21.300520 -250.298691
v 1.205060 -21.300520 -250.298691
v 1.205060 -4.520193 -250.298691
v -19.770350 -29.690683 -250.298691
v -19.770350 -38.080849 -250.298691
v -11.380185 -38.080849 -250.298691
v -11.380185 -29.690683 -250.298691
v -5.087562 -21.300520 -250.298691
v -5.087562 -38.080849 -250.298691
v 1.205060 -38.080849 -250.298691
v 1.205060 -21.300520 -250.298691
v -7.185103 -4.520191 -267.079010
v -23.965431 -4.520191 -267.079010
v -23.965431 -4.520189 -283.859344
v -7.185103 -4.520189 -283.859344
v -7.185103 -4.520191 -267.079010
v -7.185103 -21.300520 -267.079010
v -7.185103 -38.080845 -267.079010
v -23.965431 -38.080845 -267.079010
v -23.965431 -21.300520 -267.079010
v -23.965431 -4.520191 -267.079010
v 1.205060 -38.080845 -267.079010
v -7.185103 -38.080845 -267.079010
v -7.185103 -21.300520 -267.079010
v 1.205060 -21.300520 -267.079010
v -7.185103 -21.300516 -283.859344
v 1.205060 -21.300516 -283.859344
v 1.205060 -21.300518 -275.469177
v 1.205060 -21.300520 -267.079010
v -7.185103 -21.300520 -267.079010
v -7.185103 -4.520189 -283.859344
v -7.185103 -21.300516 -283.859344
v -7.185103 -21.300520 -267.079010
v -7.185103 -4.520191 -267.079010
v -5.087562 57.881645 -233.518341
v -5.087562 57.881645 -229.323273
v -7.185103 57.881645 -229.323273
v -15.575267 57.881645 -229.323273
v -15.575267 57.881645 -239.810974
v -5.087562 57.881645 -239.810974
v -7.185103 -21.300524 -212.542953
v -7.185103 -38.080849 -212.542953
v -23.965431 -38.080849 -212.542953
v -23.965431 -21.300524 -212.542953
v -5.087562 -12.910358 -229.323288
v -5.087562 -0.849498 -229.323288
v -5.087562 -0.849499 -233.518356
v -5.087562 -4.520195 -233.518356
v -5.087562 -12.910357 -233.518356
v -5.087562 -0.849498 -229.323288
v -5.087562 57.881645 -229.323273
v -5.087562 57.881645 -233.518341
v -5.087562 -0.849499 -233.518356
v -5.087562 57.881645 -239.810974
v -5.087562 -0.849498 -239.810989
v -5.087562 -4.520194 -239.810989
v -5.087562 -4.520195 -233.518356
v -5.087562 -0.849499 -233.518356
v -5.087562 57.881645 -233.518341
v -5.087562 -12.910359 -225.128204
v -5.087562 -21.300522 -225.128204
v -5.087562 -21.300522 -229.323288
v -5.087562 -12.910358 -229.323288
v -5.087562 -21.300520 -239.810989
v -5.087562 -21.300520 -250.298691
v -5.087562 -4.520193 -250.298691
v -5.087562 -4.520194 -239.810989
v -5.087562 -21.300522 -225.128204
v -5.087562 -21.300524 -216.738037
v -5.087562 -38.080849 -216.738037
v -5.087562 -38.080849 -229.323288
v -5.087562 -21.300522 -229.323288
v -5.087562 -38.080849 -239.810989
v -5.087562 -38.080849 -250.298691
v -5.087562 -21.300520 -250.298691
v -5.087562 -21.300520 -239.810989
v 1.205060 -4.520195 -233.518356
v -5.087562 -4.520195 -233.518356
v -5.087562 -4.520194 -239.810989
v -5.087562 -4.520193 -250.298691
v 1.205060 -4.520193 -250.298691
v -5.087562 -12.910357 -233.518356
v -5.087562 -4.520195 -233.518356
v 1.205060 -4.520195 -233.518356
v 1.205060 -12.910357 -233.518356
v 1.205060 -21.300524 -216.738037
v -5.087562 -21.300524 -216.738037
v -5.087562 -21.300522 -225.128204
v 1.205060 -21.300522 -225.128204
v 1.205060 -21.300522 -225.128204
v -5.087562 -21.300522 -225.128204
v -5.087562 -12.910359 -225.128204
v 1.205060 -12.910359 -225.128204
v -5.087562 -12.910359 -225.128204
v -5.087562 -12.910358 -229.323288
v -5.087562 -12.910357 -233.518356
v 1.205060 -12.910357 -233.518356
v 1.205060 -12.910359 -225.128204
v 1.205060 -38.080849 -216.738037
v -5.087562 -38.080849 -216.738037
v -5.087562 -21.300524 -216.738037
v 1.205060 -21.300524 -216.738037
v -23.965431 -21.300522 -229.323288
v -23.965431 -38.080849 -229.323288
v -15.575267 -38.080849 -229.323288
v -15.575267 -21.300522 -229.323288
v -15.575267 -21.300522 -229.323288
v -15.575267 -0.849498 -229.323288
v -7.185103 -0.849498 -229.323288
v -7.185103 -21.300522 -229.323288
v -15.575267 -0.849498 -229.323288
v -15.575267 57.881645 -229.323273
v -7.185103 57.881645 -229.323273
v -7.185103 -0.849498 -229.323288
v -5.087562 -0.849498 -229.323288
v -5.087562 -12.910358 -229.323288
v -5.087562 -21.300522 -229.323288
v -5.087562 -38.080849 -229.323288
v -7.185103 -38.080849 -229.323288
v -7.185103 -21.300522 -229.323288
v -7.185103 -0.849498 -229.323288
v -5.087562 57.881645 -229.323273
v -5.087562 -0.849498 -229.323288
v -7.185103 -0.849498 -229.323288
v -7.185103 57.881645 -229.323273
v -15.575267 -0.849498 -239.810989
v -15.575267 -38.080849 -239.810989
v -11.380185 -38.080849 -239.810989
v -5.087562 -38.080849 -239.810989
v -5.087562 -21.300520 -239.810989
v -5.087562 -4.520194 -239.810989
v -5.087562 -0.849498 -239.810989
v -15.575267 57.881645 -239.810974
v -15.575267 -0.849498 -239.810989
v -5.087562 -0.849498 -239.810989
v -5.087562 57.881645 -239.810974
v -19.770350 -29.690685 -241.908524
v -19.770350 -29.690683 -250.298691
v -11.380185 -29.690683 -250.298691
v -11.380185 -29.690685 -241.908524
v -11.380185 -29.690683 -250.298691
v -11.380185 -38.080849 -250.298691
v -11.380185 -38.080849 -241.908524
v -11.380185 -29.690685 -241.908524
v -19.770350 -29.690685 -241.908524
v -19.770350 -38.080849 -241.908524
v -19.770350 -38.080849 -250.298691
v -19.770350 -29.690683 -250.298691
v -11.380185 -29.690685 -241.908524
v -11.380185 -38.080849 -241.908524
v -19.770350 -38.080849 -241.908524
v -19.770350 -29.690685 -241.908524
v -15.575267 -0.849498 -229.323288
v -15.575267 -21.300522 -229.323288
v -15.575267 -38.080849 -229.323288
v -15.575267 -38.080849 -233.518356
v -15.575267 -38.080849 -239.810989
v -15.575267 -0.849498 -239.810989
v -15.575267 57.881645 -229.323273
v -15.575267 -0.849498 -229.323288
v -15.575267 -0.849498 -239.810989
v -15.575267 57.881645 -239.810974
v -7.185103 -21.300524 -212.542953
v -23.965431 -21.300524 -212.542953
v -23.965431 -21.300524 -216.738037
v -23.965431 -21.300522 -229.323288
v -15.575267 -21.300522 -229.323288
v -7.185103 -21.300522 -229.323288
v -7.185103 -21.300522 -229.323288
v -7.185103 -38.080849 -229.323288
v -7.185103 -38.080849 -216.738037
v -7.185103 -38.080849 -212.542953
v -7.185103 -21.300524 -212.542953
v -23.965431 -4.520191 -267.079010
v -23.965431 -21.300520 -267.079010
v -40.745758 -21.300520 -267.079010
v -40.745758 -4.520191 -267.079010
v -57.526085 -38.080845 -267.079010
v -61.721165 -38.080845 -267.079010
v -70.111328 -38.080845 -267.079010
v -74.306404 -38.080845 -267.079010
v -74.306404 -4.520191 -267.079010
v -57.526085 -4.520191 -267.079010
v -40.745758 12.260136 -267.079010
v -40.745758 -4.520191 -267.079010
v -57.526085 -4.520191 -267.079010
v -57.526085 12.260136 -267.079010
v -40.745758 12.260136 -267.079010
v -57.526085 12.260136 -267.079010
v -57.526085 12.260138 -283.859344
v -40.745758 12.260138 -283.859344
v -57.526085 12.260136 -267.079010
v -57.526085 -4.520191 -267.079010
v -57.526085 -4.520189 -283.859344
v -57.526085 12.260138 -283.859344
v -23.965431 -4.520191 -267.079010
v -40.745758 -4.520191 -267.079010
v -40.745758 -4.520189 -283.859344
v -23.965431 -4.520189 -283.859344
v -40.745758 12.260138 -283.859344
v -40.745758 -4.520189 -283.859344
v -40.745758 -4.520191 -267.079010
v -40.745758 12.260136 -267.079010
v -57.526085 -4.520191 -267.079010
v -74.306404 -4.520191 -267.079010
v -74.306404 -4.520189 -283.859344
v -57.526085 -4.520189 -283.859344
v -74.306404 -4.520191 -267.079010
v -74.306404 -38.080845 -267.079010
v -74.306404 -38.080845 -268.127777
v -74.306404 -38.080845 -283.859344
v -74.306404 -22.894648 -283.859344
v -74.306404 -4.520189 -283.859344
v -94.233047 -29.690681 -272.847260
v -94.233047 -29.690680 -281.237427
v -85.842880 -29.690680 -281.237427
v -85.842880 -29.690681 -272.847260
v -85.842880 -29.690680 -281.237427
v -85.842880 -38.080845 -281.237427
v -85.842880 -38.080841 -272.847260
v -85.842880 -29.690681 -272.847260
v -85.842880 -29.690681 -272.847260
v -85.842880 -38.080841 -272.847260
v -94.233047 -38.080841 -272.847260
v -94.233047 -29.690681 -272.847260
v -94.233047 -29.690680 -281.237427
v -94.233047 -38.080845 -281.237427
v -85.842880 -38.080845 -281.237427
v -85.842880 -29.690680 -281.237427
v -94.233047 -29.690681 -272.847260
v -94.233047 -38.080841 -272.847260
v -94.233047 -38.080845 -279.664276
v -94.233047 -38.080845 -281.237427
v -94.233047 -29.690680 -281.237427
v -71.684479 58.143837 -207.823471
v -72.733253 58.143837 -207.823471
v -72.733253 58.143837 -208.872238
v -71.684479 58.143837 -208.872238
v -53.331001 29.040455 -200.482101
v -53.331001 26.942913 -200.482101
v -91.086731 26.942913 -200.482101
v -91.086731 29.040455 -200.482101
v -40.745758 -4.520193 -250.298691
v -40.745758 -21.300520 -250.298691
v -57.526085 -21.300520 -250.298691
v -57.526085 -4.520193 -250.298691
v -74.306404 -21.300520 -250.298691
v -74.306404 -38.080849 -250.298691
v -70.111328 -38.080849 -250.298691
v -61.721165 -38.080849 -250.298691
v -57.526085 -38.080849 -250.298691
v -57.526085 -21.300520 -250.298691
v -40.745758 -4.520193 -250.298691
v -57.526085 -4.520193 -250.298691
v -57.526085 -4.520191 -267.079010
v -40.745758 -4.520191 -267.079010
v -61.721165 -29.690681 -260.786407
v -61.721165 -38.080845 -260.786407
v -61.721165 -38.080845 -252.396225
v -61.721165 -29.690683 -252.396225
v -40.745758 -4.520191 -267.079010
v -40.745758 -21.300520 -267.079010
v -40.745758 -21.300520 -250.298691
v -40.745758 -4.520193 -250.298691
v -40.745758 -21.300520 -250.298691
v -40.745758 -21.300520 -267.079010
v -23.965431 -21.300520 -267.079010
v -23.965431 -21.300520 -250.298691
v -57.526085 -4.520193 -250.298691
v -57.526085 -21.300520 -250.298691
v -57.526085 -38.080849 -250.298691
v -57.526085 -38.080845 -267.079010
v -57.526085 -4.520191 -267.079010
v -70.111328 -29.690683 -252.396225
v -70.111328 -29.690681 -260.786407
v -61.721165 -29.690681 -260.786407
v -61.721165 -29.690683 -252.396225
v -70.111328 -29.690683 -252.396225
v -70.111328 -38.080845 -252.396225
v -70.111328 -38.080845 -260.786407
v -70.111328 -29.690681 -260.786407
v -70.111328 -29.690681 -260.786407
v -70.111328 -38.080845 -260.786407
v -61.721165 -38.080845 -260.786407
v -61.721165 -29.690681 -260.786407
v -61.721165 -29.690683 -252.396225
v -61.721165 -38.080845 -252.396225
v -70.111328 -38.080845 -252.396225
v -70.111328 -29.690683 -252.396225
v -40.745758 -29.690687 -208.347870
v -40.745758 -38.080849 -208.347870
v -40.745758 -38.080849 -212.542953
v -40.745758 -38.080849 -216.738037
v -40.745758 -29.690687 -216.738037
v -40.745758 -4.520195 -233.518356
v -23.965431 -4.520195 -233.518356
v -23.965431 -4.520195 -229.323288
v -23.965431 -4.520196 -216.738037
v -32.355595 -4.520196 -216.738037
v -40.745758 -4.520196 -216.738037
v -40.745758 -21.300522 -233.518356
v -23.965431 -21.300522 -233.518356
v -23.965431 -4.520195 -233.518356
v -40.745758 -4.520195 -233.518356
v -23.965431 -21.300522 -233.518356
v -40.745758 -21.300522 -233.518356
v -40.745758 -21.300520 -250.298691
v -23.965431 -21.300520 -250.298691
v -40.745758 -29.690687 -216.738037
v -40.745758 -4.520196 -216.738037
v -32.355595 -4.520196 -216.738037
v -32.355595 -29.690687 -216.738037
v -23.965431 -4.520196 -216.738037
v -23.965431 -21.300524 -216.738037
v -23.965431 -38.080849 -216.738037
v -32.355595 -38.080849 -216.738037
v -32.355595 -29.690687 -216.738037
v -32.355595 -4.520196 -216.738037
v -32.355595 -29.690687 -208.347870
v -40.745758 -29.690687 -208.347870
v -40.745758 -29.690687 -216.738037
v -32.355595 -29.690687 -216.738037
v -32.355595 -29.690687 -216.738037
v -32.355595 -38.080849 -216.738037
v -32.355595 -38.080849 -212.542953
v -32.355595 -38.080849 -208.347870
v -32.355595 -29.690687 -208.347870
v -32.355595 -29.690687 -208.347870
v -32.355595 -38.080849 -208.347870
v -36.550674 -38.080849 -208.347870
v -40.745758 -38.080849 -208.347870
v -40.745758 -29.690687 -208.347870
v -40.745758 -4.520196 -216.738037
v -40.745758 -29.690687 -216.738037
v -40.745758 -38.080849 -216.738037
v -57.526085 -38.080849 -216.738037
v -57.526085 -21.300524 -216.738037
v -57.526085 -4.520196 -216.738037
v -57.526085 -21.300524 -216.738037
v -57.526085 -38.080849 -216.738037
v -74.306404 -38.080849 -216.738037
v -74.306404 -21.300524 -216.738037
v -74.306404 57.881645 -229.323273
v -78.501488 57.881645 -229.323273
v -83.745338 57.881645 -229.323273
v -84.794113 57.881645 -229.323273
v -84.794113 57.881645 -239.810974
v -74.306404 57.881645 -239.810974
v -74.306404 -38.080849 -239.810989
v -74.306404 -38.080849 -250.298691
v -74.306404 -21.300520 -250.298691
v -74.306404 -21.300520 -239.810989
v -74.306404 -21.300524 -216.738037
v -74.306404 -38.080849 -216.738037
v -74.306404 -38.080849 -229.323288
v -74.306404 -21.300522 -229.323288
v -74.306404 -0.849498 -239.810989
v -74.306404 -21.300520 -239.810989
v -74.306404 -21.300522 -229.323288
v -74.306404 -0.849498 -229.323288
v -74.306404 57.881645 -239.810974
v -74.306404 -0.849498 -239.810989
v -74.306404 -0.849498 -229.323288
v -74.306404 57.881645 -229.323273
v -57.526085 -4.520196 -216.738037
v -57.526085 -4.520195 -233.518356
v -40.745758 -4.520195 -233.518356
v -40.745758 -4.520196 -216.738037
v -57.526085 -4.520196 -216.738037
v -57.526085 -21.300524 -216.738037
v -57.526085 -21.300522 -233.518356
v -57.526085 -4.520195 -233.518356
v -40.745758 -21.300522 -233.518356
v -57.526085 -21.300522 -233.518356
v -57.526085 -21.300520 -250.298691
v -40.745758 -21.300520 -250.298691
v -57.526085 -4.520195 -233.518356
v -57.526085 -21.300522 -233.518356
v -40.745758 -21.300522 -233.518356
v -40.745758 -4.520195 -233.518356
v -57.526085 -21.300522 -233.518356
v -57.526085 -21.300524 -216.738037
v -74.306404 -21.300524 -216.738037
v -74.306404 -21.300522 -229.323288
v -74.306404 -21.300520 -239.810989
v -74.306404 -21.300520 -250.298691
v -57.526085 -21.300520 -250.298691
v -95.281815 -12.910358 -229.323288
v -95.281815 -21.300522 -229.323288
v -84.794113 -21.300522 -229.323288
v -84.794113 -12.910358 -229.323288
v -95.281815 -21.300522 -229.323288
v -95.281815 -38.080849 -229.323288
v -84.794113 -38.080849 -229.323288
v -84.794113 -21.300522 -229.323288
v -74.306404 -0.849498 -229.323288
v -74.306404 -21.300522 -229.323288
v -74.306404 -38.080849 -229.323288
v -78.501488 -38.080849 -229.323288
v -78.501488 -21.300522 -229.323288
v -78.501488 -0.849498 -229.323288
v -74.306404 57.881645 -229.323273
v -74.306404 -0.849498 -229.323288
v -78.501488 -0.849498 -229.323288
v -78.501488 57.881645 -229.323273
v -84.794113 -12.910358 -229.323288
v -84.794113 -0.849498 -229.323288
v -83.745338 -0.849498 -229.323288
v -83.745338 -12.910358 -229.323288
v -84.794113 -0.849498 -229.323288
v -84.794113 57.881645 -229.323273
v -83.745338 57.881645 -229.323273
v -83.745338 -0.849498 -229.323288
v -78.501488 -0.849498 -229.323288
v -78.501488 -21.300522 -229.323288
v -83.745338 -21.300522 -229.323288
v -83.745338 -12.910358 -229.323288
v -83.745338 -0.849498 -229.323288
v -83.745338 57.881645 -229.323273
v -78.501488 57.881645 -229.323273
v -78.501488 -0.849498 -229.323288
v -83.745338 -0.849498 -229.323288
v -84.794113 -0.849498 -229.323288
v -84.794113 -12.910358 -229.323288
v -84.794113 -21.300522 -229.323288
v -84.794113 -38.080849 -229.323288
v -84.794113 -38.080849 -239.810989
v -84.794113 -0.849498 -239.810989
v -84.794113 57.881645 -229.323273
v -84.794113 -0.849498 -229.323288
v -84.794113 -0.849498 -239.810989
v -84.794113 57.881645 -239.810974
v -84.794113 -0.849498 -239.810989
v -84.794113 -38.080849 -239.810989
v -74.306404 -38.080849 -239.810989
v -74.306404 -21.300520 -239.810989
v -74.306404 -0.849498 -239.810989
v -84.794113 57.881645 -239.810974
v -84.794113 -0.849498 -239.810989
v -74.306404 -0.849498 -239.810989
v -74.306404 57.881645 -239.810974
v -95.281815 -12.910359 -217.786804
v -95.281815 -12.910358 -229.323288
v -84.794113 -12.910358 -229.323288
v -83.745338 -12.910358 -229.323288
v -83.745338 -12.910359 -217.786804
v -95.281815 -21.300524 -216.738037
v -95.281815 -21.300524 -217.786804
v -83.745338 -21.300524 -217.786804
v -83.745338 -21.300524 -216.738037
v -83.745338 -21.300524 -217.786804
v -83.745338 -21.300522 -229.323288
v -78.501488 -21.300522 -229.323288
v -78.501488 -21.300524 -216.738037
v -83.745338 -21.300524 -216.738037
v -83.745338 -12.910358 -229.323288
v -83.745338 -21.300522 -229.323288
v -83.745338 -21.300524 -217.786804
v -83.745338 -12.910359 -217.786804
v -83.745338 -12.910359 -217.786804
v -83.745338 -21.300524 -217.786804
v -95.281815 -21.300524 -217.786804
v -95.281815 -12.910359 -217.786804
v -78.501488 -21.300522 -229.323288
v -78.501488 -38.080849 -229.323288
v -78.501488 -38.080849 -216.738037
v -78.501488 -21.300524 -216.738037
v -53.331001 26.942915 -216.213654
v -91.086731 26.942915 -216.213654
v -91.086731 26.942913 -200.482101
v -53.331001 26.942913 -200.482101
v -53.331001 29.040457 -216.213654
v -53.331001 26.942915 -216.213654
v -53.331001 26.942913 -200.482101
v -53.331001 29.040455 -200.482101
v -91.086731 29.040455 -200.482101
v -91.086731 26.942913 -200.482101
v -91.086731 26.942915 -216.213654
v -91.086731 29.040457 -216.213654
v -71.684479 29.302649 -208.872253
v -72.733253 29.302649 -208.872253
v -72.733253 29.302649 -207.823486
v -71.684479 29.302649 -207.823486
v -71.684479 58.143837 -208.872238
v -71.684479 29.302649 -208.872253
v -71.684479 29.302649 -207.823486
v -71.684479 58.143837 -207.823471
v -72.733253 58.143837 -207.823471
v -72.733253 29.302649 -207.823486
v -72.733253 29.302649 -208.872253
v -72.733253 58.143837 -208.872238
v -72.733253 58.143837 -208.872238
v -72.733253 29.302649 -208.872253
v -71.684479 29.302649 -208.872253
v -71.684479 58.143837 -208.872238
v -71.684479 58.143837 -207.823471
v -71.684479 29.302649 -207.823486
v -72.733253 29.302649 -207.823486
v -72.733253 58.143837 -207.823471
v -91.086731 29.040457 -216.213654
v -91.086731 26.942915 -216.213654
v -53.331001 26.942915 -216.213654
v -53.331001 29.040457 -216.213654
v -53.331001 29.040455 -200.482101
v -91.086731 29.040455 -200.482101
v -91.086731 29.040457 -216.213654
v -53.331001 29.040457 -216.213654
v -95.281815 -21.300524 -212.542953
v -95.281815 -21.300524 -216.738037
v -83.745338 -21.300524 -216.738037
v -78.501488 -21.300524 -216.738037
v -78.501488 -21.300524 -212.542953
v -78.501488 -38.080849 -216.738037
v -78.501488 -38.080849 -212.542953
v -78.501488 -21.300524 -212.542953
v -78.501488 -21.300524 -216.738037
v -78.501488 -21.300524 -212.542953
v -78.501488 -38.080849 -212.542953
v -95.281815 -38.080849 -212.542953
v -95.281815 -21.300524 -212.542953
v -128.842468 12.260134 -246.103607
v -128.842468 12.260132 -229.323288
v -145.622803 12.260132 -229.323288
v -145.622803 12.260135 -262.883942
v -128.842468 12.260135 -262.883942
v -95.281815 12.260132 -229.323288
v -112.062141 12.260132 -229.323288
v -112.062141 12.260134 -246.103607
v -95.281815 12.260134 -246.103607
v -112.062141 -21.300524 -212.542953
v -128.842468 -21.300524 -212.542953
v -128.842468 -4.520197 -212.542953
v -95.281815 -4.520197 -212.542953
v -95.281815 -21.300524 -212.542953
v -128.842468 -21.300524 -212.542953
v -128.842468 -38.080849 -212.542953
v -149.817886 -38.080849 -212.542953
v -149.817886 -21.300524 -212.542953
v -149.817886 -38.080845 -279.664276
v -145.622803 -38.080845 -279.664276
v -145.622803 -21.300516 -279.664276
v -145.622803 -4.520190 -279.664276
v -149.817886 -4.520190 -279.664276
v -145.622803 -21.300516 -279.664276
v -145.622803 -38.080845 -279.664276
v -95.281815 -38.080845 -279.664276
v -95.281815 -21.300516 -279.664276
v -128.842468 -4.520195 -229.323288
v -128.842468 -21.300522 -229.323288
v -112.062141 -21.300522 -229.323288
v -112.062141 -4.520195 -229.323288
v -145.622803 -4.520195 -229.323288
v -145.622803 -21.300522 -229.323288
v -149.817886 -21.300522 -229.323288
v -149.817886 -4.520195 -229.323288
v -128.842468 12.260132 -229.323288
v -128.842468 -4.520195 -229.323288
v -128.842468 -21.300522 -229.323288
v -145.622803 -21.300522 -229.323288
v -145.622803 -4.520195 -229.323288
v -145.622803 12.260132 -229.323288
v -95.281815 12.260132 -229.323288
v -95.281815 -4.520195 -229.323288
v -112.062141 -4.520195 -229.323288
v -112.062141 12.260132 -229.323288
v -145.622803 12.260132 -229.323288
v -145.622803 -4.520195 -229.323288
v -145.622803 -4.520192 -262.883942
v -145.622803 12.260135 -262.883942
v -145.622803 -4.520190 -279.664276
v -145.622803 -21.300516 -279.664276
v -145.622803 -21.300518 -273.371643
v -145.622803 -21.300518 -264.981476
v -145.622803 -21.300518 -262.883942
v -145.622803 -4.520192 -262.883942
v -112.062141 -38.080849 -246.103607
v -128.842468 -38.080849 -246.103607
v -128.842468 -21.300520 -246.103607
v -112.062141 -21.300520 -246.103607
v -112.062141 -4.520194 -246.103607
v -112.062141 -21.300520 -246.103607
v -128.842468 -21.300520 -246.103607
v -128.842468 -4.520194 -246.103607
v -112.062141 12.260134 -246.103607
v -112.062141 -4.520194 -246.103607
v -95.281815 -4.520194 -246.103607
v -95.281815 12.260134 -246.103607
v -112.062141 -4.520194 -246.103607
v -112.062141 -21.300520 -246.103607
v -95.281815 -21.300520 -246.103607
v -95.281815 -4.520194 -246.103607
v -145.622803 -21.300518 -264.981476
v -145.622803 -21.300518 -273.371643
v -143.525269 -21.300518 -273.371643
v -143.525269 -21.300518 -264.981476
v -135.135101 -21.300518 -273.371643
v -95.281815 -21.300518 -273.371643
v -95.281815 -21.300518 -264.981476
v -135.135101 -21.300518 -264.981476
v -135.135101 -21.300518 -273.371643
v -143.525269 -21.300518 -273.371643
v -145.622803 -21.300518 -273.371643
v -145.622803 -21.300516 -279.664276
v -95.281815 -21.300516 -279.664276
v -95.281815 -21.300518 -273.371643
v -112.062141 -21.300518 -262.883942
v -128.842468 -21.300518 -262.883942
v -145.622803 -21.300518 -262.883942
v -145.622803 -21.300518 -264.981476
v -143.525269 -21.300518 -264.981476
v -135.135101 -21.300518 -264.981476
v -95.281815 -21.300518 -264.981476
v -95.281815 -21.300518 -262.883942
v -95.281815 -21.300520 -246.103607
v -112.062141 -21.300520 -246.103607
v -112.062141 -21.300518 -262.883942
v -95.281815 -21.300518 -262.883942
v -112.062141 -4.520192 -262.883942
v -112.062141 -21.300518 -262.883942
v -112.062141 -21.300520 -246.103607
v -112.062141 -4.520194 -246.103607
v -128.842468 -4.520192 -262.883942
v -128.842468 -21.300518 -262.883942
v -112.062141 -21.300518 -262.883942
v -112.062141 -4.520192 -262.883942
v -145.622803 12.260135 -262.883942
v -145.622803 -4.520192 -262.883942
v -145.622803 -21.300518 -262.883942
v -128.842468 -21.300518 -262.883942
v -128.842468 -4.520192 -262.883942
v -128.842468 12.260135 -262.883942
v -135.135101 -19.202978 -273.371643
v -135.135101 -21.300518 -273.371643
v -135.135101 -21.300518 -264.981476
v -135.135101 -19.202978 -264.981476
v -135.135101 -12.910355 -264.981476
v -135.135101 -12.910355 -273.371643
v -135.135101 -12.910355 -264.981476
v -143.525269 -12.910355 -264.981476
v -143.525269 -12.910355 -273.371643
v -135.135101 -12.910355 -273.371643
v -143.525269 -12.910355 -273.371643
v -143.525269 -19.202978 -273.371643
v -135.135101 -19.202978 -273.371643
v -135.135101 -12.910355 -273.371643
v -135.135101 -21.300518 -273.371643
v -135.135101 -19.202978 -273.371643
v -143.525269 -19.202978 -273.371643
v -143.525269 -21.300518 -273.371643
v -143.525269 -21.300518 -273.371643
v -143.525269 -19.202978 -273.371643
v -143.525269 -19.202978 -264.981476
v -143.525269 -21.300518 -264.981476
v -143.525269 -12.910355 -264.981476
v -143.525269 -19.202978 -264.981476
v -143.525269 -19.202978 -273.371643
v -143.525269 -12.910355 -273.371643
v -143.525269 -21.300518 -264.981476
v -143.525269 -19.202978 -264.981476
v -135.135101 -19.202978 -264.981476
v -135.135101 -21.300518 -264.981476
v -135.135101 -12.910355 -264.981476
v -135.135101 -19.202978 -264.981476
v -143.525269 -19.202978 -264.981476
v -143.525269 -12.910355 -264.981476
v -128.842468 12.260135 -262.883942
v -128.842468 -4.520192 -262.883942
v -128.842468 -4.520194 -246.103607
v -128.842468 12.260134 -246.103607
v -112.062141 -4.520194 -246.103607
v -128.842468 -4.520194 -246.103607
v -128.842468 -4.520192 -262.883942
v -112.062141 -4.520192 -262.883942
v -128.842468 -4.520194 -246.103607
v -128.842468 -21.300520 -246.103607
v -128.842468 -38.080849 -246.103607
v -128.842468 -38.080849 -229.323288
v -128.842468 -21.300522 -229.323288
v -128.842468 -4.520195 -229.323288
v -128.842468 12.260132 -229.323288
v -128.842468 12.260134 -246.103607
v -112.062141 -4.520195 -229.323288
v -112.062141 -21.300522 -229.323288
v -112.062141 -38.080849 -229.323288
v -112.062141 -38.080849 -246.103607
v -112.062141 -21.300520 -246.103607
v -112.062141 -4.520194 -246.103607
v -112.062141 12.260132 -229.323288
v -112.062141 -4.520195 -229.323288
v -112.062141 -4.520194 -246.103607
v -112.062141 12.260134 -246.103607
v -145.622803 -4.520192 -262.883942
v -145.622803 -4.520195 -229.323288
v -149.817886 -4.520195 -229.323288
v -149.817886 -4.520190 -279.664276
v -145.622803 -4.520190 -279.664276
v -128.842468 -4.520197 -212.542953
v -128.842468 -21.300524 -212.542953
v -128.842468 -21.300524 -216.738037
v -128.842468 -21.300522 -225.128204
v -128.842468 -21.300522 -229.323288
v -128.842468 -4.520195 -229.323288
v -128.842468 -38.080849 -229.323288
v -128.842468 -38.080849 -212.542953
v -128.842468 -21.300524 -212.542953
v -128.842468 -21.300524 -216.738037
v -128.842468 -21.300522 -225.128204
v -128.842468 -21.300522 -229.323288
v -112.062141 -21.300522 -229.323288
v -128.842468 -21.300522 -229.323288
v -128.842468 -21.300522 -225.128204
v -128.842468 -21.300524 -216.738037
v -128.842468 -21.300524 -212.542953
v -112.062141 -21.300524 -212.542953
v -128.842468 -4.520197 -212.542953
v -128.842468 -4.520195 -229.323288
v -112.062141 -4.520195 -229.323288
v -95.281815 -4.520195 -229.323288
v -95.281815 -4.520196 -217.786804
v -95.281815 -4.520197 -212.542953
v -112.062141 -21.300524 -212.542953
v -112.062141 -38.080849 -212.542953
v -112.062141 -38.080849 -229.323288
v -112.062141 -21.300522 -229.323288
v -133.037552 -12.910359 -216.738037
v -141.427719 -12.910359 -216.738037
v -141.427719 -12.910359 -225.128204
v -133.037552 -12.910359 -225.128204
v -149.817886 -21.300522 -225.128204
v -141.427719 -21.300522 -225.128204
v -141.427719 -21.300524 -216.738037
v -149.817886 -21.300524 -216.738037
v -133.037552 -21.300522 -225.128204
v -128.842468 -21.300522 -225.128204
v -128.842468 -21.300524 -216.738037
v -133.037552 -21.300524 -216.738037
v -149.817886 -21.300522 -229.323288
v -145.622803 -21.300522 -229.323288
v -128.842468 -21.300522 -229.323288
v -128.842468 -21.300522 -225.128204
v -133.037552 -21.300522 -225.128204
v -141.427719 -21.300522 -225.128204
v -149.817886 -21.300522 -225.128204
v -128.842468 -21.300524 -212.542953
v -149.817886 -21.300524 -212.542953
v -149.817886 -21.300524 -216.738037
v -141.427719 -21.300524 -216.738037
v -133.037552 -21.300524 -216.738037
v -128.842468 -21.300524 -216.738037
v -141.427719 -12.910359 -216.738037
v -141.427719 -21.300524 -216.738037
v -141.427719 -21.300522 -225.128204
v -141.427719 -12.910359 -225.128204
v -133.037552 -12.910359 -216.738037
v -133.037552 -21.300524 -216.738037
v -141.427719 -21.300524 -216.738037
v -141.427719 -12.910359 -216.738037
v -133.037552 -12.910359 -225.128204
v -133.037552 -21.300522 -225.128204
v -133.037552 -21.300524 -216.738037
v -133.037552 -12.910359 -216.738037
v -141.427719 -12.910359 -225.128204
v -141.427719 -21.300522 -225.128204
v -133.037552 -21.300522 -225.128204
v -133.037552 -12.910359 -225.128204
v -112.062141 -21.300526 -195.762634
v -112.062141 -38.080853 -195.762634
v -112.062141 -38.080849 -212.542953
v -112.062141 -21.300524 -212.542953
v -95.281815 -21.300526 -195.762634
v -112.062141 -21.300526 -195.762634
v -112.062141 -21.300524 -212.542953
v -95.281815 -21.300524 -212.542953
v -61.721165 8.065035 -74.105255
v -61.721165 45.820770 -74.105247
v -78.501488 45.820770 -74.105247
v -78.501488 8.065035 -74.105255
v -91.086731 5.967493 -74.105255
v -78.501488 5.967493 -74.105255
v -78.501488 8.065035 -74.105255
v -78.501488 45.820770 -74.105247
v -91.086731 45.820770 -74.105247
v -149.817886 5.967493 -74.105255
v -141.952103 5.967493 -74.105255
v -133.561935 5.967493 -74.105255
v -93.184273 5.967493 -74.105255
v -91.086731 5.967493 -74.105255
v -91.086731 45.820770 -74.105247
v -149.817886 45.820770 -74.105247
v -61.721165 8.065035 -74.105255
v -61.721165 5.967493 -74.105255
v -49.135921 5.967493 -74.105255
v -44.940838 5.967493 -74.105255
v -28.160513 5.967493 -74.105255
v -19.770350 5.967493 -74.105255
v -11.380185 5.967493 -74.105255
v 1.205060 5.967493 -74.105255
v 1.205060 45.820770 -74.105247
v -32.355595 45.820770 -74.105247
v -61.721165 45.820770 -74.105247
v -49.135921 5.967493 -74.105255
v -53.331001 1.772412 -74.105255
v -53.331001 -38.080864 -74.105263
v -49.135921 -38.080864 -74.105263
v -93.184273 -38.080864 -74.105263
v -88.989197 -38.080864 -74.105263
v -88.989197 1.772412 -74.105255
v -93.184273 5.967493 -74.105255
v -61.721165 5.967493 -74.105255
v -78.501488 5.967493 -74.105255
v -91.086731 5.967493 -74.105255
v -93.184273 5.967493 -74.105255
v -88.989197 1.772412 -74.105255
v -53.331001 1.772412 -74.105255
v -49.135921 5.967493 -74.105255
v -133.561935 5.967493 -74.105255
v -141.952103 5.967493 -74.105255
v -141.952103 -29.690701 -74.105263
v -133.561935 -29.690701 -74.105263
v -141.952103 -29.690701 -74.105263
v -141.952103 5.967493 -74.105255
v -149.817886 5.967493 -74.105255
v -149.817886 -38.080864 -74.105263
v -141.952103 -38.080864 -74.105263
v -93.184273 -38.080864 -74.105263
v -93.184273 5.967493 -74.105255
v -133.561935 5.967493 -74.105255
v -133.561935 -29.690701 -74.105263
v -133.561935 -38.080864 -74.105263
v -11.380185 -21.300537 -74.105255
v -11.380185 -38.080864 -74.105263
v 1.205060 -38.080864 -74.105263
v 1.205060 5.967493 -74.105255
v -11.380185 5.967493 -74.105255
v -49.135921 5.967493 -74.105255
v -49.135921 -38.080864 -74.105263
v -44.940838 -38.080864 -74.105263
v -44.940838 -4.520211 -74.105255
v -44.940838 5.967493 -74.105255
v -28.160513 -4.520211 -74.105255
v -28.160513 5.967493 -74.105255
v -44.940838 5.967493 -74.105255
v -44.940838 -4.520211 -74.105255
v -19.770350 5.967493 -74.105255
v -28.160513 5.967493 -74.105255
v -28.160513 -4.520211 -74.105255
v -28.160513 -12.910374 -74.105255
v -19.770350 -12.910374 -74.105255
v -11.380185 -21.300537 -74.105255
v -11.380185 5.967493 -74.105255
v -19.770350 5.967493 -74.105255
v -19.770350 -12.910374 -74.105255
v -19.770350 -21.300537 -74.105255
v -32.355595 45.820770 -74.105247
v 1.205060 45.820770 -74.105247
v 1.205060 58.406013 -74.105255
v -32.355595 58.406013 -74.105255
v -91.086731 45.820770 -74.105247
v -78.501488 45.820770 -74.105247
v -61.721165 45.820770 -74.105247
v -32.355595 45.820770 -74.105247
v -32.355595 58.406013 -74.105255
v -91.086731 58.406013 -74.105255
v -149.817886 45.820770 -74.105247
v -91.086731 45.820770 -74.105247
v -91.086731 58.406013 -74.105255
v -149.817886 58.406013 -74.105255
v -91.086731 29.040449 -141.750946
v -91.086731 26.942907 -141.750946
v -91.086731 26.942909 -157.482513
v -91.086731 29.040451 -157.482513
v -15.575267 -0.849509 -128.641327
v -15.575267 -38.080860 -128.641327
v -5.087562 -38.080860 -128.641327
v -5.087562 -0.849509 -128.641327
v -15.575267 57.881634 -128.641312
v -15.575267 -0.849509 -128.641327
v -5.087562 -0.849509 -128.641327
v -5.087562 57.881634 -128.641312
v -84.794113 -0.849509 -128.641327
v -84.794113 -38.080860 -128.641327
v -74.306404 -38.080860 -128.641327
v -74.306404 -0.849509 -128.641327
v -84.794113 57.881634 -128.641312
v -84.794113 -0.849509 -128.641327
v -74.306404 -0.849509 -128.641327
v -74.306404 57.881634 -128.641312
v -7.185103 -4.520205 -137.031479
v -23.965431 -4.520205 -137.031479
v -23.965431 -4.520203 -153.811813
v -7.185103 -4.520203 -153.811813
v -53.331001 29.040451 -157.482513
v -53.331001 26.942909 -157.482513
v -53.331001 26.942907 -141.750946
v -53.331001 29.040449 -141.750946
v -53.331001 26.942909 -157.482513
v -91.086731 26.942909 -157.482513
v -91.086731 26.942907 -141.750946
v -53.331001 26.942907 -141.750946
v -53.331001 29.040449 -141.750946
v -53.331001 26.942907 -141.750946
v -91.086731 26.942907 -141.750946
v -91.086731 29.040449 -141.750946
v -91.086731 29.040451 -157.482513
v -91.086731 26.942909 -157.482513
v -53.331001 26.942909 -157.482513
v -53.331001 29.040451 -157.482513
v -71.684479 29.302643 -150.141113
v -72.733253 29.302643 -150.141113
v -72.733253 29.302643 -149.092346
v -71.684479 29.302643 -149.092346
v -72.733253 58.143829 -149.092331
v -72.733253 29.302643 -149.092346
v -72.733253 29.302643 -150.141113
v -72.733253 58.143829 -150.141098
v -71.684479 58.143829 -149.092331
v -72.733253 58.143829 -149.092331
v -72.733253 58.143829 -150.141098
v -71.684479 58.143829 -150.141098
v -71.684479 58.143829 -150.141098
v -71.684479 29.302643 -150.141113
v -71.684479 29.302643 -149.092346
v -71.684479 58.143829 -149.092331
v -71.684479 58.143829 -149.092331
v -71.684479 29.302643 -149.092346
v -72.733253 29.302643 -149.092346
v -72.733253 58.143829 -149.092331
v -72.733253 58.143829 -150.141098
v -72.733253 29.302643 -150.141113
v -71.684479 29.302643 -150.141113
v -71.684479 58.143829 -150.141098
v -53.331001 29.040449 -141.750946
v -91.086731 29.040449 -141.750946
v -91.086731 29.040451 -157.482513
v -53.331001 29.040451 -157.482513
v -23.965431 -21.300529 -153.811813
v -23.965431 -21.300529 -137.031479
v -23.965431 -38.080860 -137.031479
v -23.965431 -38.080856 -145.421646
v -23.965431 -38.080853 -170.592133
v -23.965431 -21.300528 -170.592133
v -23.965431 -4.520205 -137.031479
v -23.965431 -21.300529 -137.031479
v -23.965431 -21.300529 -153.811813
v -23.965431 -4.520203 -153.811813
v -7.185103 -4.520205 -137.031479
v -7.185103 -21.300529 -137.031479
v -23.965431 -21.300529 -137.031479
v -23.965431 -4.520205 -137.031479
v -7.185103 -21.300529 -137.031479
v -7.185103 -38.080860 -137.031479
v -23.965431 -38.080860 -137.031479
v -23.965431 -21.300529 -137.031479
v -23.965431 -21.300529 -153.811813
v -23.965431 -21.300528 -170.592133
v -7.185103 -21.300528 -170.592133
v -7.185103 -21.300529 -153.811813
v -23.965431 -4.520203 -153.811813
v -23.965431 -21.300529 -153.811813
v -7.185103 -21.300529 -153.811813
v -7.185103 -4.520203 -153.811813
v -7.185103 -4.520203 -153.811813
v -7.185103 -21.300529 -153.811813
v -7.185103 -21.300529 -137.031479
v -7.185103 -4.520205 -137.031479
v -7.185103 -21.300529 -153.811813
v -7.185103 -21.300528 -170.592133
v -7.185103 -38.080853 -170.592133
v -7.185103 -38.080860 -137.031479
v -7.185103 -21.300529 -137.031479
v -44.940838 -4.520211 -74.105255
v -44.940838 -38.080864 -74.105263
v -44.940838 -38.080864 -82.495430
v -44.940838 -38.080864 -95.080673
v -44.940838 -38.080860 -118.153625
v -44.940838 -38.080856 -124.446243
v -44.940838 -4.520205 -124.446236
v -5.087562 57.881634 -118.153618
v -15.575267 57.881634 -118.153618
v -15.575267 57.881634 -128.641312
v -5.087562 57.881634 -128.641312
v -28.160513 -12.910374 -82.495422
v -28.160513 -4.520210 -82.495422
v -28.160513 -4.520209 -90.885582
v -28.160513 -21.300537 -90.885582
v -28.160513 -21.300535 -82.495422
v -28.160513 -12.910374 -74.105255
v -28.160513 -4.520211 -74.105255
v -28.160513 -4.520210 -82.495422
v -28.160513 -12.910374 -82.495422
v -28.160513 -4.520205 -124.446236
v -28.160513 -38.080856 -124.446243
v -28.160513 -38.080860 -118.153625
v -28.160513 -38.080860 -111.861000
v -28.160513 -38.080864 -95.080673
v -28.160513 -38.080864 -90.885590
v -28.160513 -21.300537 -90.885582
v -28.160513 -4.520209 -90.885582
v -10.331414 -29.690699 -97.178215
v -10.331414 -38.080864 -97.178215
v -21.867889 -38.080864 -97.178215
v -21.867889 -29.690699 -97.178215
v -21.867889 -29.690697 -108.714691
v -21.867889 -38.080860 -108.714691
v -10.331414 -38.080860 -108.714691
v -10.331414 -29.690697 -108.714691
v -15.575267 -0.849510 -118.153618
v -15.575267 -38.080860 -118.153625
v -15.575267 -38.080856 -124.446243
v -15.575267 -38.080860 -128.641327
v -15.575267 -0.849509 -128.641327
v -15.575267 57.881634 -118.153618
v -15.575267 -0.849510 -118.153618
v -15.575267 -0.849509 -128.641327
v -15.575267 57.881634 -128.641312
v -5.087562 -0.849510 -118.153618
v -5.087562 -38.080860 -118.153625
v -15.575267 -38.080860 -118.153625
v -15.575267 -0.849510 -118.153618
v -5.087562 57.881634 -118.153618
v -5.087562 -0.849510 -118.153618
v -15.575267 -0.849510 -118.153618
v -15.575267 57.881634 -118.153618
v -5.087562 -0.849509 -128.641327
v -5.087562 -38.080860 -128.641327
v -5.087562 -38.080860 -118.153625
v -5.087562 -0.849510 -118.153618
v -5.087562 57.881634 -128.641312
v -5.087562 -0.849509 -128.641327
v -5.087562 -0.849510 -118.153618
v -5.087562 57.881634 -118.153618
v -21.867889 -29.690699 -97.178215
v -21.867889 -29.690697 -108.714691
v -10.331414 -29.690697 -108.714691
v -10.331414 -29.690699 -97.178215
v -10.331414 -29.690697 -108.714691
v -10.331414 -38.080860 -108.714691
v -10.331414 -38.080864 -97.178215
v -10.331414 -29.690699 -97.178215
v -21.867889 -29.690699 -97.178215
v -21.867889 -38.080864 -97.178215
v -21.867889 -38.080860 -108.714691
v -21.867889 -29.690697 -108.714691
v -28.160513 -12.910374 -74.105255
v -28.160513 -12.910374 -82.495422
v -19.770350 -12.910374 -82.495422
v -19.770350 -12.910374 -74.105255
v -11.380185 -21.300537 -90.885582
v -11.380185 -38.080864 -90.885590
v -11.380185 -38.080864 -74.105263
v -11.380185 -21.300537 -74.105255
v -28.160513 -21.300535 -82.495422
v -28.160513 -21.300537 -90.885582
v -19.770350 -21.300537 -90.885582
v -19.770350 -21.300535 -82.495422
v -11.380185 -21.300537 -74.105255
v -19.770350 -21.300537 -74.105255
v -19.770350 -21.300535 -82.495422
v -19.770350 -21.300537 -90.885582
v -11.380185 -21.300537 -90.885582
v -28.160513 -12.910374 -82.495422
v -28.160513 -21.300535 -82.495422
v -19.770350 -21.300535 -82.495422
v -19.770350 -12.910374 -82.495422
v -19.770350 -12.910374 -82.495422
v -19.770350 -21.300535 -82.495422
v -19.770350 -21.300537 -74.105255
v -19.770350 -12.910374 -74.105255
v -19.770350 -21.300537 -90.885582
v -28.160513 -21.300537 -90.885582
v -28.160513 -38.080864 -90.885590
v -11.380185 -38.080864 -90.885590
v -11.380185 -21.300537 -90.885582
v -28.160513 -4.520209 -90.885582
v -28.160513 -4.520210 -82.495422
v -28.160513 -4.520211 -74.105255
v -44.940838 -4.520211 -74.105255
v -44.940838 -4.520205 -124.446236
v -28.160513 -4.520205 -124.446236
v -44.940838 -4.520205 -124.446236
v -44.940838 -38.080856 -124.446243
v -28.160513 -38.080856 -124.446243
v -28.160513 -4.520205 -124.446236
v -74.306404 57.881634 -118.153618
v -84.794113 57.881634 -118.153618
v -84.794113 57.881634 -128.641312
v -74.306404 57.881634 -128.641312
v -74.306404 -0.849510 -118.153618
v -74.306404 -38.080860 -118.153625
v -84.794113 -38.080860 -118.153625
v -84.794113 -0.849510 -118.153618
v -74.306404 57.881634 -118.153618
v -74.306404 -0.849510 -118.153618
v -84.794113 -0.849510 -118.153618
v -84.794113 57.881634 -118.153618
v -74.306404 -0.849509 -128.641327
v -74.306404 -38.080860 -128.641327
v -74.306404 -38.080856 -124.446243
v -74.306404 -38.080860 -118.153625
v -74.306404 -0.849510 -118.153618
v -74.306404 57.881634 -128.641312
v -74.306404 -0.849509 -128.641327
v -74.306404 -0.849510 -118.153618
v -74.306404 57.881634 -118.153618
v -84.794113 -0.849510 -118.153618
v -84.794113 -38.080860 -118.153625
v -84.794113 -38.080860 -128.641327
v -84.794113 -0.849509 -128.641327
v -84.794113 57.881634 -118.153618
v -84.794113 -0.849510 -118.153618
v -84.794113 -0.849509 -128.641327
v -84.794113 57.881634 -128.641312
v -61.721165 8.065035 -74.105255
v -78.501488 8.065035 -74.105255
v -78.501488 8.065035 -76.202797
v -61.721165 8.065035 -76.202797
v -61.721165 8.065035 -76.202797
v -61.721165 5.967494 -76.202797
v -61.721165 5.967493 -74.105255
v -61.721165 8.065035 -74.105255
v -61.721165 5.967494 -76.202797
v -78.501488 5.967494 -76.202797
v -78.501488 5.967493 -74.105255
v -61.721165 5.967493 -74.105255
v -78.501488 8.065035 -76.202797
v -78.501488 5.967494 -76.202797
v -61.721165 5.967494 -76.202797
v -61.721165 8.065035 -76.202797
v -78.501488 8.065035 -74.105255
v -78.501488 5.967493 -74.105255
v -78.501488 5.967494 -76.202797
v -78.501488 8.065035 -76.202797
v -95.281815 29.040445 -95.080658
v -128.842468 29.040445 -95.080658
v -128.842468 29.040447 -111.860985
v -128.842468 29.040447 -120.251152
v -128.842468 29.040449 -128.641327
v -128.842468 29.040449 -145.421646
v -95.281815 29.040449 -145.421646
v -149.817886 -38.080856 -145.421646
v -128.842468 -38.080856 -145.421646
v -128.842468 -29.690695 -145.421646
v -128.842468 -4.520204 -145.421646
v -149.817886 -4.520204 -145.421646
v -128.842468 -29.690695 -145.421646
v -128.842468 -38.080856 -145.421646
v -95.281815 -38.080856 -145.421646
v -95.281815 -29.690695 -145.421646
v -128.842468 29.040449 -145.421646
v -128.842468 -4.520204 -145.421646
v -128.842468 -29.690695 -145.421646
v -95.281815 -29.690695 -145.421646
v -95.281815 29.040449 -145.421646
v -128.842468 -4.520208 -95.080666
v -128.842468 -29.690699 -95.080673
v -128.842468 -38.080864 -95.080673
v -143.525269 -38.080864 -95.080673
v -143.525269 -21.300535 -95.080666
v -143.525269 -12.910373 -95.080666
v -143.525269 -4.520208 -95.080666
v -149.817886 -4.520208 -95.080666
v -143.525269 -4.520208 -95.080666
v -143.525269 -12.910373 -95.080666
v -149.817886 -12.910373 -95.080666
v -95.281815 -29.690699 -95.080673
v -95.281815 -38.080864 -95.080673
v -128.842468 -38.080864 -95.080673
v -128.842468 -29.690699 -95.080673
v -95.281815 29.040445 -95.080658
v -95.281815 -29.690699 -95.080673
v -128.842468 -29.690699 -95.080673
v -128.842468 -4.520208 -95.080666
v -128.842468 29.040445 -95.080658
v -128.842468 29.040445 -95.080658
v -128.842468 -4.520208 -95.080666
v -128.842468 -4.520207 -103.470833
v -128.842468 -4.520206 -111.860992
v -128.842468 12.260120 -111.860992
v -128.842468 20.650284 -111.860992
v -128.842468 29.040447 -111.860985
v -128.842468 -4.520204 -145.421646
v -128.842468 29.040449 -145.421646
v -128.842468 29.040449 -128.641327
v -128.842468 12.260122 -128.641327
v -128.842468 -4.520205 -128.641327
v -128.842468 29.040449 -128.641327
v -128.842468 29.040447 -120.251152
v -128.842468 20.650284 -120.251160
v -128.842468 12.260120 -120.251160
v -128.842468 12.260122 -128.641327
v -128.842468 20.650284 -120.251160
v -128.842468 29.040447 -120.251152
v -128.842468 29.040447 -111.860985
v -128.842468 20.650284 -111.860992
v -95.281815 -29.690695 -145.421646
v -95.281815 -38.080856 -145.421646
v -95.281815 -38.080860 -137.031479
v -95.281815 -38.080860 -128.641327
v -95.281815 -38.080860 -118.153625
v -95.281815 -38.080864 -95.080673
v -95.281815 -29.690699 -95.080673
v -95.281815 29.040449 -145.421646
v -95.281815 -29.690695 -145.421646
v -95.281815 -29.690699 -95.080673
v -95.281815 29.040445 -95.080658
v -149.817886 -4.520205 -128.641327
v -145.622803 -4.520205 -128.641327
v -145.622803 -4.520206 -111.860992
v -145.622803 -4.520207 -103.470833
v -149.817886 -4.520207 -103.470833
v -149.817886 -4.520204 -145.421646
v -128.842468 -4.520204 -145.421646
v -128.842468 -4.520205 -128.641327
v -145.622803 -4.520205 -128.641327
v -149.817886 -4.520205 -128.641327
v -128.842468 -4.520208 -95.080666
v -143.525269 -4.520208 -95.080666
v -149.817886 -4.520208 -95.080666
v -149.817886 -4.520207 -103.470833
v -145.622803 -4.520207 -103.470833
v -137.232635 -4.520207 -103.470833
v -128.842468 -4.520207 -103.470833
v -137.232635 -4.520206 -111.860992
v -128.842468 -4.520206 -111.860992
v -128.842468 -4.520207 -103.470833
v -137.232635 -4.520207 -103.470833
v -128.842468 12.260120 -111.860992
v -128.842468 -4.520206 -111.860992
v -137.232635 -4.520206 -111.860992
v -137.232635 3.869957 -111.860992
v -137.232635 12.260120 -111.860992
v -145.622803 3.869957 -111.860992
v -145.622803 12.260120 -111.860992
v -137.232635 12.260120 -111.860992
v -137.232635 3.869957 -111.860992
v -128.842468 20.650284 -111.860992
v -128.842468 12.260120 -111.860992
v -137.232635 12.260120 -111.860992
v -137.232635 20.650284 -111.860992
v -145.622803 12.260122 -128.641327
v -145.622803 -4.520205 -128.641327
v -128.842468 -4.520205 -128.641327
v -128.842468 12.260122 -128.641327
v -137.232635 12.260120 -120.251160
v -145.622803 12.260120 -120.251160
v -145.622803 12.260122 -128.641327
v -128.842468 12.260122 -128.641327
v -128.842468 12.260120 -120.251160
v -137.232635 12.260120 -111.860992
v -145.622803 12.260120 -111.860992
v -145.622803 12.260120 -120.251160
v -137.232635 12.260120 -120.251160
v -137.232635 20.650284 -111.860992
v -137.232635 12.260120 -111.860992
v -137.232635 12.260120 -120.251160
v -137.232635 20.650284 -120.251160
v -128.842468 20.650284 -111.860992
v -137.232635 20.650284 -111.860992
v -137.232635 20.650284 -120.251160
v -128.842468 20.650284 -120.251160
v -137.232635 20.650284 -120.251160
v -137.232635 12.260120 -120.251160
v -128.842468 12.260120 -120.251160
v -128.842468 20.650284 -120.251160
v -145.622803 12.260120 -120.251160
v -145.622803 12.260120 -111.860992
v -145.622803 3.869957 -111.860992
v -145.622803 -4.520206 -111.860992
v -145.622803 -4.520205 -128.641327
v -145.622803 12.260122 -128.641327
v -137.232635 3.869956 -103.470833
v -145.622803 3.869956 -103.470833
v -145.622803 3.869957 -111.860992
v -137.232635 3.869957 -111.860992
v -137.232635 3.869957 -111.860992
v -137.232635 -4.520206 -111.860992
v -137.232635 -4.520207 -103.470833
v -137.232635 3.869956 -103.470833
v -137.232635 3.869956 -103.470833
v -137.232635 -4.520207 -103.470833
v -145.622803 -4.520207 -103.470833
v -145.622803 3.869956 -103.470833
v -145.622803 3.869956 -103.470833
v -145.622803 -4.520207 -103.470833
v -145.622803 -4.520206 -111.860992
v -145.622803 3.869957 -111.860992
v -143.525269 -12.910373 -86.690506
v -149.817886 -12.910373 -86.690506
v -149.817886 -12.910373 -95.080666
v -143.525269 -12.910373 -95.080666
v -133.561935 -29.690699 -82.495430
v -133.561935 -38.080864 -82.495430
v -133.561935 -38.080864 -74.105263
v -133.561935 -29.690701 -74.105263
v -143.525269 -21.300537 -78.300339
v -149.817886 -21.300537 -78.300339
v -149.817886 -21.300535 -86.690506
v -143.525269 -21.300535 -86.690506
v -143.525269 -12.910373 -86.690506
v -143.525269 -21.300535 -86.690506
v -149.817886 -21.300535 -86.690506
v -149.817886 -12.910373 -86.690506
v -143.525269 -12.910373 -95.080666
v -143.525269 -21.300535 -95.080666
v -143.525269 -21.300535 -86.690506
v -143.525269 -12.910373 -86.690506
v -141.952103 -29.690701 -74.105263
v -141.952103 -38.080864 -74.105263
v -141.952103 -38.080864 -78.300346
v -141.952103 -38.080864 -82.495430
v -141.952103 -29.690699 -82.495430
v -141.952103 -29.690699 -82.495430
v -141.952103 -38.080864 -82.495430
v -133.561935 -38.080864 -82.495430
v -133.561935 -29.690699 -82.495430
v -133.561935 -29.690701 -74.105263
v -141.952103 -29.690701 -74.105263
v -141.952103 -29.690699 -82.495430
v -133.561935 -29.690699 -82.495430
v -143.525269 -21.300537 -78.300339
v -143.525269 -38.080864 -78.300346
v -149.817886 -38.080864 -78.300346
v -149.817886 -21.300537 -78.300339
v -143.525269 -21.300535 -86.690506
v -143.525269 -21.300535 -95.080666
v -143.525269 -38.080864 -95.080673
v -143.525269 -38.080864 -82.495430
v -143.525269 -38.080864 -78.300346
v -143.525269 -21.300537 -78.300339
v -53.331001 1.772408 -34.251984
v -53.331001 1.772412 -74.105255
v -88.989197 1.772412 -74.105255
v -88.989197 1.772408 -32.154442
v -53.331001 1.772408 -32.154442
v -53.331001 1.772408 -32.154442
v -53.331001 -38.080872 -32.154446
v -53.331001 -38.080868 -34.251987
v -53.331001 1.772408 -34.251984
v -53.331001 -38.080868 -34.251987
v -53.331001 -38.080864 -74.105263
v -53.331001 1.772412 -74.105255
v -53.331001 1.772408 -34.251984
v -88.989197 -38.080864 -74.105263
v -88.989197 -38.080872 -32.154446
v -88.989197 1.772408 -32.154442
v -88.989197 1.772412 -74.105255
v -95.281815 29.040440 -48.934769
v -95.281815 29.040440 -32.154442
v -95.281815 -4.520215 -32.154442
v -95.281815 -4.520213 -48.934769
v -95.281815 -38.080872 -32.154446
v -95.281815 -38.080868 -48.934772
v -95.281815 -4.520213 -48.934769
v -95.281815 -4.520215 -32.154442
v -95.281815 29.040440 -32.154442
v -95.281815 29.040440 -48.934769
v -95.281815 45.820763 -32.154438
v -95.281815 -38.080868 -48.934772
v -149.817886 -38.080868 -48.934772
v -149.817886 -4.520213 -48.934769
v -95.281815 -4.520213 -48.934769
v -95.281815 -4.520213 -48.934769
v -149.817886 -4.520213 -48.934769
v -149.817886 29.040440 -48.934769
v -95.281815 29.040440 -48.934769
v -95.281815 29.040440 -48.934769
v -149.817886 29.040440 -48.934769
v -149.817886 45.820763 -32.154438
v -120.452309 45.820763 -32.154438
v -95.281815 45.820763 -32.154438
v 1.205060 -38.080845 -268.127777
v -6.136333 -38.080845 -268.127777
v -6.136333 -40.178387 -268.127777
v 1.205060 -40.178387 -268.127777
v -6.136333 -40.178387 -283.859344
v -6.136333 -40.178387 -268.127777
v -6.136333 -38.080845 -268.127777
v -6.136333 -38.080845 -283.859344
v 1.205060 -40.178387 -283.859344
v -6.136333 -40.178387 -283.859344
v -6.136333 -38.080845 -283.859344
v 1.205060 -38.080845 -283.859344
v -6.136333 -40.178387 -268.127777
v -6.136333 -40.178387 -283.859344
v 1.205060 -40.178387 -283.859344
v 1.205060 -40.178387 -268.127777
v -187.573624 -38.080856 -149.616730
v -237.914597 -38.080856 -149.616730
v -237.914597 -38.080856 -153.811813
v -187.573624 -38.080856 -153.811813
v -179.183456 -38.080853 -204.152786
v -162.403137 -38.080853 -204.152786
v -149.817886 -38.080853 -204.152786
v -149.817886 -38.080853 -195.762634
v -149.817886 -38.080853 -170.592133
v -149.817886 -38.080856 -153.811813
v -162.403137 -38.080856 -153.811813
v -179.183456 -38.080856 -153.811813
v -187.573624 -38.080856 -153.811813
v -237.914597 -38.080856 -153.811813
v -237.914597 -38.080853 -166.397049
v -237.914597 -38.080853 -204.152786
v -179.183456 -38.080853 -204.152786
v -179.183456 -38.080856 -153.811813
v -187.573624 -38.080868 -48.934772
v -218.493988 -38.080868 -48.934772
v -237.914597 -38.080868 -48.934772
v -237.914597 -38.080864 -90.885590
v -187.573624 -38.080864 -90.885590
v -237.914597 -38.080864 -90.885590
v -237.914597 -38.080860 -107.665916
v -237.914597 -38.080856 -149.616730
v -187.573624 -38.080856 -149.616730
v -187.573624 -38.080860 -107.665916
v -187.573624 -38.080864 -90.885590
v -242.109680 -38.080868 -48.934772
v -237.914597 -38.080868 -48.934772
v -218.493988 -38.080868 -48.934772
v -208.404327 -38.080872 -32.154446
v -237.914597 -38.080872 -32.154446
v -271.475250 -38.080872 -32.154446
v -288.255585 -38.080872 -32.154446
v -288.255585 -38.080868 -48.934772
v -162.403137 -38.080872 -32.154446
v -208.404327 -38.080872 -32.154446
v -218.493988 -38.080868 -48.934772
v -187.573624 -38.080868 -48.934772
v -183.378540 -38.080868 -48.934772
v -158.208054 -38.080868 -48.934772
v -158.208054 -38.080868 -36.349525
v -158.208054 -38.080872 -32.154446
v -158.208054 -38.080868 -48.934772
v -149.817886 -38.080868 -48.934772
v -149.817886 -38.080868 -36.349525
v -158.208054 -38.080868 -36.349525
v -149.817886 -38.080845 -279.664276
v -162.403137 -38.080845 -279.664276
v -162.403137 -38.080845 -283.859344
v -149.817886 -38.080845 -283.859344
v -162.403137 -38.080849 -208.347870
v -162.403137 -38.080849 -212.542953
v -149.817886 -38.080849 -212.542953
v -149.817886 -38.080853 -204.152786
v -162.403137 -38.080853 -204.152786
v -162.403137 -38.080856 -149.616730
v -162.403137 -38.080856 -153.811813
v -149.817886 -38.080856 -153.811813
v -149.817886 -38.080856 -145.421646
v -162.403137 -38.080856 -145.421646
v -162.403137 -38.080864 -78.300346
v -160.305588 -38.080864 -78.300346
v -149.817886 -38.080864 -78.300346
v -149.817886 -38.080864 -74.105263
v -162.403137 -38.080864 -74.105263
v -160.305588 -38.080864 -78.300346
v -162.403137 -38.080864 -78.300346
v -162.403137 -38.080864 -95.080673
v -160.305588 -38.080864 -95.080673
v -162.403137 58.406025 -166.397034
v -162.403137 58.406017 -132.836380
v -162.403137 58.406013 -74.105255
v -149.817886 58.406013 -74.105255
v -149.817886 58.406025 -166.397034
v -162.403137 58.406033 -283.859344
v -162.403137 58.406029 -250.298676
v -162.403137 58.406025 -191.567535
v -162.403137 58.406025 -166.397034
v -149.817886 58.406025 -166.397034
v -149.817886 58.406033 -283.859344
v -149.817886 -38.080868 -48.934772
v -158.208054 -38.080868 -48.934772
v -183.378540 -38.080868 -48.934772
v -183.378540 -4.520213 -48.934769
v -149.817886 -4.520213 -48.934769
v -220.085510 8.065032 -48.934769
v -220.085510 29.040440 -48.934769
v -205.402725 29.040440 -48.934769
v -205.402725 8.065032 -48.934769
v -220.085510 8.065032 -48.934769
v -220.085510 5.967491 -48.934769
v -242.109680 5.967491 -48.934769
v -242.109680 29.040440 -48.934769
v -229.524445 29.040440 -48.934769
v -220.085510 29.040440 -48.934769
v -183.378540 29.040440 -48.934769
v -183.378540 5.967491 -48.934769
v -205.402725 5.967491 -48.934769
v -205.402725 8.065032 -48.934769
v -205.402725 29.040440 -48.934769
v -242.109680 -4.520213 -48.934769
v -242.109680 -38.080868 -48.934772
v -288.255585 -38.080868 -48.934772
v -288.255585 -4.520213 -48.934769
v -237.914597 -4.520213 -48.934769
v -237.914597 -38.080868 -48.934772
v -242.109680 -38.080868 -48.934772
v -242.109680 -4.520213 -48.934769
v -183.378540 -38.080868 -48.934772
v -187.573624 -38.080868 -48.934772
v -187.573624 -4.520213 -48.934769
v -183.378540 -4.520213 -48.934769
v -183.378540 1.772409 -48.934769
v -183.378540 -4.520213 -48.934769
v -187.573624 -4.520213 -48.934769
v -192.817474 1.772409 -48.934769
v -232.670746 1.772409 -48.934769
v -237.914597 -4.520213 -48.934769
v -242.109680 -4.520213 -48.934769
v -242.109680 1.772409 -48.934769
v -242.109680 29.040440 -48.934769
v -242.109680 5.967491 -48.934769
v -242.109680 1.772409 -48.934769
v -242.109680 -4.520213 -48.934769
v -288.255585 -4.520213 -48.934769
v -288.255585 29.040440 -48.934769
v -149.817886 -4.520213 -48.934769
v -183.378540 -4.520213 -48.934769
v -183.378540 1.772409 -48.934769
v -183.378540 5.967491 -48.934769
v -183.378540 29.040440 -48.934769
v -170.793289 29.040440 -48.934769
v -149.817886 29.040440 -48.934769
v -220.085510 5.967491 -48.934769
v -205.402725 5.967491 -48.934769
v -183.378540 5.967491 -48.934769
v -183.378540 1.772409 -48.934769
v -192.817474 1.772409 -48.934769
v -208.549026 1.772409 -48.934769
v -216.939194 1.772409 -48.934769
v -232.670746 1.772409 -48.934769
v -242.109680 1.772409 -48.934769
v -242.109680 5.967491 -48.934769
v -149.817886 -38.080845 -283.859344
v -162.403137 -38.080845 -283.859344
v -162.403137 -22.894648 -283.859344
v -149.817886 -22.894648 -283.859344
v -162.403137 -22.894648 -283.859344
v -162.403137 5.967515 -283.859344
v -162.403137 45.820789 -283.859344
v -149.817886 45.820789 -283.859344
v -149.817886 -22.894648 -283.859344
v -149.817886 45.820789 -283.859344
v -162.403137 45.820789 -283.859344
v -162.403137 58.406033 -283.859344
v -149.817886 58.406033 -283.859344
v -162.403137 5.967505 -187.372467
v -162.403137 5.967503 -170.592133
v -160.305588 5.967503 -170.592133
v -160.305588 5.967505 -187.372467
v -162.403137 5.967493 -74.105255
v -149.817886 5.967493 -74.105255
v -149.817886 45.820770 -74.105247
v -162.403137 45.820770 -74.105247
v -162.403137 45.820770 -74.105247
v -149.817886 45.820770 -74.105247
v -149.817886 58.406013 -74.105255
v -162.403137 58.406013 -74.105255
v -160.305588 8.065045 -187.372467
v -160.305588 5.967505 -187.372467
v -160.305588 5.967503 -170.592133
v -160.305588 8.065043 -170.592133
v -162.403137 45.820789 -283.859344
v -162.403137 45.820786 -250.298676
v -162.403137 58.406029 -250.298676
v -162.403137 58.406033 -283.859344
v -162.403137 45.820786 -250.298676
v -162.403137 45.820786 -246.103592
v -162.403137 45.820782 -191.567535
v -162.403137 58.406025 -191.567535
v -162.403137 58.406029 -250.298676
v -162.403137 45.820782 -191.567535
v -162.403137 45.820782 -187.372452
v -162.403137 45.820782 -170.592117
v -162.403137 45.820774 -132.836380
v -162.403137 58.406017 -132.836380
v -162.403137 58.406025 -166.397034
v -162.403137 58.406025 -191.567535
v -162.403137 45.820774 -132.836380
v -162.403137 45.820770 -74.105247
v -162.403137 58.406013 -74.105255
v -162.403137 58.406017 -132.836380
v -162.403137 8.065043 -170.592133
v -162.403137 5.967503 -170.592133
v -162.403137 5.967502 -149.616730
v -162.403137 5.967501 -145.421646
v -162.403137 5.967500 -132.836395
v -162.403137 45.820774 -132.836380
v -162.403137 45.820782 -170.592117
v -162.403137 5.967500 -132.836395
v -162.403137 5.967496 -95.080666
v -162.403137 5.967493 -74.105255
v -162.403137 45.820770 -74.105247
v -162.403137 45.820774 -132.836380
v -162.403137 5.967515 -283.859344
v -162.403137 5.967514 -279.664276
v -162.403137 5.967510 -246.103607
v -162.403137 45.820786 -246.103592
v -162.403137 45.820786 -250.298676
v -162.403137 45.820789 -283.859344
v -162.403137 5.967510 -246.103607
v -162.403137 5.967509 -229.323288
v -162.403137 5.967508 -212.542953
v -162.403137 5.967507 -208.347870
v -162.403137 5.967507 -204.152786
v -162.403137 5.967505 -187.372467
v -162.403137 8.065045 -187.372467
v -162.403137 45.820782 -187.372452
v -162.403137 45.820782 -191.567535
v -162.403137 45.820786 -246.103592
v -162.403137 8.065043 -170.592133
v -162.403137 45.820782 -170.592117
v -162.403137 45.820782 -187.372452
v -162.403137 8.065045 -187.372467
v -162.403137 8.065045 -187.372467
v -162.403137 5.967505 -187.372467
v -160.305588 5.967505 -187.372467
v -160.305588 8.065045 -187.372467
v -160.305588 8.065043 -170.592133
v -160.305588 5.967503 -170.592133
v -162.403137 5.967503 -170.592133
v -162.403137 8.065043 -170.592133
v -162.403137 8.065043 -170.592133
v -162.403137 8.065045 -187.372467
v -160.305588 8.065045 -187.372467
v -160.305588 8.065043 -170.592133
v -149.817886 -21.300522 -229.323288
v -162.403137 -21.300522 -229.323288
v -162.403137 -4.520195 -229.323288
v -149.817886 -4.520195 -229.323288
v -162.403137 -4.520190 -279.664276
v -162.403137 -38.080845 -279.664276
v -149.817886 -38.080845 -279.664276
v -149.817886 -4.520190 -279.664276
v -162.403137 -22.894648 -283.859344
v -162.403137 -38.080845 -283.859344
v -162.403137 -38.080845 -279.664276
v -162.403137 -4.520190 -279.664276
v -162.403137 5.967514 -279.664276
v -162.403137 5.967515 -283.859344
v -149.817886 -4.520195 -229.323288
v -162.403137 -4.520195 -229.323288
v -162.403137 -4.520190 -279.664276
v -149.817886 -4.520190 -279.664276
v -162.403137 -4.520195 -229.323288
v -162.403137 5.967509 -229.323288
v -162.403137 5.967510 -246.103607
v -162.403137 5.967514 -279.664276
v -162.403137 -4.520190 -279.664276
v -149.817886 -38.080849 -212.542953
v -162.403137 -38.080849 -212.542953
v -162.403137 -21.300524 -212.542953
v -149.817886 -21.300524 -212.542953
v -162.403137 -21.300522 -229.323288
v -149.817886 -21.300522 -229.323288
v -149.817886 -21.300522 -225.128204
v -149.817886 -21.300524 -216.738037
v -149.817886 -21.300524 -212.542953
v -162.403137 -21.300524 -212.542953
v -162.403137 -21.300524 -212.542953
v -162.403137 5.967508 -212.542953
v -162.403137 5.967509 -229.323288
v -162.403137 -4.520195 -229.323288
v -162.403137 -21.300522 -229.323288
v -162.403137 -21.300524 -212.542953
v -162.403137 -38.080849 -212.542953
v -162.403137 -38.080849 -208.347870
v -162.403137 1.772425 -208.347870
v -162.403137 5.967507 -208.347870
v -162.403137 5.967508 -212.542953
v -237.914597 -38.080853 -204.152786
v -237.914597 -38.080853 -166.397049
v -237.914597 -4.520201 -166.397049
v -237.914597 -4.520197 -204.152786
v -237.914597 -38.080853 -166.397049
v -237.914597 -38.080856 -153.811813
v -237.914597 -38.080856 -149.616730
v -237.914597 -38.080860 -107.665916
v -237.914597 -4.520207 -107.665909
v -237.914597 -4.520201 -166.397049
v -237.914597 -38.080860 -107.665916
v -237.914597 -38.080864 -90.885590
v -237.914597 -38.080868 -48.934772
v -237.914597 -4.520213 -48.934769
v -237.914597 -4.520207 -107.665909
v -232.670746 1.772425 -204.152786
v -237.914597 -4.520197 -204.152786
v -237.914597 -4.520201 -166.397049
v -232.670746 1.772421 -166.397049
v -237.914597 -4.520201 -166.397049
v -237.914597 -4.520207 -107.665909
v -232.670746 1.772415 -107.665909
v -232.670746 1.772419 -145.421646
v -232.670746 1.772421 -166.397049
v -237.914597 -4.520207 -107.665909
v -237.914597 -4.520213 -48.934769
v -232.670746 1.772409 -48.934769
v -232.670746 1.772413 -86.690506
v -232.670746 1.772415 -107.665909
v -162.403137 1.772425 -204.152786
v -162.403137 -4.520197 -204.152786
v -179.183456 -4.520197 -204.152786
v -179.183456 1.772425 -204.152786
v -179.183456 -4.520197 -204.152786
v -237.914597 -4.520197 -204.152786
v -232.670746 1.772425 -204.152786
v -216.939194 1.772425 -204.152786
v -208.549026 1.772425 -204.152786
v -187.573624 1.772425 -204.152786
v -179.183456 1.772425 -204.152786
v -162.403137 -4.520197 -204.152786
v -162.403137 -38.080853 -204.152786
v -179.183456 -38.080853 -204.152786
v -179.183456 -4.520197 -204.152786
v -179.183456 -38.080853 -204.152786
v -237.914597 -38.080853 -204.152786
v -237.914597 -4.520197 -204.152786
v -179.183456 -4.520197 -204.152786
v -162.403137 5.967507 -208.347870
v -162.403137 1.772425 -208.347870
v -162.403137 1.772425 -204.152786
v -162.403137 5.967507 -204.152786
v -162.403137 -38.080849 -208.347870
v -162.403137 -38.080853 -204.152786
v -162.403137 -4.520197 -204.152786
v -162.403137 1.772425 -204.152786
v -162.403137 1.772425 -208.347870
v -187.573624 -38.080860 -107.665916
v -187.573624 -38.080856 -149.616730
v -187.573624 -38.080856 -153.811813
v -187.573624 -4.520203 -153.811813
v -187.573624 -4.520207 -107.665909
v -187.573624 -4.520213 -48.934769
v -187.573624 -38.080868 -48.934772
v -187.573624 -38.080864 -90.885590
v -187.573624 -38.080860 -107.665916
v -187.573624 -4.520207 -107.665909
v -187.573624 1.772419 -153.811813
v -162.403137 1.772419 -153.811813
v -162.403137 1.772425 -204.152786
v -179.183456 1.772425 -204.152786
v -187.573624 1.772425 -204.152786
v -162.403137 1.772425 -204.152786
v -162.403137 1.772419 -153.811813
v -162.403137 1.772420 -149.616730
v -162.403137 5.967502 -149.616730
v -162.403137 5.967503 -170.592133
v -162.403137 5.967505 -187.372467
v -162.403137 5.967507 -204.152786
v -187.573624 -4.520203 -153.811813
v -187.573624 -38.080856 -153.811813
v -179.183456 -38.080856 -153.811813
v -162.403137 -38.080856 -153.811813
v -162.403137 -4.520203 -153.811813
v -187.573624 -4.520203 -153.811813
v -162.403137 -4.520203 -153.811813
v -162.403137 1.772419 -153.811813
v -187.573624 1.772419 -153.811813
v -162.403137 -4.520203 -153.811813
v -162.403137 -38.080856 -153.811813
v -162.403137 -38.080856 -149.616730
v -162.403137 1.772420 -149.616730
v -162.403137 1.772419 -153.811813
v -160.305588 -21.300535 -95.080666
v -160.305588 -4.520208 -95.080666
v -151.915421 -4.520208 -95.080666
v -151.915421 -12.910373 -95.080666
v -151.915421 -21.300535 -95.080666
v -151.915421 -4.520208 -95.080666
v -149.817886 -4.520208 -95.080666
v -149.817886 -12.910373 -95.080666
v -151.915421 -12.910373 -95.080666
v -160.305588 -21.300535 -95.080666
v -160.305588 -38.080864 -95.080673
v -162.403137 -38.080864 -95.080673
v -162.403137 -4.520208 -95.080666
v -160.305588 -4.520208 -95.080666
v -162.403137 -4.520204 -145.421646
v -162.403137 -38.080856 -145.421646
v -149.817886 -38.080856 -145.421646
v -149.817886 -4.520204 -145.421646
v -162.403137 5.967502 -149.616730
v -162.403137 1.772420 -149.616730
v -162.403137 -38.080856 -149.616730
v -162.403137 -38.080856 -145.421646
v -162.403137 -4.520204 -145.421646
v -162.403137 5.967501 -145.421646
v -162.403137 -4.520204 -145.421646
v -149.817886 -4.520204 -145.421646
v -149.817886 -4.520205 -128.641327
v -149.817886 -4.520207 -103.470833
v -149.817886 -4.520208 -95.080666
v -151.915421 -4.520208 -95.080666
v -160.305588 -4.520208 -95.080666
v -162.403137 -4.520208 -95.080666
v -162.403137 -4.520208 -95.080666
v -162.403137 5.967496 -95.080666
v -162.403137 5.967500 -132.836395
v -162.403137 5.967501 -145.421646
v -162.403137 -4.520204 -145.421646
v -149.817886 5.967493 -74.105255
v -162.403137 5.967493 -74.105255
v -162.403137 -38.080864 -74.105263
v -149.817886 -38.080864 -74.105263
v -160.305588 -21.300535 -86.690506
v -160.305588 -21.300537 -78.300339
v -160.305588 -38.080864 -78.300346
v -160.305588 -38.080864 -95.080673
v -160.305588 -21.300535 -95.080666
v -149.817886 -12.910373 -86.690506
v -151.915421 -12.910373 -86.690506
v -151.915421 -12.910373 -95.080666
v -149.817886 -12.910373 -95.080666
v -149.817886 -21.300537 -78.300339
v -160.305588 -21.300537 -78.300339
v -160.305588 -21.300535 -86.690506
v -151.915421 -21.300535 -86.690506
v -149.817886 -21.300535 -86.690506
v -160.305588 -21.300535 -86.690506
v -160.305588 -21.300535 -95.080666
v -151.915421 -21.300535 -95.080666
v -151.915421 -21.300535 -86.690506
v -149.817886 -21.300535 -86.690506
v -151.915421 -21.300535 -86.690506
v -151.915421 -12.910373 -86.690506
v -149.817886 -12.910373 -86.690506
v -151.915421 -12.910373 -86.690506
v -151.915421 -21.300535 -86.690506
v -151.915421 -21.300535 -95.080666
v -151.915421 -12.910373 -95.080666
v -149.817886 -38.080864 -78.300346
v -160.305588 -38.080864 -78.300346
v -160.305588 -21.300537 -78.300339
v -149.817886 -21.300537 -78.300339
v -162.403137 -4.520208 -95.080666
v -162.403137 -38.080864 -95.080673
v -162.403137 -38.080864 -78.300346
v -162.403137 -38.080864 -74.105263
v -162.403137 5.967493 -74.105255
v -162.403137 5.967496 -95.080666
v -232.670746 1.772409 -48.934769
v -216.939194 1.772409 -48.934769
v -216.939194 1.772413 -86.690506
v -232.670746 1.772413 -86.690506
v -216.939194 1.772413 -86.690506
v -216.939194 1.772413 -90.885582
v -216.939194 1.772415 -107.665909
v -216.939194 1.772419 -145.421646
v -232.670746 1.772419 -145.421646
v -232.670746 1.772415 -107.665909
v -232.670746 1.772413 -86.690506
v -216.939194 1.772419 -145.421646
v -216.939194 1.772420 -149.616730
v -216.939194 1.772421 -166.397049
v -216.939194 1.772425 -204.152786
v -232.670746 1.772425 -204.152786
v -232.670746 1.772421 -166.397049
v -232.670746 1.772419 -145.421646
v -216.939194 1.772415 -107.665909
v -216.939194 1.772413 -90.885582
v -208.549026 1.772413 -90.885582
v -208.549026 1.772414 -95.080666
v -208.549026 1.772415 -107.665909
v -216.939194 1.772421 -166.397049
v -216.939194 1.772420 -149.616730
v -208.549026 1.772420 -149.616730
v -208.549026 1.772419 -153.811813
v -208.549026 1.772421 -166.397049
v -216.939194 1.772425 -204.152786
v -216.939194 1.772421 -166.397049
v -208.549026 1.772421 -166.397049
v -208.549026 1.772425 -204.152786
v -208.549026 1.772425 -204.152786
v -208.549026 1.772421 -166.397049
v -208.549026 1.772419 -153.811813
v -192.817474 1.772419 -153.811813
v -187.573624 1.772419 -153.811813
v -187.573624 1.772425 -204.152786
v -208.549026 1.772414 -95.080666
v -208.549026 1.772413 -90.885582
v -208.549026 1.772409 -48.934769
v -192.817474 1.772409 -48.934769
v -192.817474 1.772414 -95.080666
v -192.817474 1.772415 -107.665909
v -192.817474 1.772419 -153.811813
v -208.549026 1.772419 -153.811813
v -208.549026 1.772420 -149.616730
v -208.549026 1.772415 -107.665909
v -208.549026 1.772414 -95.080666
v -192.817474 1.772414 -95.080666
v -216.939194 1.772420 -149.616730
v -216.939194 1.772419 -145.421646
v -216.939194 1.772415 -107.665909
v -208.549026 1.772415 -107.665909
v -208.549026 1.772420 -149.616730
v -216.939194 1.772413 -90.885582
v -216.939194 1.772413 -86.690506
v -216.939194 1.772409 -48.934769
v -208.549026 1.772409 -48.934769
v -208.549026 1.772413 -90.885582
v -192.817474 1.772419 -153.811813
v -187.573624 -4.520203 -153.811813
v -187.573624 1.772419 -153.811813
v -187.573624 -4.520207 -107.665909
v -187.573624 -4.520203 -153.811813
v -192.817474 1.772419 -153.811813
v -192.817474 1.772415 -107.665909
v -192.817474 1.772414 -95.080666
v -192.817474 1.772409 -48.934769
v -187.573624 -4.520213 -48.934769
v -187.573624 -4.520207 -107.665909
v -192.817474 1.772415 -107.665909
v -149.817886 29.040440 -48.934769
v -170.793289 29.040440 -48.934769
v -170.793289 45.820763 -32.154438
v -149.817886 45.820763 -32.154438
v -170.793289 29.040440 -48.934769
v -183.378540 29.040440 -48.934769
v -205.402725 29.040440 -48.934769
v -220.085510 29.040440 -48.934769
v -229.524445 29.040440 -48.934769
v -229.524445 45.820763 -32.154438
v -212.744110 45.820763 -32.154438
v -170.793289 45.820763 -32.154438
v -229.524445 29.040440 -48.934769
v -242.109680 29.040440 -48.934769
v -288.255585 29.040440 -48.934769
v -271.475250 45.820763 -32.154438
v -229.524445 45.820763 -32.154438
v -220.085510 8.065032 -46.837227
v -220.085510 5.967491 -46.837227
v -220.085510 5.967491 -48.934769
v -220.085510 8.065032 -48.934769
v -205.402725 5.967491 -48.934769
v -220.085510 5.967491 -48.934769
v -220.085510 5.967491 -46.837227
v -205.402725 5.967491 -46.837227
v -205.402725 8.065032 -48.934769
v -205.402725 5.967491 -48.934769
v -205.402725 5.967491 -46.837227
v -205.402725 8.065032 -46.837227
v -205.402725 8.065032 -46.837227
v -220.085510 8.065032 -46.837227
v -220.085510 8.065032 -48.934769
v -205.402725 8.065032 -48.934769
v -205.402725 8.065032 -46.837227
v -205.402725 5.967491 -46.837227
v -220.085510 5.967491 -46.837227
v -220.085510 8.065032 -46.837227
v -158.208054 -38.080872 -32.154446
v -158.208054 -38.080868 -36.349525
v -158.208054 -29.690704 -36.349522
v -158.208054 -29.690704 -32.154442
v -158.208054 -29.690704 -32.154442
v -158.208054 -29.690704 -36.349522
v -149.817886 -29.690704 -36.349522
v -149.817886 -29.690704 -32.154442
v -158.208054 -29.690704 -36.349522
v -158.208054 -38.080868 -36.349525
v -149.817886 -38.080868 -36.349525
v -149.817886 -29.690704 -36.349522
v -288.255585 -4.520213 -48.934769
v -288.255585 -4.520215 -32.154442
v -288.255585 29.040440 -32.154442
v -288.255585 29.040440 -48.934769
v -288.255585 -38.080868 -48.934772
v -288.255585 -38.080872 -32.154446
v -288.255585 -4.520215 -32.154442
v -288.255585 -4.520213 -48.934769
v -271.475250 45.820763 -32.154438
v -288.255585 29.040440 -48.934769
v -288.255585 29.040440 -32.154442
v -149.817886 -38.080872 -32.154446
v -149.817886 -38.080872 -27.959362
v -149.817886 -29.690704 -27.959364
v -149.817886 -29.690704 -32.154442
v -120.452309 29.040415 215.355377
v -149.817886 29.040415 215.355377
v -149.817886 -4.520240 215.355377
v -120.452309 -4.520240 215.355377
v -32.355595 -38.080894 215.355377
v -10.331414 -29.690729 215.355377
v 1.205060 -25.295883 215.355377
v 1.205060 -4.520240 215.355377
v -32.355595 -4.520240 215.355377
v -91.086731 -38.080894 215.355377
v -32.355595 -38.080894 215.355377
v -32.355595 -4.520240 215.355377
v -61.721165 -4.520240 215.355377
v -91.086731 -4.520240 215.355377
v -149.817886 -38.080894 215.355377
v -116.257225 -38.080894 215.355377
v -91.086731 -38.080894 215.355377
v -91.086731 -4.520240 215.355377
v -120.452309 -4.520240 215.355377
v -149.817886 -4.520240 215.355377
v 1.205060 -26.477829 215.355377
v 1.205060 -25.295883 215.355377
v -10.331414 -29.690729 215.355377
v 1.205060 -29.690729 215.355377
v -112.062141 54.210930 -11.179027
v -120.452309 54.210930 -11.179027
v -149.817886 54.210930 -11.179027
v -149.817886 54.210930 -19.569191
v -112.062141 54.210930 -19.569191
v -112.062141 54.210911 177.599655
v -120.452309 54.210911 177.599655
v -120.452309 54.210907 165.014420
v -112.062141 54.210907 165.014420
v -120.452309 54.210907 165.014420
v -120.452309 54.210915 118.868500
v -120.452309 54.210915 106.283257
v -112.062141 54.210915 106.283257
v -112.062141 54.210907 165.014420
v -120.452309 54.210915 106.283257
v -120.452309 54.210918 60.137360
v -120.452309 54.210922 47.552116
v -112.062141 54.210922 47.552116
v -112.062141 54.210915 106.283257
v -120.452309 54.210922 47.552116
v -120.452309 54.210926 1.406218
v -120.452309 54.210930 -11.179027
v -112.062141 54.210930 -11.179027
v -112.062141 54.210922 47.552116
v -120.452309 54.210911 177.599655
v -112.062141 54.210911 177.599655
v -112.062141 54.210907 185.989822
v -149.817886 54.210907 185.989822
v -149.817886 54.210911 177.599655
v -38.648216 54.210918 55.942280
v -40.745758 54.210918 55.942280
v -40.745758 54.210918 58.039818
v -38.648216 54.210918 58.039818
v -19.770350 54.210918 55.942280
v -21.867889 54.210918 55.942280
v -21.867889 54.210918 58.039818
v -19.770350 54.210918 58.039818
v -7.185103 54.210918 64.332436
v -53.331001 54.210918 64.332436
v -57.526085 54.210918 68.527519
v -2.990021 54.210918 68.527519
v -7.185103 54.210915 110.478340
v -57.526085 54.210915 110.478340
v -57.526085 54.210915 118.868500
v -7.185103 54.210915 118.868500
v -7.185103 54.210915 118.868500
v -57.526085 54.210915 118.868500
v -57.526085 54.210911 123.063583
v -57.526085 54.210915 135.648849
v -57.526085 54.210907 169.209503
v 1.205060 54.210907 169.209503
v 1.205060 54.210915 118.868500
v 1.205060 54.210915 106.283257
v 1.205060 54.210918 68.527519
v -2.990021 54.210918 68.527519
v -57.526085 54.210918 68.527519
v -57.526085 54.210915 110.478340
v -7.185103 54.210915 110.478340
v 1.205060 54.210915 110.478340
v -149.817886 45.820747 177.599655
v -120.452309 45.820747 177.599655
v -120.452309 54.210911 177.599655
v -149.817886 54.210911 177.599655
v -34.453136 3.869928 177.599640
v -34.453136 16.455173 177.599640
v 1.205060 16.455173 177.599640
v 1.205060 3.869928 177.599640
v -34.453136 16.455173 177.599640
v -34.453136 3.869928 177.599640
v -40.745758 3.869928 177.599640
v -40.745758 16.455173 177.599640
v -98.428123 -29.690725 177.599640
v -88.412369 -25.875822 177.599640
v -78.774170 -29.690725 177.599640
v -57.526085 -14.108620 177.599640
v -57.526085 -38.080887 177.599640
v -57.581146 -38.080887 177.599640
v -88.412369 -25.875822 177.599640
v -61.721165 -4.520236 177.599640
v -57.526085 -4.520236 177.599640
v -57.526085 -14.108620 177.599640
v -120.452309 -38.080887 177.599640
v -120.452309 -12.910399 177.599640
v -120.452309 -4.520236 177.599640
v -15.575267 -38.080887 177.599640
v -57.526085 -38.080887 177.599640
v -57.526085 -14.108620 177.599640
v -57.526085 -4.520236 177.599640
v 1.205060 -4.520236 177.599640
v 1.205060 -38.080887 177.599640
v -120.452309 45.820763 1.406218
v -120.452309 45.820766 -11.179029
v -120.452309 54.210930 -11.179027
v -120.452309 54.210926 1.406218
v -120.452309 45.820755 60.137360
v -120.452309 45.820759 51.747196
v -120.452309 45.820759 43.357033
v -120.452309 45.820763 26.576706
v -120.452309 45.820763 1.406218
v -120.452309 54.210926 1.406218
v -120.452309 54.210922 47.552116
v -120.452309 54.210918 60.137360
v -120.452309 45.820751 118.868507
v -120.452309 45.820751 110.478348
v -120.452309 45.820755 60.137360
v -120.452309 54.210918 60.137360
v -120.452309 54.210915 106.283257
v -120.452309 54.210915 118.868500
v -120.452309 54.210907 165.014420
v -120.452309 54.210911 177.599655
v -120.452309 45.820747 177.599655
v -120.452309 45.820744 169.209503
v -120.452309 45.820751 118.868507
v -120.452309 54.210915 118.868500
v -120.452309 -29.690714 51.747192
v -120.452309 -33.885796 51.747189
v -120.452309 -38.080875 51.747189
v -120.452309 -38.080875 43.357025
v -120.452309 -12.910386 43.357025
v -120.452309 -12.910386 51.747189
v -120.452309 -12.910386 43.357025
v -120.452309 45.820759 43.357033
v -120.452309 45.820759 51.747196
v -120.452309 16.455185 51.747196
v -120.452309 8.065022 51.747192
v -120.452309 -12.910386 51.747189
v -120.452309 8.065017 110.478340
v -120.452309 8.065022 51.747192
v -120.452309 16.455185 51.747196
v -120.452309 16.455179 110.478340
v -120.452309 16.455173 169.209488
v -120.452309 8.065010 169.209488
v -120.452309 8.065017 110.478340
v -120.452309 16.455179 110.478340
v -120.452309 -33.885803 110.478333
v -120.452309 -33.885796 51.747189
v -120.452309 -29.690714 51.747192
v -120.452309 -29.690720 110.478333
v -120.452309 -33.885811 169.209488
v -120.452309 -33.885803 110.478333
v -120.452309 -29.690720 110.478333
v -120.452309 -29.690725 169.209488
v -120.452309 -12.910399 177.599640
v -120.452309 -38.080887 177.599640
v -120.452309 -38.080891 169.209488
v -120.452309 -33.885811 169.209488
v -120.452309 -29.690725 169.209488
v -120.452309 -15.007939 169.209488
v -120.452309 -12.910398 169.209488
v -120.452309 45.820747 177.599655
v -120.452309 -4.520236 177.599640
v -120.452309 -12.910399 177.599640
v -120.452309 -12.910398 169.209488
v -120.452309 -6.617775 169.209488
v -120.452309 8.065010 169.209488
v -120.452309 16.455173 169.209488
v -120.452309 45.820744 169.209503
v -57.526085 45.820744 169.209503
v -38.648216 45.820744 169.209503
v -17.672808 45.820744 169.209503
v 1.205060 45.820744 169.209503
v 1.205060 54.210907 169.209503
v -57.526085 54.210907 169.209503
v -100.525665 -15.007939 169.209488
v -107.867058 -15.007939 169.209488
v -120.452309 -15.007939 169.209488
v -120.452309 -29.690725 169.209488
v -112.062141 -29.690725 169.209488
v -61.721165 -29.690725 169.209488
v -61.721165 -15.007939 169.209488
v -100.525665 -15.007939 169.209488
v -61.721165 -15.007939 169.209488
v -61.721165 -6.617775 169.209488
v -100.525665 -6.617775 169.209488
v -120.452309 -6.617775 169.209488
v -120.452309 -12.910398 169.209488
v -120.452309 -15.007939 169.209488
v -107.867058 -15.007939 169.209488
v -107.867058 -6.617775 169.209488
v -61.721165 -0.325153 169.209488
v -61.721165 8.065010 169.209488
v -95.281815 8.065010 169.209488
v -112.062141 8.065010 169.209488
v -118.354767 8.065010 169.209488
v -120.452309 8.065010 169.209488
v -120.452309 -6.617775 169.209488
v -107.867058 -6.617775 169.209488
v -100.525665 -6.617775 169.209488
v -61.721165 -6.617775 169.209488
v -120.452309 45.820744 169.209503
v -120.452309 16.455173 169.209488
v -118.354767 16.455173 169.209488
v -112.062141 16.455173 169.209488
v -95.281815 16.455173 169.209488
v -61.721165 16.455173 169.209488
v -61.721165 43.723202 169.209503
v -61.721165 45.820744 169.209503
v -57.526085 45.820744 169.209503
v -57.526085 16.455173 169.209488
v -40.745758 16.455173 169.209488
v -38.648216 16.455173 169.209488
v -38.648216 22.747795 169.209488
v -38.648216 45.820744 169.209503
v -40.745758 16.455173 169.209488
v -40.745758 3.869929 169.209488
v -38.648216 3.869929 169.209488
v -38.648216 16.455173 169.209488
v -17.672808 22.747795 169.209488
v -17.672808 3.869929 169.209488
v 1.205060 3.869929 169.209488
v 1.205060 45.820744 169.209503
v -17.672808 45.820744 169.209503
v -17.672808 22.747795 169.209488
v -17.672808 45.820744 169.209503
v -38.648216 45.820744 169.209503
v -38.648216 22.747795 169.209488
v -120.452309 -38.080875 43.357025
v -120.452309 -38.080872 -32.154446
v -95.281815 -38.080872 -32.154446
v -95.281815 -38.080872 9.796372
v -95.281815 -38.080875 13.991454
v -95.281815 -38.080875 41.259483
v -95.281815 -38.080875 43.357025
v -15.575267 -38.080887 123.063576
v -15.575267 -38.080887 144.038986
v -53.331001 -38.080887 144.038986
v -53.331001 -38.080887 123.063576
v 1.205060 -38.080887 123.063576
v 1.205060 -38.080887 144.038986
v -15.575267 -38.080887 144.038986
v -15.575267 -38.080887 123.063576
v -15.575267 -38.080879 85.307838
v 1.205060 -38.080879 85.307838
v -15.575267 -38.080879 85.307838
v -15.575267 -38.080875 47.552109
v -15.575267 -38.080875 43.357025
v -15.575267 -38.080872 26.576700
v 1.205060 -38.080872 26.576700
v 1.205060 -38.080879 64.332428
v 1.205060 -38.080879 85.307838
v -15.575267 -38.080872 26.576700
v -15.575267 -38.080872 9.796372
v -15.575267 -38.080872 7.698832
v -15.575267 -38.080872 -32.154446
v 1.205060 -38.080872 -32.154446
v 1.205060 -38.080872 26.576700
v -15.575267 -38.080872 -32.154446
v -15.575267 -38.080872 7.698832
v -30.258053 -38.080872 7.698832
v -30.258053 -38.080872 -32.154446
v -30.258053 -38.080872 7.698832
v -88.989197 -38.080872 7.698832
v -88.989197 -38.080872 -32.154446
v -53.331001 -38.080872 -32.154446
v -30.258053 -38.080872 -32.154446
v -65.916245 -38.080875 43.357025
v -84.794113 -38.080875 43.357025
v -84.794113 -38.080875 41.259483
v -65.916245 -38.080875 41.259483
v -88.989197 -38.080875 43.357025
v -95.281815 -38.080875 43.357025
v -95.281815 -38.080875 41.259483
v -88.989197 -38.080875 41.259483
v -57.526085 -38.080875 43.357025
v -61.721165 -38.080875 43.357025
v -61.721165 -38.080875 41.259483
v -57.526085 -38.080875 41.259483
v -61.721165 -38.080875 41.259483
v -65.916245 -38.080875 41.259483
v -84.794113 -38.080875 41.259483
v -88.989197 -38.080875 41.259483
v -95.281815 -38.080875 41.259483
v -95.281815 -38.080875 13.991454
v -91.086731 -38.080875 13.991454
v -57.526085 -38.080875 13.991454
v -57.526085 -38.080875 41.259483
v -95.281815 -38.080872 9.796372
v -91.086731 -38.080875 13.991454
v -95.281815 -38.080875 13.991454
v -65.916245 16.455187 43.357033
v -84.794113 16.455187 43.357033
v -84.794113 -38.080875 43.357025
v -65.916245 -38.080875 43.357025
v -120.452309 -38.080875 43.357025
v -95.281815 -38.080875 43.357025
v -88.989197 -38.080875 43.357025
v -88.989197 -12.910386 43.357025
v -120.452309 -12.910386 43.357025
v -88.989197 -12.910386 43.357025
v -88.989197 16.455187 43.357033
v -88.989197 20.650269 43.357033
v -88.989197 43.723217 43.357033
v -88.989197 45.820759 43.357033
v -95.281815 45.820759 43.357033
v -120.452309 45.820759 43.357033
v -120.452309 -12.910386 43.357025
v -95.281815 45.820759 43.357033
v -88.989197 45.820759 43.357033
v -61.721165 45.820759 43.357033
v -61.721165 50.015839 43.357033
v -88.989197 50.015839 43.357033
v -95.281815 50.015839 43.357033
v -19.770350 -0.325141 43.357029
v 1.205060 3.869941 43.357029
v 1.205060 50.015839 43.357033
v -15.575267 50.015839 43.357033
v -30.258053 50.015839 43.357033
v -57.526085 50.015839 43.357033
v -57.526085 -0.325141 43.357029
v -88.989197 45.820759 43.357033
v -88.989197 43.723217 43.357033
v -61.721165 43.723217 43.357033
v -61.721165 45.820759 43.357033
v -61.721165 -38.080875 43.357025
v -57.526085 -38.080875 43.357025
v -57.526085 -8.715304 43.357029
v -61.721165 -8.715304 43.357029
v -57.526085 -8.715304 43.357029
v -57.526085 -0.325141 43.357029
v -57.526085 50.015839 43.357033
v -61.721165 50.015839 43.357033
v -61.721165 45.820759 43.357033
v -61.721165 43.723217 43.357033
v -61.721165 20.650269 43.357033
v -61.721165 16.455187 43.357033
v -61.721165 -8.715304 43.357029
v -84.794113 20.650269 43.357033
v -84.794113 16.455187 43.357033
v -88.989197 16.455187 43.357033
v -88.989197 20.650269 43.357033
v -61.721165 20.650269 43.357033
v -61.721165 16.455187 43.357033
v -65.916245 16.455187 43.357033
v -65.916245 20.650269 43.357033
v -95.281815 45.820763 9.796380
v -95.281815 45.820759 22.381624
v -95.281815 50.015839 22.381626
v -95.281815 50.015839 13.991464
v -95.281815 50.015842 9.796381
v -95.281815 45.820759 34.966869
v -95.281815 45.820759 43.357033
v -95.281815 50.015839 43.357033
v -95.281815 50.015839 34.966869
v -95.281815 29.040440 -32.154442
v -95.281815 29.040434 9.796379
v -95.281815 -4.520219 9.796375
v -95.281815 -4.520215 -32.154442
v -95.281815 -4.520219 9.796375
v -95.281815 -38.080872 9.796372
v -95.281815 -38.080872 -32.154446
v -95.281815 -4.520215 -32.154442
v -95.281815 45.820763 9.796380
v -95.281815 29.040434 9.796379
v -95.281815 29.040440 -32.154442
v -95.281815 45.820763 -32.154438
v -19.770350 -0.325137 9.796376
v -15.575267 -0.325137 9.796376
v -15.575267 -4.520219 9.796375
v -57.526085 -4.520219 9.796375
v -57.526085 -0.325137 9.796376
v -9.282644 1.772404 9.796376
v -15.575267 1.772404 9.796376
v -15.575267 0.513879 9.796376
v -88.989197 -38.080872 -32.154446
v -88.989197 -38.080872 7.698832
v -88.989197 -0.325137 7.698835
v -88.989197 1.772404 7.698836
v -88.989197 1.772408 -32.154442
v -0.892480 -0.325137 5.601295
v -0.892480 -0.325137 7.698835
v 1.205060 -0.325137 7.698835
v 1.205060 -0.325137 5.601295
v -0.892480 1.772404 7.698836
v -0.892480 -0.325137 7.698835
v -0.892480 -0.325137 5.601295
v -0.892480 1.772404 5.601295
v -0.892480 1.772404 5.601295
v -0.892480 -0.325137 5.601295
v 1.205060 -0.325137 5.601295
v 1.205060 1.772404 5.601295
v -0.892480 1.772408 -32.154442
v -0.892480 1.772404 5.601295
v 1.205060 1.772404 5.601295
v 1.205060 1.772408 -32.154442
v -15.575267 0.513879 7.698835
v -15.575267 1.772404 7.698836
v -30.258053 1.772404 7.698836
v -88.989197 1.772404 7.698836
v -88.989197 -0.325137 7.698835
v -19.770350 -0.325137 7.698835
v -15.575267 0.513879 7.698835
v -19.770350 -0.325137 7.698835
v -15.575267 -0.325137 7.698835
v -0.892480 -0.325137 7.698835
v -0.892480 1.772404 7.698836
v -9.282644 1.772404 7.698836
v -30.258053 1.772404 7.698836
v -15.575267 1.772404 7.698836
v -9.282644 1.772404 7.698836
v -0.892480 1.772404 7.698836
v -0.892480 1.772404 5.601295
v -0.892480 1.772408 -32.154442
v -30.258053 1.772408 -32.154442
v -53.331001 1.772408 -32.154442
v -88.989197 1.772408 -32.154442
v -88.989197 1.772404 7.698836
v -30.258053 1.772404 7.698836
v -30.258053 1.772408 -32.154442
v -15.575267 1.772404 7.698836
v -15.575267 0.513879 7.698835
v -15.575267 0.513879 9.796376
v -15.575267 1.772404 9.796376
v -15.575267 1.772404 9.796376
v -9.282644 1.772404 9.796376
v -9.282644 1.772404 7.698836
v -15.575267 1.772404 7.698836
v -15.575267 0.513879 9.796376
v -15.575267 0.513879 7.698835
v -9.282644 1.772404 7.698836
v -9.282644 1.772404 9.796376
v -15.575267 -4.520218 7.698834
v -15.575267 -38.080872 7.698832
v -15.575267 -38.080872 9.796372
v -15.575267 -4.520219 9.796375
v 1.205060 -0.325137 7.698835
v -0.892480 -0.325137 7.698835
v -15.575267 -0.325137 7.698835
v -15.575267 -4.520218 7.698834
v 1.205060 -4.520218 7.698834
v -15.575267 -4.520218 7.698834
v -15.575267 -4.520219 9.796375
v 1.205060 -4.520219 9.796375
v 1.205060 -4.520218 7.698834
v -88.989197 -38.080872 7.698832
v -30.258053 -38.080872 7.698832
v -15.575267 -38.080872 7.698832
v -15.575267 -4.520218 7.698834
v -15.575267 -0.325137 7.698835
v -19.770350 -0.325137 7.698835
v -88.989197 -0.325137 7.698835
v -2.990021 50.015839 32.869328
v -15.575267 50.015839 32.869328
v -15.575267 50.015839 43.357033
v 1.205060 50.015839 43.357033
v 1.205060 50.015839 32.869328
v -95.281815 50.015842 9.796381
v -95.281815 50.015839 13.991464
v -91.086731 50.015839 13.991464
v 1.205060 50.015839 24.479168
v -2.990021 50.015839 24.479168
v -2.990021 50.015839 32.869328
v 1.205060 50.015839 32.869328
v -93.184273 50.015839 34.966869
v -88.989197 50.015839 34.966869
v -88.989197 50.015839 22.381626
v -93.184273 50.015839 22.381626
v -93.184273 50.015839 34.966869
v -95.281815 50.015839 34.966869
v -95.281815 50.015839 43.357033
v -88.989197 50.015839 43.357033
v -88.989197 50.015839 34.966869
v -91.086731 50.015839 13.991464
v -95.281815 50.015839 13.991464
v -95.281815 50.015839 22.381626
v -93.184273 50.015839 22.381626
v -88.989197 50.015839 22.381626
v -88.989197 50.015839 13.991464
v -30.258053 50.015839 43.357033
v -15.575267 50.015839 43.357033
v -15.575267 50.015839 32.869328
v -15.575267 50.015839 24.479168
v -15.575267 50.015839 13.991464
v -30.258053 50.015839 13.991464
v -57.526085 50.015839 13.991464
v -88.989197 50.015839 13.991464
v -88.989197 50.015839 22.381626
v -88.989197 50.015839 34.966869
v -88.989197 50.015839 43.357033
v -61.721165 50.015839 43.357033
v -57.526085 50.015839 43.357033
v -30.258053 50.015839 43.357033
v -30.258053 50.015839 13.991464
v -2.990021 50.015839 24.479168
v -15.575267 50.015839 24.479168
v -15.575267 50.015839 32.869328
v -2.990021 50.015839 32.869328
v -15.575267 50.015839 13.991464
v -15.575267 50.015839 24.479168
v -2.990021 50.015839 24.479168
v 1.205060 50.015839 24.479168
v 1.205060 50.015839 13.991464
v -57.526085 -4.520219 9.796375
v -57.526085 -4.520219 13.991457
v -57.526085 -0.325138 13.991458
v -57.526085 -0.325137 9.796376
v -57.526085 -4.520219 13.991457
v -57.526085 -0.325138 13.991458
v -57.526085 -0.325141 43.357029
v -57.526085 -8.715304 43.357029
v -57.526085 -38.080875 43.357025
v -57.526085 -38.080875 41.259483
v -57.526085 -38.080875 13.991454
v -57.526085 -0.325137 9.796376
v -57.526085 -0.325138 13.991458
v -19.770350 -0.325138 13.991458
v -19.770350 -0.325137 9.796376
v -19.770350 -0.325137 9.796376
v -19.770350 -0.325138 13.991458
v -15.575267 -0.325138 13.991458
v -15.575267 -0.325137 9.796376
v -57.526085 -0.325141 43.357029
v -57.526085 -0.325138 13.991458
v -19.770350 -0.325138 13.991458
v -19.770350 -0.325141 43.357029
v -19.770350 -0.325138 13.991458
v -57.526085 -0.325138 13.991458
v -57.526085 29.040436 13.991461
v 1.205060 29.040436 13.991461
v 1.205060 3.869944 13.991459
v -57.526085 50.015839 13.991464
v -30.258053 50.015839 13.991464
v -15.575267 50.015839 13.991464
v 1.205060 50.015839 13.991464
v 1.205060 29.040436 13.991461
v -57.526085 29.040436 13.991461
v 1.205060 3.869944 13.991459
v 1.205060 3.869941 43.357029
v -19.770350 -0.325141 43.357029
v -19.770350 -0.325138 13.991458
v -15.575267 -0.325137 9.796376
v -15.575267 -0.325138 13.991458
v -15.575267 -4.520219 13.991457
v -15.575267 -4.520219 9.796375
v -15.575267 -4.520219 13.991457
v -15.575267 -4.520219 9.796375
v -15.575267 -38.080872 9.796372
v -15.575267 -38.080872 26.576700
v -15.575267 -38.080875 43.357025
v -15.575267 -4.520223 43.357029
v -15.575267 -4.520219 9.796375
v -15.575267 -4.520219 13.991457
v -15.575267 -4.520223 43.357029
v 1.205060 -4.520223 43.357029
v 1.205060 -4.520219 9.796375
v -15.575267 -4.520219 13.991457
v -57.526085 -4.520219 13.991457
v -57.526085 -4.520219 9.796375
v -15.575267 -4.520219 9.796375
v -19.770350 -0.325138 13.991458
v -57.526085 -0.325138 13.991458
v -57.526085 -4.520219 13.991457
v -15.575267 -4.520219 13.991457
v -15.575267 -0.325138 13.991458
v -95.281815 50.015839 22.381626
v -95.281815 45.820759 22.381624
v -93.184273 45.820759 22.381624
v -93.184273 50.015839 22.381626
v -91.086731 29.040436 13.991461
v -91.086731 50.015839 13.991464
v -88.989197 50.015839 13.991464
v -57.526085 50.015839 13.991464
v -57.526085 29.040436 13.991461
v -91.086731 -38.080875 13.991454
v -91.086731 -4.520219 13.991457
v -57.526085 -4.520219 13.991457
v -57.526085 -38.080875 13.991454
v -57.526085 29.040436 13.991461
v -57.526085 -0.325138 13.991458
v -57.526085 -4.520219 13.991457
v -91.086731 -4.520219 13.991457
v -91.086731 29.040436 13.991461
v -91.086731 50.015839 13.991464
v -91.086731 29.040436 13.991461
v -95.281815 29.040434 9.796379
v -95.281815 45.820763 9.796380
v -95.281815 50.015842 9.796381
v -95.281815 -4.520219 9.796375
v -91.086731 -4.520219 13.991457
v -91.086731 -38.080875 13.991454
v -95.281815 -38.080872 9.796372
v -91.086731 29.040436 13.991461
v -91.086731 -4.520219 13.991457
v -95.281815 -4.520219 9.796375
v -95.281815 29.040434 9.796379
v -84.794113 20.650269 43.357033
v -88.989197 20.650269 43.357033
v -88.989197 20.650269 41.259491
v -84.794113 20.650269 41.259491
v -61.721165 20.650269 43.357033
v -65.916245 20.650269 43.357033
v -65.916245 20.650269 41.259491
v -61.721165 20.650269 41.259491
v -93.184273 50.015839 22.381626
v -93.184273 45.820759 22.381624
v -93.184273 45.820759 34.966869
v -93.184273 50.015839 34.966869
v -93.184273 45.820759 22.381624
v -95.281815 45.820759 22.381624
v -95.281815 45.820763 26.576706
v -95.281815 45.820759 34.966869
v -93.184273 45.820759 34.966869
v -93.184273 50.015839 34.966869
v -93.184273 45.820759 34.966869
v -95.281815 45.820759 34.966869
v -95.281815 50.015839 34.966869
v -84.794113 20.650269 41.259491
v -84.794113 -38.080875 41.259483
v -84.794113 -38.080875 43.357025
v -84.794113 16.455187 43.357033
v -84.794113 20.650269 43.357033
v -65.916245 20.650269 43.357033
v -65.916245 16.455187 43.357033
v -65.916245 -38.080875 43.357025
v -65.916245 -38.080875 41.259483
v -65.916245 20.650269 41.259491
v -65.916245 20.650269 41.259491
v -65.916245 -38.080875 41.259483
v -61.721165 -38.080875 41.259483
v -61.721165 20.650269 41.259491
v -61.721165 20.650269 41.259491
v -61.721165 -38.080875 41.259483
v -61.721165 -38.080875 43.357025
v -61.721165 -8.715304 43.357029
v -61.721165 16.455187 43.357033
v -61.721165 20.650269 43.357033
v -88.989197 20.650269 41.259491
v -88.989197 -38.080875 41.259483
v -84.794113 -38.080875 41.259483
v -84.794113 20.650269 41.259491
v -88.989197 20.650269 43.357033
v -88.989197 16.455187 43.357033
v -88.989197 -12.910386 43.357025
v -88.989197 -38.080875 43.357025
v -88.989197 -38.080875 41.259483
v -88.989197 20.650269 41.259491
v -120.452309 45.820759 43.357033
v -95.281815 45.820759 43.357033
v -95.281815 45.820759 34.966869
v -95.281815 45.820763 26.576706
v -120.452309 45.820763 26.576706
v -95.281815 45.820763 26.576706
v -95.281815 45.820759 22.381624
v -95.281815 45.820763 9.796380
v -95.281815 45.820763 -32.154438
v -120.452309 45.820763 -32.154438
v -120.452309 45.820766 -11.179029
v -120.452309 45.820763 1.406218
v -120.452309 45.820763 26.576706
v -61.721165 -0.325151 148.234070
v -61.721165 -4.520233 148.234070
v -61.721165 -4.520232 144.038986
v -61.721165 -4.520230 123.063583
v -61.721165 -4.520230 118.868500
v -61.721165 -0.325148 118.868500
v -61.721165 -29.690722 144.038986
v -61.721165 -4.520232 144.038986
v -61.721165 -4.520233 148.234070
v -61.721165 -29.690723 148.234070
v -61.721165 43.723209 110.478348
v -61.721165 43.723217 51.747196
v -61.721165 45.820759 51.747196
v -61.721165 45.820751 110.478348
v -61.721165 45.820744 169.209503
v -61.721165 43.723202 169.209503
v -61.721165 43.723209 110.478348
v -61.721165 45.820751 110.478348
v -61.721165 16.455185 51.747196
v -61.721165 16.455187 43.357033
v -61.721165 20.650269 43.357033
v -61.721165 43.723217 43.357033
v -61.721165 43.723217 51.747196
v -61.721165 16.455179 110.478340
v -61.721165 16.455185 51.747196
v -61.721165 43.723217 51.747196
v -61.721165 43.723209 110.478348
v -61.721165 43.723202 169.209503
v -61.721165 16.455173 169.209488
v -61.721165 16.455179 110.478340
v -61.721165 43.723209 110.478348
v -61.721165 -0.325148 110.478340
v -61.721165 -0.325142 60.137356
v -61.721165 -0.325141 51.747192
v -61.721165 8.065022 51.747192
v -61.721165 8.065017 110.478340
v -61.721165 -0.325153 169.209488
v -61.721165 -0.325151 148.234070
v -61.721165 -0.325148 118.868500
v -61.721165 -0.325148 110.478340
v -61.721165 8.065017 110.478340
v -61.721165 8.065010 169.209488
v -61.721165 -29.690716 60.137356
v -61.721165 -29.690714 51.747192
v -61.721165 -4.520223 51.747192
v -61.721165 -0.325141 51.747192
v -61.721165 -0.325142 60.137356
v -61.721165 -0.325148 110.478340
v -61.721165 -0.325148 118.868500
v -61.721165 -4.520230 118.868500
v -61.721165 -29.690720 118.868492
v -61.721165 -29.690716 76.917679
v -61.721165 -29.690714 68.527512
v -61.721165 -29.690716 60.137356
v -61.721165 -0.325142 60.137356
v -61.721165 -6.617775 169.209488
v -61.721165 -15.007939 169.209488
v -61.721165 -29.690725 169.209488
v -61.721165 -29.690723 152.429153
v -61.721165 -29.690723 148.234070
v -61.721165 -4.520233 148.234070
v -61.721165 -0.325151 148.234070
v -61.721165 -0.325153 169.209488
v -61.721165 -29.690720 118.868492
v -61.721165 -4.520230 118.868500
v -61.721165 -4.520230 123.063583
v -61.721165 -29.690720 123.063576
v -36.550674 3.869933 123.063583
v -19.770350 3.869933 123.063583
v -19.770350 3.869932 135.648834
v -36.550674 3.869932 135.648834
v -36.550674 3.869932 135.648834
v -19.770350 3.869932 135.648834
v -19.770350 3.869931 154.526688
v -38.648216 3.869931 154.526688
v -38.648216 3.869932 135.648834
v -38.648216 3.869933 120.966042
v -38.648216 3.869937 91.862663
v -38.648216 3.869937 86.356621
v -38.648216 3.869937 84.259079
v -38.648216 3.869937 83.472496
v -37.337254 3.869937 82.161537
v -22.916660 3.869939 67.740944
v -19.770350 3.869939 66.954361
v -19.770350 3.869936 93.698013
v -19.770350 3.869934 110.478340
v -19.770350 3.869934 118.868500
v -19.770350 3.869933 123.063583
v -36.550674 3.869933 123.063583
v -38.648216 3.869933 123.063583
v -36.550674 3.869938 79.015221
v -34.453136 3.869938 70.625061
v -22.916660 3.869939 67.740944
v -37.337254 3.869937 82.161537
v -37.337254 3.869938 75.868912
v -38.401756 3.869938 71.610909
v -34.453136 3.869938 70.625061
v -36.550674 3.869938 79.015221
v -22.916660 3.869939 67.740944
v -34.453136 3.869938 70.625061
v -40.955513 3.869938 72.250656
v -42.843300 3.869938 72.722603
v -45.989609 3.869938 73.509178
v -57.526085 3.869938 76.393295
v -57.526085 3.869939 68.527519
v -53.331001 3.869939 64.332436
v -19.770350 3.869939 64.332436
v -19.770350 3.869939 66.954361
v -48.349342 3.869938 75.868912
v -57.526085 3.869937 85.045654
v -57.526085 3.869938 76.393295
v -45.989609 3.869938 73.509178
v -57.526085 3.869934 110.478340
v -57.526085 3.869937 85.045654
v -48.349342 3.869938 75.868912
v -49.135921 3.869938 79.015221
v -57.001698 3.869934 110.478340
v -44.940838 3.869934 110.478340
v -41.270142 3.869934 110.478340
v -38.648216 3.869933 120.966042
v -38.648216 3.869933 123.063583
v -44.940838 3.869933 123.063583
v -44.940838 3.869934 110.478340
v -57.001698 3.869934 110.478340
v -49.135921 3.869938 79.015221
v -48.349342 3.869937 82.161537
v -41.270142 3.869934 110.478340
v -38.648216 3.869931 154.526688
v -38.648216 3.869929 169.209488
v -40.745758 3.869929 169.209488
v -57.526085 3.869929 169.209488
v -57.526085 3.869932 135.648834
v -44.940838 3.869932 135.648834
v -38.648216 3.869932 135.648834
v -45.989609 3.869937 84.521271
v -38.648216 3.869937 91.862663
v -38.648216 3.869933 120.966042
v -41.270142 3.869934 110.478340
v -48.349342 3.869937 82.161537
v -42.843300 3.869937 85.307846
v -38.648216 3.869937 86.356621
v -38.648216 3.869937 91.862663
v -45.989609 3.869937 84.521271
v -39.696987 3.869937 84.521271
v -38.648216 3.869937 84.259079
v -38.648216 3.869937 86.356621
v -42.843300 3.869937 85.307846
v -38.648216 3.869937 83.472496
v -38.648216 3.869937 84.259079
v -39.696987 3.869937 84.521271
v -39.696987 3.869938 73.509178
v -40.955513 3.869938 72.250656
v -38.401756 3.869938 71.610909
v -37.337254 3.869938 75.868912
v -42.843300 3.869938 72.722603
v -40.955513 3.869938 72.250656
v -39.696987 3.869938 73.509178
v -19.770350 3.869934 110.478340
v -7.185103 3.869934 110.478340
v -7.185103 3.869934 118.868500
v -17.672808 3.869934 118.868500
v -19.770350 3.869934 118.868500
v 1.205060 3.869938 72.722603
v -2.990021 3.869939 68.527519
v 1.205060 3.869939 68.527519
v -19.770350 3.869931 154.526688
v -19.770350 3.869932 135.648834
v -19.770350 3.869933 123.063583
v -19.770350 3.869934 118.868500
v -17.672808 3.869934 118.868500
v -17.672808 3.869931 154.526688
v -7.185103 3.869937 91.600471
v -7.185103 3.869938 79.015221
v -0.892480 3.869938 79.015221
v -0.892480 3.869937 91.600471
v 1.205060 3.869929 169.209488
v -17.672808 3.869929 169.209488
v -17.672808 3.869931 154.526688
v -17.672808 3.869934 118.868500
v -7.185103 3.869934 118.868500
v 1.205060 3.869934 118.868500
v -0.892480 3.869938 79.015221
v -7.185103 3.869938 79.015221
v -7.185103 3.869939 64.332436
v -2.990021 3.869939 68.527519
v 1.205060 3.869938 72.722603
v 1.205060 3.869938 79.015221
v -0.892480 3.869936 93.698013
v -7.185103 3.869936 93.698013
v -7.185103 3.869937 91.600471
v -0.892480 3.869937 91.600471
v 1.205060 3.869937 91.600471
v 1.205060 3.869936 93.698013
v -7.185103 3.869938 79.015221
v -7.185103 3.869937 91.600471
v -7.185103 3.869936 93.698013
v -19.770350 3.869936 93.698013
v -19.770350 3.869939 66.954361
v -19.770350 3.869939 64.332436
v -7.185103 3.869939 64.332436
v -19.770350 3.869936 93.698013
v -7.185103 3.869936 93.698013
v -0.892480 3.869936 93.698013
v -0.892480 3.869934 110.478340
v -7.185103 3.869934 110.478340
v -19.770350 3.869934 110.478340
v -44.940838 29.040424 110.478348
v -57.526085 29.040424 110.478348
v -57.526085 3.869934 110.478340
v -57.001698 3.869934 110.478340
v -44.940838 3.869934 110.478340
v -0.892480 50.015831 110.478348
v -5.087562 50.015831 110.478348
v -7.185103 50.015831 110.478348
v -7.185103 3.869934 110.478340
v -0.892480 3.869934 110.478340
v 1.205060 3.869934 110.478340
v 1.205060 50.015831 110.478348
v -7.185103 54.210915 110.478340
v -7.185103 53.162144 110.478340
v -5.087562 53.162144 110.478340
v -0.892480 53.162144 110.478340
v 1.205060 53.162144 110.478340
v 1.205060 54.210915 110.478340
v -0.892480 50.015831 110.478348
v 1.205060 50.015831 110.478348
v 1.205060 53.162144 110.478340
v -0.892480 53.162144 110.478340
v -7.185103 53.162144 110.478340
v -7.185103 50.015831 110.478348
v -5.087562 50.015831 110.478348
v -5.087562 53.162144 110.478340
v 1.205060 3.869939 68.527519
v -2.990021 3.869939 68.527519
v -2.990021 54.210918 68.527519
v 1.205060 54.210918 68.527519
v -53.331001 29.040430 58.039814
v -53.331001 29.040430 55.942276
v -53.331001 29.040432 47.552113
v -53.331001 16.455187 47.552116
v -53.331001 16.455185 64.332436
v -53.331001 29.040430 64.332443
v -53.331001 43.723213 58.039818
v -53.331001 43.723213 55.942280
v -53.331001 43.723217 47.552116
v -53.331001 31.137972 47.552113
v -53.331001 31.137970 64.332443
v -53.331001 43.723213 64.332443
v -7.185103 43.723213 55.942280
v -7.185103 43.723213 58.039818
v -7.185103 43.723213 64.332443
v -7.185103 31.137970 64.332443
v -7.185103 31.137972 47.552113
v -7.185103 43.723217 47.552116
v -7.185103 29.040430 55.942276
v -7.185103 29.040430 58.039814
v -7.185103 29.040430 64.332443
v -7.185103 16.455185 64.332436
v -7.185103 16.455187 47.552116
v -7.185103 29.040432 47.552113
v -2.990021 3.869939 68.527519
v -7.185103 3.869939 64.332436
v -7.185103 16.455185 64.332436
v -7.185103 29.040430 64.332443
v -7.185103 31.137970 64.332443
v -7.185103 43.723213 64.332443
v -7.185103 54.210918 64.332436
v -2.990021 54.210918 68.527519
v -19.770350 29.040430 58.039814
v -21.867889 29.040430 58.039814
v -38.648216 29.040430 58.039814
v -40.745758 29.040430 58.039814
v -53.331001 29.040430 58.039814
v -53.331001 29.040430 64.332443
v -7.185103 29.040430 64.332443
v -7.185103 29.040430 58.039814
v -40.745758 29.040430 55.942276
v -40.745758 29.040430 58.039814
v -38.648216 29.040430 58.039814
v -38.648216 29.040430 55.942276
v -21.867889 29.040430 55.942276
v -21.867889 29.040430 58.039814
v -19.770350 29.040430 58.039814
v -19.770350 29.040430 55.942276
v -53.331001 29.040430 55.942276
v -53.331001 29.040430 58.039814
v -40.745758 29.040430 58.039814
v -40.745758 29.040430 55.942276
v -53.331001 29.040432 47.552113
v -53.331001 29.040430 55.942276
v -40.745758 29.040430 55.942276
v -38.648216 29.040430 55.942276
v -21.867889 29.040430 55.942276
v -19.770350 29.040430 55.942276
v -7.185103 29.040430 55.942276
v -7.185103 29.040432 47.552113
v -38.648216 29.040430 55.942276
v -38.648216 29.040430 58.039814
v -21.867889 29.040430 58.039814
v -21.867889 29.040430 55.942276
v -19.770350 29.040430 55.942276
v -19.770350 29.040430 58.039814
v -7.185103 29.040430 58.039814
v -7.185103 29.040430 55.942276
v -53.331001 43.723217 47.552116
v -53.331001 43.723213 55.942280
v -40.745758 43.723213 55.942280
v -38.648216 43.723213 55.942280
v -21.867889 43.723213 55.942280
v -19.770350 43.723213 55.942280
v -7.185103 43.723213 55.942280
v -7.185103 43.723217 47.552116
v -21.867889 43.723213 55.942280
v -21.867889 43.723213 58.039818
v -19.770350 43.723213 58.039818
v -19.770350 43.723213 55.942280
v -40.745758 43.723213 55.942280
v -40.745758 43.723213 58.039818
v -38.648216 43.723213 58.039818
v -38.648216 43.723213 55.942280
v -19.770350 43.723213 58.039818
v -21.867889 43.723213 58.039818
v -38.648216 43.723213 58.039818
v -40.745758 43.723213 58.039818
v -53.331001 43.723213 58.039818
v -53.331001 43.723213 64.332443
v -7.185103 43.723213 64.332443
v -7.185103 43.723213 58.039818
v -53.331001 43.723213 55.942280
v -53.331001 43.723213 58.039818
v -40.745758 43.723213 58.039818
v -40.745758 43.723213 55.942280
v -38.648216 43.723213 55.942280
v -38.648216 43.723213 58.039818
v -21.867889 43.723213 58.039818
v -21.867889 43.723213 55.942280
v -19.770350 43.723213 55.942280
v -19.770350 43.723213 58.039818
v -7.185103 43.723213 58.039818
v -7.185103 43.723213 55.942280
v -38.648216 45.820755 55.942280
v -40.745758 45.820755 55.942280
v -40.745758 54.210918 55.942280
v -38.648216 54.210918 55.942280
v -19.770350 45.820755 55.942280
v -21.867889 45.820755 55.942280
v -21.867889 54.210918 55.942280
v -19.770350 54.210918 55.942280
v -7.185103 54.210918 64.332436
v -7.185103 43.723213 64.332443
v -53.331001 43.723213 64.332443
v -53.331001 54.210918 64.332436
v -38.648216 45.820755 55.942280
v -38.648216 54.210918 55.942280
v -38.648216 54.210918 58.039818
v -38.648216 45.820755 58.039818
v -21.867889 45.820755 58.039818
v -21.867889 54.210918 58.039818
v -21.867889 54.210918 55.942280
v -21.867889 45.820755 55.942280
v -19.770350 45.820755 55.942280
v -19.770350 54.210918 55.942280
v -19.770350 54.210918 58.039818
v -19.770350 45.820755 58.039818
v -21.867889 45.820755 58.039818
v -21.867889 45.820755 55.942280
v -19.770350 45.820755 55.942280
v -19.770350 45.820755 58.039818
v -19.770350 54.210918 58.039818
v -21.867889 54.210918 58.039818
v -21.867889 45.820755 58.039818
v -19.770350 45.820755 58.039818
v -40.745758 45.820755 58.039818
v -40.745758 54.210918 58.039818
v -40.745758 54.210918 55.942280
v -40.745758 45.820755 55.942280
v -40.745758 45.820755 58.039818
v -40.745758 45.820755 55.942280
v -38.648216 45.820755 55.942280
v -38.648216 45.820755 58.039818
v -38.648216 54.210918 58.039818
v -40.745758 54.210918 58.039818
v -40.745758 45.820755 58.039818
v -38.648216 45.820755 58.039818
v -7.185103 31.137970 64.332443
v -7.185103 29.040430 64.332443
v -53.331001 29.040430 64.332443
v -53.331001 31.137970 64.332443
v -7.185103 43.723217 47.552116
v -7.185103 31.137972 47.552113
v -53.331001 31.137972 47.552113
v -53.331001 43.723217 47.552116
v -53.331001 31.137972 47.552113
v -7.185103 31.137972 47.552113
v -7.185103 31.137970 64.332443
v -53.331001 31.137970 64.332443
v -7.185103 16.455187 47.552116
v -7.185103 16.455185 64.332436
v -53.331001 16.455185 64.332436
v -53.331001 16.455187 47.552116
v -7.185103 29.040432 47.552113
v -7.185103 16.455187 47.552116
v -53.331001 16.455187 47.552116
v -53.331001 29.040432 47.552113
v -7.185103 16.455185 64.332436
v -7.185103 3.869939 64.332436
v -19.770350 3.869939 64.332436
v -53.331001 3.869939 64.332436
v -53.331001 16.455185 64.332436
v -53.331001 43.723213 64.332443
v -53.331001 31.137970 64.332443
v -53.331001 29.040430 64.332443
v -53.331001 16.455185 64.332436
v -53.331001 3.869939 64.332436
v -57.526085 3.869939 68.527519
v -57.526085 54.210918 68.527519
v -53.331001 54.210918 64.332436
v -5.087562 50.015831 110.478348
v -5.087562 50.015831 106.283264
v -5.087562 53.162144 106.283257
v -5.087562 53.162144 110.478340
v 1.205060 16.455183 91.600471
v -0.892480 16.455183 91.600471
v -0.892480 16.455183 79.015221
v 1.205060 16.455183 79.015221
v -5.087562 50.015831 106.283264
v -0.892480 50.015831 106.283264
v -0.892480 53.162144 106.283257
v -5.087562 53.162144 106.283257
v -5.087562 50.015831 106.283264
v -5.087562 50.015831 110.478348
v -0.892480 50.015831 110.478348
v -0.892480 50.015831 106.283264
v -0.892480 50.015831 106.283264
v -0.892480 50.015831 110.478348
v -0.892480 53.162144 110.478340
v -0.892480 53.162144 106.283257
v -5.087562 53.162144 110.478340
v -5.087562 53.162144 106.283257
v -0.892480 53.162144 106.283257
v -0.892480 53.162144 110.478340
v 1.205060 3.869937 91.600471
v -0.892480 3.869937 91.600471
v -0.892480 16.455183 91.600471
v 1.205060 16.455183 91.600471
v -0.892480 16.455183 79.015221
v -0.892480 3.869938 79.015221
v 1.205060 3.869938 79.015221
v 1.205060 16.455183 79.015221
v -0.892480 16.455183 91.600471
v -0.892480 3.869937 91.600471
v -0.892480 3.869938 79.015221
v -0.892480 16.455183 79.015221
v -57.526085 29.040424 110.478348
v -57.526085 54.210915 110.478340
v -57.526085 54.210918 68.527519
v -57.526085 3.869939 68.527519
v -57.526085 3.869938 76.393295
v -57.526085 3.869937 85.045654
v -57.526085 3.869934 110.478340
v -39.696987 20.650263 84.521271
v -42.843300 20.650263 85.307846
v -45.989609 20.650263 84.521271
v -48.349342 20.650263 82.161537
v -49.135921 20.650265 79.015221
v -48.349342 20.650265 75.868912
v -45.989609 20.650265 73.509178
v -42.843300 20.650265 72.722603
v -39.696987 20.650265 73.509178
v -37.337254 20.650265 75.868912
v -36.550674 20.650265 79.015221
v -37.337254 20.650263 82.161537
v -45.989609 20.650265 73.509178
v -45.989609 3.869938 73.509178
v -42.843300 3.869938 72.722603
v -42.843300 20.650265 72.722603
v -42.843300 20.650265 72.722603
v -42.843300 3.869938 72.722603
v -39.696987 3.869938 73.509178
v -39.696987 20.650265 73.509178
v -48.349342 20.650265 75.868912
v -48.349342 3.869938 75.868912
v -45.989609 3.869938 73.509178
v -45.989609 20.650265 73.509178
v -39.696987 20.650265 73.509178
v -39.696987 3.869938 73.509178
v -37.337254 3.869938 75.868912
v -37.337254 20.650265 75.868912
v -49.135921 20.650265 79.015221
v -49.135921 3.869938 79.015221
v -48.349342 3.869938 75.868912
v -48.349342 20.650265 75.868912
v -37.337254 20.650265 75.868912
v -37.337254 3.869938 75.868912
v -36.550674 3.869938 79.015221
v -36.550674 20.650265 79.015221
v -48.349342 20.650263 82.161537
v -48.349342 3.869937 82.161537
v -49.135921 3.869938 79.015221
v -49.135921 20.650265 79.015221
v -36.550674 20.650265 79.015221
v -36.550674 3.869938 79.015221
v -37.337254 3.869937 82.161537
v -37.337254 20.650263 82.161537
v -45.989609 20.650263 84.521271
v -45.989609 3.869937 84.521271
v -48.349342 3.869937 82.161537
v -48.349342 20.650263 82.161537
v -37.337254 20.650263 82.161537
v -37.337254 3.869937 82.161537
v -38.648216 3.869937 83.472496
v -39.696987 3.869937 84.521271
v -39.696987 20.650263 84.521271
v -42.843300 20.650263 85.307846
v -42.843300 3.869937 85.307846
v -45.989609 3.869937 84.521271
v -45.989609 20.650263 84.521271
v -39.696987 20.650263 84.521271
v -39.696987 3.869937 84.521271
v -42.843300 3.869937 85.307846
v -42.843300 20.650263 85.307846
v -17.672808 22.747797 154.526688
v -17.672808 3.869931 154.526688
v -17.672808 3.869929 169.209488
v -17.672808 22.747795 169.209488
v -0.892480 50.015827 123.063591
v -5.087562 50.015827 123.063591
v -5.087562 53.162140 123.063583
v -0.892480 53.162140 123.063583
v -7.185103 54.210915 118.868500
v -7.185103 53.162144 118.868500
v -7.185103 50.015831 118.868507
v -7.185103 3.869934 118.868500
v -7.185103 3.869934 110.478340
v -7.185103 50.015831 110.478348
v -7.185103 53.162144 110.478340
v -7.185103 54.210915 110.478340
v -5.087562 50.015831 118.868507
v -5.087562 50.015827 123.063591
v -0.892480 50.015827 123.063591
v -0.892480 50.015831 118.868507
v 1.205060 54.210915 118.868500
v 1.205060 53.162144 118.868500
v -0.892480 53.162144 118.868500
v -5.087562 53.162144 118.868500
v -7.185103 53.162144 118.868500
v -7.185103 54.210915 118.868500
v 1.205060 53.162144 118.868500
v 1.205060 50.015831 118.868507
v -0.892480 50.015831 118.868507
v -0.892480 53.162144 118.868500
v -5.087562 50.015831 118.868507
v -7.185103 50.015831 118.868507
v -7.185103 53.162144 118.868500
v -5.087562 53.162144 118.868500
v -5.087562 50.015827 123.063591
v -5.087562 50.015831 118.868507
v -5.087562 53.162144 118.868500
v -5.087562 53.162140 123.063583
v -0.892480 50.015831 118.868507
v -0.892480 50.015827 123.063591
v -0.892480 53.162140 123.063583
v -0.892480 53.162144 118.868500
v -5.087562 53.162140 123.063583
v -5.087562 53.162144 118.868500
v -0.892480 53.162144 118.868500
v -0.892480 53.162140 123.063583
v -5.087562 50.015831 118.868507
v -0.892480 50.015831 118.868507
v 1.205060 50.015831 118.868507
v 1.205060 3.869934 118.868500
v -7.185103 3.869934 118.868500
v -7.185103 50.015831 118.868507
v -44.940838 16.455177 135.648834
v -44.940838 12.260096 135.648834
v -44.940838 3.869932 135.648834
v -57.526085 3.869932 135.648834
v -57.526085 16.455177 135.648834
v -36.550674 12.260096 135.648834
v -36.550674 3.869932 135.648834
v -38.648216 3.869932 135.648834
v -44.940838 3.869932 135.648834
v -44.940838 12.260096 135.648834
v -36.550674 12.260097 123.063583
v -36.550674 3.869933 123.063583
v -36.550674 3.869932 135.648834
v -36.550674 12.260096 135.648834
v -44.940838 12.260097 123.063583
v -44.940838 3.869933 123.063583
v -38.648216 3.869933 123.063583
v -36.550674 3.869933 123.063583
v -36.550674 12.260097 123.063583
v -44.940838 29.040424 123.063591
v -44.940838 16.455179 123.063583
v -57.526085 16.455179 123.063583
v -57.526085 29.040424 123.063591
v -44.940838 29.040424 123.063591
v -57.526085 29.040424 123.063591
v -57.526085 29.040424 110.478348
v -44.940838 29.040424 110.478348
v -57.526085 54.210911 123.063583
v -57.526085 54.210915 118.868500
v -57.526085 54.210915 110.478340
v -57.526085 29.040424 110.478348
v -57.526085 29.040424 123.063591
v -44.940838 12.260097 123.063583
v -44.940838 16.455179 123.063583
v -44.940838 29.040424 123.063591
v -44.940838 29.040424 110.478348
v -44.940838 3.869934 110.478340
v -44.940838 3.869933 123.063583
v -44.940838 16.455177 135.648834
v -57.526085 16.455177 135.648834
v -57.526085 16.455179 123.063583
v -44.940838 16.455179 123.063583
v -57.526085 54.210915 135.648849
v -57.526085 54.210911 123.063583
v -57.526085 29.040424 123.063591
v -57.526085 16.455179 123.063583
v -57.526085 16.455177 135.648834
v -44.940838 16.455179 123.063583
v -44.940838 12.260097 123.063583
v -44.940838 12.260096 135.648834
v -44.940838 16.455177 135.648834
v -36.550674 12.260096 135.648834
v -44.940838 12.260096 135.648834
v -44.940838 12.260097 123.063583
v -36.550674 12.260097 123.063583
v -38.648216 22.747795 169.209488
v -38.648216 16.455173 169.209488
v -38.648216 3.869929 169.209488
v -38.648216 3.869931 154.526688
v -38.648216 22.747797 154.526688
v -38.648216 22.747795 169.209488
v -38.648216 22.747797 154.526688
v -17.672808 22.747797 154.526688
v -17.672808 22.747795 169.209488
v -38.648216 22.747797 154.526688
v -38.648216 3.869931 154.526688
v -19.770350 3.869931 154.526688
v -17.672808 3.869931 154.526688
v -17.672808 22.747797 154.526688
v -57.526085 3.869929 169.209488
v -57.526085 16.455173 169.209488
v -57.526085 45.820744 169.209503
v -57.526085 54.210907 169.209503
v -57.526085 54.210915 135.648849
v -57.526085 16.455177 135.648834
v -57.526085 3.869932 135.648834
v -53.331001 -33.885807 144.038986
v -53.331001 -4.520232 144.038986
v -57.526085 -4.520232 144.038986
v -57.526085 -29.690722 144.038986
v -57.526085 -33.885807 144.038986
v -57.526085 -29.690722 144.038986
v -57.526085 -4.520232 144.038986
v -61.721165 -4.520232 144.038986
v -61.721165 -29.690722 144.038986
v -53.331001 -33.885807 144.038986
v -53.331001 -38.080887 144.038986
v -15.575267 -38.080887 144.038986
v 1.205060 -38.080887 144.038986
v 1.205060 -4.520232 144.038986
v -15.575267 -4.520232 144.038986
v -36.550674 -4.520232 144.038986
v -40.745758 -4.520232 144.038986
v -53.331001 -4.520232 144.038986
v -15.575267 -38.080875 43.357025
v -15.575267 -38.080875 47.552109
v -15.575267 -4.520222 47.552113
v -15.575267 -4.520223 43.357029
v -15.575267 -38.080875 47.552109
v -15.575267 -38.080879 85.307838
v -15.575267 -38.080887 123.063576
v -15.575267 -4.520230 123.063583
v -15.575267 -4.520229 110.478340
v -15.575267 -4.520227 93.698013
v -15.575267 -4.520222 47.552113
v 1.205060 -4.520227 93.698013
v -0.892480 -4.520227 93.698013
v -0.892480 3.869936 93.698013
v 1.205060 3.869936 93.698013
v -15.575267 -4.520222 47.552113
v -15.575267 -4.520227 93.698013
v -0.892480 -4.520227 93.698013
v 1.205060 -4.520227 93.698013
v 1.205060 -4.520223 43.357029
v -15.575267 -4.520223 43.357029
v 1.205060 3.869934 110.478340
v -0.892480 3.869934 110.478340
v -0.892480 -4.520229 110.478340
v 1.205060 -4.520229 110.478340
v -15.575267 -4.520229 110.478340
v -0.892480 -4.520229 110.478340
v -0.892480 -4.520227 93.698013
v -15.575267 -4.520227 93.698013
v -0.892480 3.869936 93.698013
v -0.892480 -4.520227 93.698013
v -0.892480 -4.520229 110.478340
v -0.892480 3.869934 110.478340
v 1.205060 -4.520229 110.478340
v -0.892480 -4.520229 110.478340
v -15.575267 -4.520229 110.478340
v -15.575267 -4.520230 123.063583
v -15.575267 -4.520232 144.038986
v 1.205060 -4.520232 144.038986
v -15.575267 -4.520232 144.038986
v -15.575267 -4.520230 123.063583
v -36.550674 -4.520230 123.063583
v -36.550674 -4.520231 131.453751
v -36.550674 -4.520232 135.648834
v -36.550674 -4.520232 144.038986
v -36.550674 -4.520232 135.648834
v -40.745758 -4.520232 135.648834
v -40.745758 -4.520232 144.038986
v -36.550674 -4.520232 144.038986
v -53.331001 -4.520230 123.063583
v -57.526085 -4.520230 123.063583
v -61.721165 -4.520230 123.063583
v -61.721165 -4.520232 144.038986
v -57.526085 -4.520232 144.038986
v -53.331001 -4.520232 144.038986
v -40.745758 -4.520232 144.038986
v -40.745758 -4.520232 135.648834
v -40.745758 -4.520231 131.453751
v -40.745758 -4.520230 123.063583
v -40.745758 -4.520230 123.063583
v -40.745758 -4.520231 131.453751
v -36.550674 -4.520231 131.453751
v -36.550674 -4.520230 123.063583
v -40.745758 -4.520231 131.453751
v -40.745758 -4.520232 135.648834
v -36.550674 -4.520232 135.648834
v -36.550674 -4.520231 131.453751
v -53.331001 -33.885807 123.063576
v -53.331001 -38.080887 123.063576
v -53.331001 -38.080887 144.038986
v -53.331001 -33.885807 144.038986
v -40.745758 -4.520230 123.063583
v -36.550674 -4.520230 123.063583
v -15.575267 -4.520230 123.063583
v -15.575267 -38.080887 123.063576
v -53.331001 -38.080887 123.063576
v -53.331001 -33.885807 123.063576
v -53.331001 -4.520230 123.063583
v -53.331001 -33.885807 144.038986
v -57.526085 -33.885807 144.038986
v -57.526085 -33.885807 123.063576
v -53.331001 -33.885807 123.063576
v -61.721165 -29.690720 123.063576
v -61.721165 -4.520230 123.063583
v -57.526085 -4.520230 123.063583
v -57.526085 -29.690720 123.063576
v -57.526085 -33.885807 123.063576
v -57.526085 -29.690720 123.063576
v -57.526085 -4.520230 123.063583
v -53.331001 -4.520230 123.063583
v -53.331001 -33.885807 123.063576
v -61.721165 -29.690722 144.038986
v -61.721165 -29.690722 135.648834
v -61.721165 -29.690720 123.063576
v -57.526085 -29.690720 123.063576
v -57.526085 -29.690722 144.038986
v -57.526085 -33.885807 144.038986
v -57.526085 -29.690722 144.038986
v -57.526085 -29.690720 123.063576
v -57.526085 -33.885807 123.063576
v -61.721165 45.820759 51.747196
v -61.721165 43.723217 51.747196
v -88.989197 43.723217 51.747196
v -88.989197 45.820759 51.747196
v -120.452309 -29.690714 51.747192
v -120.452309 -12.910386 51.747189
v -120.452309 8.065022 51.747192
v -118.354767 8.065022 51.747192
v -112.062141 8.065022 51.747192
v -112.062141 -6.617764 51.747192
v -112.062141 -15.007927 51.747189
v -112.062141 -29.690714 51.747192
v -100.525665 -6.617764 51.747192
v -107.867058 -6.617764 51.747192
v -112.062141 -6.617764 51.747192
v -112.062141 8.065022 51.747192
v -95.281815 8.065022 51.747192
v -88.989197 8.065022 51.747192
v -88.989197 -0.325141 51.747192
v -88.989197 -4.520223 51.747192
v -88.989197 -6.617764 51.747192
v -88.989197 45.820759 51.747196
v -88.989197 43.723217 51.747196
v -88.989197 16.455185 51.747196
v -95.281815 16.455185 51.747196
v -112.062141 16.455185 51.747196
v -118.354767 16.455185 51.747196
v -120.452309 16.455185 51.747196
v -120.452309 45.820759 51.747196
v -107.867058 -15.007927 51.747189
v -100.525665 -15.007927 51.747189
v -88.989197 -15.007927 51.747189
v -88.989197 -29.690714 51.747192
v -112.062141 -29.690714 51.747192
v -112.062141 -15.007927 51.747189
v -88.989197 -6.617764 51.747192
v -88.989197 -15.007927 51.747189
v -100.525665 -15.007927 51.747189
v -100.525665 -6.617764 51.747192
v -107.867058 -15.007927 51.747189
v -112.062141 -15.007927 51.747189
v -112.062141 -6.617764 51.747192
v -107.867058 -6.617764 51.747192
v -88.989197 -4.520223 51.747192
v -88.989197 -0.325141 51.747192
v -82.696571 -0.325141 51.747192
v -82.696571 -4.520223 51.747192
v -78.501488 -0.325141 51.747192
v -61.721165 -0.325141 51.747192
v -61.721165 -4.520223 51.747192
v -78.501488 -4.520223 51.747192
v -78.501488 -0.325141 51.747192
v -82.696571 -0.325141 51.747192
v -88.989197 -0.325141 51.747192
v -88.989197 8.065022 51.747192
v -61.721165 8.065022 51.747192
v -61.721165 -0.325141 51.747192
v -88.989197 -29.690714 51.747192
v -88.989197 -15.007927 51.747189
v -88.989197 -6.617764 51.747192
v -88.989197 -4.520223 51.747192
v -82.696571 -4.520223 51.747192
v -78.501488 -4.520223 51.747192
v -61.721165 -4.520223 51.747192
v -61.721165 -29.690714 51.747192
v -61.721165 16.455185 51.747196
v -88.989197 16.455185 51.747196
v -88.989197 16.455187 43.357033
v -84.794113 16.455187 43.357033
v -65.916245 16.455187 43.357033
v -61.721165 16.455187 43.357033
v -88.989197 16.455185 51.747196
v -88.989197 43.723217 51.747196
v -88.989197 43.723217 43.357033
v -88.989197 20.650269 43.357033
v -88.989197 16.455187 43.357033
v -88.989197 43.723217 43.357033
v -88.989197 43.723217 51.747196
v -61.721165 43.723217 51.747196
v -61.721165 43.723217 43.357033
v -100.525665 45.558556 148.234085
v -107.867058 45.558556 148.234085
v -107.867058 45.558559 139.843918
v -100.525665 45.558559 139.843918
v -100.525665 45.558563 81.112770
v -107.867058 45.558563 81.112770
v -107.867058 45.558563 72.722610
v -100.525665 45.558563 72.722610
v -120.452309 45.820751 110.478348
v -120.452309 45.820751 118.868507
v -120.452309 45.820744 169.209503
v -61.721165 45.820744 169.209503
v -61.721165 45.820751 110.478348
v -88.989197 45.820759 51.747196
v -120.452309 45.820759 51.747196
v -120.452309 45.820755 60.137360
v -120.452309 45.820751 110.478348
v -61.721165 45.820751 110.478348
v -61.721165 45.820759 51.747196
v -105.769524 -29.690722 144.038986
v -61.721165 -29.690722 144.038986
v -61.721165 -29.690723 148.234070
v -61.721165 -29.690723 152.429153
v -105.769524 -29.690723 152.429153
v -105.769524 -29.690714 68.527512
v -112.062141 -29.690714 68.527512
v -112.062141 -29.690714 51.747192
v -88.989197 -29.690714 51.747192
v -61.721165 -29.690714 51.747192
v -61.721165 -29.690716 60.137356
v -61.721165 -29.690714 68.527512
v -105.769524 -29.690722 144.038986
v -112.062141 -29.690722 144.038986
v -112.062141 -29.690722 135.648834
v -61.721165 -29.690722 135.648834
v -61.721165 -29.690722 144.038986
v -112.062141 -29.690722 135.648834
v -112.062141 -29.690720 110.478333
v -112.062141 -29.690716 76.917679
v -105.769524 -29.690716 76.917679
v -61.721165 -29.690716 76.917679
v -61.721165 -29.690720 118.868492
v -61.721165 -29.690720 123.063576
v -61.721165 -29.690722 135.648834
v -105.769524 -29.690714 68.527512
v -61.721165 -29.690714 68.527512
v -61.721165 -29.690716 76.917679
v -105.769524 -29.690716 76.917679
v -61.721165 -29.690725 169.209488
v -112.062141 -29.690725 169.209488
v -112.062141 -29.690723 152.429153
v -105.769524 -29.690723 152.429153
v -61.721165 -29.690723 152.429153
v -112.062141 -29.690722 135.648834
v -112.062141 -29.690722 144.038986
v -112.062141 -29.690723 152.429153
v -112.062141 -29.690725 169.209488
v -120.452309 -29.690725 169.209488
v -120.452309 -29.690720 110.478333
v -112.062141 -29.690720 110.478333
v -120.452309 -29.690720 110.478333
v -120.452309 -29.690714 51.747192
v -112.062141 -29.690714 51.747192
v -112.062141 -29.690714 68.527512
v -112.062141 -29.690716 76.917679
v -112.062141 -29.690720 110.478333
v -95.281815 8.065019 85.307846
v -95.281815 8.065020 68.527519
v -95.281815 16.455185 68.527519
v -95.281815 16.455181 85.307846
v -95.281815 8.065012 152.429153
v -95.281815 8.065014 135.648834
v -95.281815 16.455177 135.648834
v -95.281815 16.455175 152.429153
v -78.501488 -2.422682 53.844734
v -82.696571 -2.422682 53.844734
v -82.696571 -0.325141 51.747192
v -78.501488 -0.325141 51.747192
v -95.281815 8.065017 110.478340
v -95.281815 8.065015 127.258667
v -95.281815 8.065014 135.648834
v -95.281815 8.065012 152.429153
v -95.281815 8.065010 169.209488
v -61.721165 8.065010 169.209488
v -61.721165 8.065017 110.478340
v -61.721165 8.065022 51.747192
v -88.989197 8.065022 51.747192
v -95.281815 8.065022 51.747192
v -95.281815 8.065020 68.527519
v -95.281815 8.065019 85.307846
v -95.281815 8.065018 93.698013
v -95.281815 8.065017 110.478340
v -61.721165 8.065017 110.478340
v -61.721165 16.455173 169.209488
v -95.281815 16.455173 169.209488
v -95.281815 16.455175 152.429153
v -95.281815 16.455177 135.648834
v -95.281815 16.455177 127.258667
v -95.281815 16.455179 120.966042
v -95.281815 16.455179 110.478340
v -61.721165 16.455179 110.478340
v -95.281815 16.455179 110.478340
v -95.281815 16.455181 99.990631
v -95.281815 16.455181 85.307846
v -95.281815 16.455185 68.527519
v -95.281815 16.455185 51.747196
v -88.989197 16.455185 51.747196
v -61.721165 16.455185 51.747196
v -61.721165 16.455179 110.478340
v -78.501488 -4.520223 51.747192
v -78.501488 -4.520223 53.844734
v -78.501488 -2.422682 53.844734
v -78.501488 -0.325141 51.747192
v -78.501488 -4.520223 51.747192
v -82.696571 -4.520223 51.747192
v -82.696571 -4.520223 53.844734
v -78.501488 -4.520223 53.844734
v -82.696571 -2.422682 53.844734
v -82.696571 -4.520223 53.844734
v -82.696571 -4.520223 51.747192
v -82.696571 -0.325141 51.747192
v -78.501488 -4.520223 53.844734
v -82.696571 -4.520223 53.844734
v -82.696571 -2.422682 53.844734
v -78.501488 -2.422682 53.844734
v -118.354767 17.503950 111.002724
v -118.354767 16.717371 111.002724
v -118.354767 16.717371 109.953949
v -118.354767 17.503950 109.953949
v -105.769524 8.065015 127.258667
v -105.769524 -0.325149 127.258667
v -112.062141 -0.325149 127.258667
v -112.062141 8.065015 127.258667
v -112.062141 8.065015 127.258667
v -112.062141 8.065017 110.478340
v -118.354767 8.065017 110.478340
v -118.354767 8.065015 127.258667
v -112.062141 8.065017 110.478340
v -112.062141 8.065018 93.698013
v -112.062141 8.065019 85.307846
v -112.062141 8.065020 68.527519
v -112.062141 8.065022 51.747192
v -118.354767 8.065022 51.747192
v -118.354767 8.065017 110.478340
v -112.062141 8.065019 85.307846
v -112.062141 8.065018 93.698013
v -105.769524 8.065018 93.698013
v -95.281815 8.065018 93.698013
v -95.281815 8.065019 85.307846
v -105.769524 8.065017 102.088173
v -105.769524 8.065015 127.258667
v -95.281815 8.065015 127.258667
v -95.281815 8.065017 110.478340
v -95.281815 8.065018 93.698013
v -105.769524 8.065018 93.698013
v -112.062141 8.065022 51.747192
v -112.062141 8.065020 68.527519
v -95.281815 8.065020 68.527519
v -95.281815 8.065022 51.747192
v -112.062141 16.455181 85.307846
v -112.062141 8.065019 85.307846
v -95.281815 8.065019 85.307846
v -95.281815 16.455181 85.307846
v -112.062141 8.065020 68.527519
v -112.062141 8.065019 85.307846
v -112.062141 16.455181 85.307846
v -112.062141 16.455185 68.527519
v -95.281815 16.455185 68.527519
v -95.281815 8.065020 68.527519
v -112.062141 8.065020 68.527519
v -112.062141 16.455185 68.527519
v -95.281815 16.455185 68.527519
v -112.062141 16.455185 68.527519
v -112.062141 16.455185 51.747196
v -95.281815 16.455185 51.747196
v -100.525665 45.558563 72.722610
v -100.525665 8.065021 72.722603
v -100.525665 8.065019 81.112762
v -100.525665 45.558563 81.112770
v -100.525665 45.558563 81.112770
v -100.525665 8.065019 81.112762
v -107.867058 8.065019 81.112762
v -107.867058 45.558563 81.112770
v -107.867058 45.558563 72.722610
v -107.867058 8.065021 72.722603
v -100.525665 8.065021 72.722603
v -100.525665 45.558563 72.722610
v -107.867058 45.558563 81.112770
v -107.867058 8.065019 81.112762
v -107.867058 8.065021 72.722603
v -107.867058 45.558563 72.722610
v -118.354767 16.455185 51.747196
v -112.062141 16.455185 51.747196
v -112.062141 16.455185 68.527519
v -112.062141 16.455181 85.307846
v -118.354767 16.455181 85.307846
v -113.915848 23.796572 111.527115
v -114.946259 23.796572 111.527115
v -114.946259 23.796572 111.002731
v -114.946259 23.796572 109.953957
v -114.946259 23.796572 109.429573
v -114.033829 23.796572 109.429573
v -113.373108 23.796572 109.429573
v -113.373108 23.796572 109.953957
v -113.373108 23.796572 110.984375
v -113.373108 23.796572 111.527115
v -112.062141 16.455177 127.258667
v -112.062141 16.455179 120.966042
v -107.867058 16.455179 120.966042
v -97.379356 16.455179 120.966042
v -95.281815 16.455179 120.966042
v -95.281815 16.455177 127.258667
v -97.379356 16.455181 99.990631
v -107.867058 16.455181 99.990631
v -112.062141 16.455181 99.990631
v -112.062141 16.455181 85.307846
v -95.281815 16.455181 85.307846
v -95.281815 16.455181 99.990631
v -97.379356 16.455181 99.990631
v -95.281815 16.455181 99.990631
v -95.281815 16.455179 110.478340
v -95.281815 16.455179 120.966042
v -97.379356 16.455179 120.966042
v -112.062141 16.455179 120.966042
v -112.062141 16.455181 99.990631
v -107.867058 16.455181 99.990631
v -107.867058 16.455179 120.966042
v -112.062141 16.455181 85.307846
v -112.062141 16.455181 99.990631
v -112.062141 16.455179 120.966042
v -112.062141 16.455177 127.258667
v -118.354767 16.455177 127.258667
v -118.354767 16.455179 110.478340
v -118.354767 16.455181 85.307846
v -107.867058 19.601492 99.990631
v -107.867058 16.455181 99.990631
v -97.379356 16.455181 99.990631
v -97.379356 19.601492 99.990631
v -97.379356 19.601490 120.966042
v -97.379356 16.455179 120.966042
v -107.867058 16.455179 120.966042
v -107.867058 19.601490 120.966042
v -107.867058 19.601490 120.966042
v -107.867058 16.455179 120.966042
v -107.867058 16.455181 99.990631
v -107.867058 19.601492 99.990631
v -97.379356 19.601492 99.990631
v -97.379356 16.455181 99.990631
v -97.379356 16.455179 120.966042
v -97.379356 19.601490 120.966042
v -97.379356 19.601490 120.966042
v -107.867058 19.601490 120.966042
v -107.867058 19.601492 99.990631
v -97.379356 19.601492 99.990631
v -110.488991 16.717373 102.088173
v -109.888565 16.717373 102.987495
v -109.702408 16.717373 102.612556
v -110.488991 17.766144 102.088173
v -110.488991 16.717373 102.088173
v -109.702408 16.717373 102.612556
v -109.702408 17.503952 102.612556
v -109.702408 17.503950 118.081924
v -109.702408 16.717371 118.081924
v -110.488991 16.717371 118.868500
v -110.488991 17.503950 118.868500
v -114.684067 21.699032 111.002724
v -114.767975 22.370243 111.002731
v -114.946259 23.796572 111.002731
v -114.946259 23.796572 111.527115
v -114.767975 22.370243 109.953957
v -114.684067 21.699032 109.953949
v -114.946259 23.796572 109.429573
v -114.946259 23.796572 109.953957
v -114.767975 22.370243 109.953957
v -114.946259 23.796572 109.953957
v -114.946259 23.796572 111.002731
v -114.767975 22.370243 111.002731
v -114.684067 21.699032 111.002724
v -118.354767 16.717371 111.002724
v -118.354767 17.503950 111.002724
v -114.767975 22.370243 111.002731
v -114.767975 22.370243 109.953957
v -118.354767 17.503950 109.953949
v -118.354767 16.717371 109.953949
v -114.684067 21.699032 109.953949
v -114.767975 22.370243 111.002731
v -118.354767 17.503950 111.002724
v -118.354767 17.503950 109.953949
v -114.767975 22.370243 109.953957
v -114.684067 21.699032 110.777992
v -114.684067 21.699032 109.953949
v -118.354767 16.717371 109.953949
v -118.354767 16.717371 111.002724
v -114.684067 21.699032 111.002724
v -114.159683 21.699032 109.691757
v -113.711357 21.090586 108.763084
v -110.488991 16.717373 102.088173
v -110.488991 17.766144 102.088173
v -114.159683 22.485609 109.691765
v -114.946259 23.796572 109.429573
v -114.684067 21.699032 109.953949
v -114.285538 21.699032 109.953949
v -114.033829 23.796572 109.429573
v -114.684067 21.699032 109.953949
v -114.684067 21.699032 110.777992
v -114.470757 21.699032 110.336136
v -114.285538 21.699032 109.953949
v -110.488991 17.503950 118.868500
v -110.488991 16.717371 118.868500
v -113.711357 21.090586 111.963417
v -114.159683 21.699032 111.002724
v -114.081032 22.378109 111.173157
v -114.684067 21.699032 110.777992
v -114.684067 21.699032 111.002724
v -114.159683 21.699032 111.002724
v -114.470757 21.699032 110.336136
v -114.159683 21.699032 111.002724
v -114.684067 21.699032 111.002724
v -114.946259 23.796572 111.527115
v -113.915848 23.796572 111.527115
v -113.574989 22.181465 111.123337
v -113.373108 23.796572 111.527115
v -113.373108 23.796572 110.984375
v -113.551392 22.378109 110.643524
v -113.635300 21.699032 110.478340
v -113.373108 23.796572 110.984375
v -113.373108 23.796572 109.953957
v -113.373108 23.796572 109.429573
v -113.572372 22.202440 109.828102
v -113.554016 22.359758 110.313164
v -113.373108 23.796572 109.953957
v -109.702408 17.503952 102.612556
v -109.702408 16.717373 102.612556
v -109.888565 16.717373 102.987495
v -113.635300 21.699032 110.478340
v -113.554016 22.359758 110.313164
v -110.488991 17.503950 118.868500
v -113.627434 21.761959 112.143265
v -113.551392 22.378109 110.643524
v -109.702408 17.503950 118.081924
v -113.635300 21.699032 110.478340
v -109.702408 16.717371 118.081924
v -109.702408 17.503950 118.081924
v -113.551392 22.378109 110.643524
v -109.702408 16.717371 118.081924
v -113.635300 21.699032 110.478340
v -113.711357 21.090586 111.963417
v -110.488991 16.717371 118.868500
v -109.702408 17.503952 102.612556
v -113.554016 22.359758 110.313164
v -113.622192 21.796041 108.580063
v -110.488991 17.766144 102.088173
v -113.635300 21.699032 110.478340
v -109.888565 16.717373 102.987495
v -110.488991 16.717373 102.088173
v -113.711357 21.090586 108.763084
v -114.159683 21.699032 111.002724
v -113.635300 21.699032 110.478340
v -113.905357 21.699032 109.953949
v -114.285538 21.699032 109.953949
v -114.470757 21.699032 110.336136
v -113.373108 23.796572 111.527115
v -113.574989 22.181465 111.123337
v -114.081032 22.378109 111.173157
v -113.915848 23.796572 111.527115
v -113.627434 21.761959 112.143265
v -114.081032 22.378109 111.173157
v -113.574989 22.181465 111.123337
v -114.115105 22.482988 109.757317
v -114.159683 22.485609 109.691765
v -113.622192 21.796041 108.580063
v -113.572372 22.202440 109.828102
v -113.572372 22.202440 109.828102
v -113.373108 23.796572 109.429573
v -114.033829 23.796572 109.429573
v -114.185905 22.519695 109.749451
v -113.984009 21.699032 109.953949
v -114.115105 22.482988 109.757317
v -114.185905 22.519695 109.749451
v -114.267181 21.845858 109.917252
v -113.984009 21.699032 109.953949
v -114.159683 21.699032 109.691757
v -114.159683 22.485609 109.691765
v -114.115105 22.482988 109.757317
v -113.635300 21.699032 110.478340
v -114.159683 21.699032 111.002724
v -113.711357 21.090586 111.963417
v -113.635300 21.699032 110.478340
v -113.711357 21.090586 108.763084
v -114.159683 21.699032 109.691757
v -112.062141 -0.325149 127.258667
v -112.062141 -11.512033 127.258667
v -112.062141 -2.422689 118.868500
v -112.062141 8.065017 110.478340
v -112.062141 8.065015 127.258667
v -112.062141 -0.325148 118.868500
v -112.062141 -0.325146 102.088173
v -112.062141 8.065018 93.698013
v -112.062141 -0.325146 102.088173
v -112.062141 -2.422687 102.088173
v -112.062141 -0.325146 93.698013
v -112.062141 8.065018 93.698013
v -112.062141 8.065015 127.258667
v -112.062141 -0.325149 127.258667
v -112.062141 -2.422689 118.868500
v -112.062141 -0.325148 118.868500
v -112.062141 -2.422687 102.088173
v -112.062141 -29.690716 76.917679
v -112.062141 -29.690714 68.527512
v -112.062141 -0.325146 93.698013
v -100.525665 -6.617764 51.747192
v -100.525665 -15.007927 51.747189
v -100.525665 -0.325144 81.112762
v -100.525665 3.869938 72.722603
v -100.525665 8.065021 72.722603
v -100.525665 3.869938 72.722603
v -100.525665 -0.325144 81.112762
v -100.525665 8.065019 81.112762
v -105.769524 -0.325146 102.088173
v -105.769524 -2.422687 102.088173
v -112.062141 -2.422687 102.088173
v -112.062141 -0.325146 102.088173
v -105.769524 -2.422687 102.088173
v -105.769524 -11.512030 93.698013
v -105.769524 -29.690716 76.917679
v -112.062141 -29.690716 76.917679
v -112.062141 -2.422687 102.088173
v -112.062141 8.065018 93.698013
v -112.062141 -0.325146 93.698013
v -105.769524 -0.325146 93.698013
v -105.769524 8.065018 93.698013
v -112.062141 -0.325146 93.698013
v -112.062141 -29.690714 68.527512
v -105.769524 -29.690714 68.527512
v -105.769524 -0.325146 93.698013
v -100.525665 8.065019 81.112762
v -100.525665 -0.325144 81.112762
v -107.867058 -0.325144 81.112762
v -107.867058 8.065019 81.112762
v -107.867058 8.065019 81.112762
v -107.867058 -0.325144 81.112762
v -107.867058 3.869938 72.722603
v -107.867058 8.065021 72.722603
v -107.867058 -0.325144 81.112762
v -107.867058 -15.007927 51.747189
v -107.867058 -6.617764 51.747192
v -107.867058 3.869938 72.722603
v -100.525665 -15.007927 51.747189
v -107.867058 -15.007927 51.747189
v -107.867058 -0.325144 81.112762
v -100.525665 -0.325144 81.112762
v -107.867058 8.065021 72.722603
v -107.867058 3.869938 72.722603
v -100.525665 3.869938 72.722603
v -100.525665 8.065021 72.722603
v -107.867058 3.869938 72.722603
v -107.867058 -6.617764 51.747192
v -100.525665 -6.617764 51.747192
v -100.525665 3.869938 72.722603
v -105.769524 -0.325146 93.698013
v -105.769524 -29.690714 68.527512
v -105.769524 -29.690716 76.917679
v -105.769524 -11.512030 93.698013
v -105.769524 -0.325146 93.698013
v -105.769524 -11.512030 93.698013
v -105.769524 -2.422687 102.088173
v -105.769524 8.065018 93.698013
v -105.769524 -0.325146 93.698013
v -105.769524 -2.422687 102.088173
v -105.769524 -0.325146 102.088173
v -105.769524 8.065018 93.698013
v -105.769524 -0.325146 102.088173
v -105.769524 8.065017 102.088173
v -105.769524 -0.325148 118.868500
v -105.769524 -2.422689 118.868500
v -105.769524 -0.325149 127.258667
v -105.769524 8.065015 127.258667
v -105.769524 -0.325146 102.088173
v -105.769524 -0.325148 118.868500
v -105.769524 8.065015 127.258667
v -105.769524 8.065017 102.088173
v -105.769524 -2.422689 118.868500
v -105.769524 -11.512033 127.258667
v -105.769524 -0.325149 127.258667
v -105.769524 -0.325146 102.088173
v -112.062141 -0.325146 102.088173
v -112.062141 -0.325148 118.868500
v -105.769524 -0.325148 118.868500
v -112.062141 -0.325148 118.868500
v -112.062141 -2.422689 118.868500
v -105.769524 -2.422689 118.868500
v -105.769524 -0.325148 118.868500
v -112.062141 -2.422689 118.868500
v -112.062141 -11.512033 127.258667
v -105.769524 -11.512033 127.258667
v -105.769524 -2.422689 118.868500
v -112.062141 8.065014 135.648834
v -112.062141 8.065012 152.429153
v -112.062141 16.455175 152.429153
v -112.062141 16.455177 135.648834
v -112.062141 -0.325149 127.258667
v -112.062141 -29.690723 152.429153
v -112.062141 -29.690722 144.038986
v -112.062141 -11.512033 127.258667
v -107.867058 -0.325150 139.843903
v -107.867058 -4.520233 148.234070
v -107.867058 -15.007939 169.209488
v -100.525665 -15.007939 169.209488
v -100.525665 -4.520233 148.234070
v -100.525665 -0.325150 139.843903
v -105.769524 -11.512033 127.258667
v -105.769524 -29.690722 144.038986
v -105.769524 -29.690723 152.429153
v -105.769524 -0.325149 127.258667
v -112.062141 -11.512033 127.258667
v -112.062141 -29.690722 144.038986
v -105.769524 -29.690722 144.038986
v -105.769524 -11.512033 127.258667
v -105.769524 -0.325149 127.258667
v -105.769524 -29.690723 152.429153
v -112.062141 -29.690723 152.429153
v -112.062141 -0.325149 127.258667
v -107.867058 45.558559 139.843918
v -107.867058 -0.325150 139.843903
v -100.525665 -0.325150 139.843903
v -100.525665 45.558559 139.843918
v -95.281815 16.455177 135.648834
v -112.062141 16.455177 135.648834
v -112.062141 16.455177 127.258667
v -95.281815 16.455177 127.258667
v -105.769524 8.065015 127.258667
v -112.062141 8.065015 127.258667
v -112.062141 8.065014 135.648834
v -95.281815 8.065014 135.648834
v -95.281815 8.065015 127.258667
v -95.281815 16.455177 135.648834
v -95.281815 8.065014 135.648834
v -112.062141 8.065014 135.648834
v -112.062141 16.455177 135.648834
v -100.525665 45.558556 148.234085
v -100.525665 3.869931 148.234070
v -107.867058 3.869931 148.234070
v -107.867058 45.558556 148.234085
v -100.525665 45.558559 139.843918
v -100.525665 -0.325150 139.843903
v -100.525665 3.869931 148.234070
v -100.525665 45.558556 148.234085
v -100.525665 -0.325150 139.843903
v -100.525665 -4.520233 148.234070
v -100.525665 3.869931 148.234070
v -107.867058 45.558556 148.234085
v -107.867058 3.869931 148.234070
v -107.867058 -0.325150 139.843903
v -107.867058 45.558559 139.843918
v -107.867058 -4.520233 148.234070
v -107.867058 -0.325150 139.843903
v -107.867058 3.869931 148.234070
v -112.062141 16.455173 169.209488
v -112.062141 16.455175 152.429153
v -95.281815 16.455175 152.429153
v -95.281815 16.455173 169.209488
v -95.281815 8.065012 152.429153
v -112.062141 8.065012 152.429153
v -112.062141 8.065010 169.209488
v -95.281815 8.065010 169.209488
v -112.062141 16.455175 152.429153
v -112.062141 8.065012 152.429153
v -95.281815 8.065012 152.429153
v -95.281815 16.455175 152.429153
v -100.525665 -4.520233 148.234070
v -100.525665 -15.007939 169.209488
v -100.525665 -6.617775 169.209488
v -100.525665 3.869931 148.234070
v -107.867058 -6.617775 169.209488
v -107.867058 -15.007939 169.209488
v -107.867058 -4.520233 148.234070
v -107.867058 3.869931 148.234070
v -100.525665 -6.617775 169.209488
v -107.867058 -6.617775 169.209488
v -107.867058 3.869931 148.234070
v -100.525665 3.869931 148.234070
v -118.354767 8.065010 169.209488
v -112.062141 8.065010 169.209488
v -112.062141 8.065012 152.429153
v -112.062141 8.065014 135.648834
v -112.062141 8.065015 127.258667
v -118.354767 8.065015 127.258667
v -112.062141 16.455177 127.258667
v -112.062141 16.455177 135.648834
v -112.062141 16.455175 152.429153
v -112.062141 16.455173 169.209488
v -118.354767 16.455173 169.209488
v -118.354767 16.455177 127.258667
v -120.452309 8.065010 169.209488
v -118.354767 8.065010 169.209488
v -118.354767 8.065015 127.258667
v -118.354767 8.065017 110.478340
v -120.452309 8.065017 110.478340
v -118.354767 8.065017 110.478340
v -118.354767 8.065022 51.747192
v -120.452309 8.065022 51.747192
v -120.452309 8.065017 110.478340
v -118.354767 16.455179 110.478340
v -118.354767 16.455177 127.258667
v -118.354767 16.455173 169.209488
v -120.452309 16.455173 169.209488
v -120.452309 16.455179 110.478340
v -120.452309 16.455185 51.747196
v -118.354767 16.455185 51.747196
v -118.354767 16.455181 85.307846
v -118.354767 16.455179 110.478340
v -120.452309 16.455179 110.478340
v -40.745758 3.869928 177.599640
v -57.526085 3.869928 177.599640
v -57.526085 3.869929 169.209488
v -40.745758 3.869929 169.209488
v -57.526085 16.455173 169.209488
v -57.526085 16.455173 177.599640
v -40.745758 16.455173 177.599640
v -40.745758 16.455173 169.209488
v -40.745758 16.455173 177.599640
v -40.745758 3.869928 177.599640
v -40.745758 3.869929 169.209488
v -40.745758 16.455173 169.209488
v -57.526085 3.869928 177.599640
v -57.526085 16.455173 177.599640
v -57.526085 16.455173 169.209488
v -57.526085 3.869929 169.209488
v -120.452309 -38.080891 169.209488
v -128.842468 -38.080891 169.209488
v -128.842468 -33.885811 169.209488
v -120.452309 -33.885811 169.209488
v -145.622803 -4.520217 -11.179033
v -145.622803 -4.520215 -27.959360
v -128.842468 -4.520215 -27.959360
v -128.842468 -4.520217 -11.179033
v -120.452309 45.820766 -11.179029
v -149.817886 45.820766 -11.179029
v -149.817886 54.210930 -11.179027
v -120.452309 54.210930 -11.179027
v -120.452309 45.820763 -32.154438
v -149.817886 45.820763 -32.154438
v -149.817886 45.820766 -11.179029
v -120.452309 45.820766 -11.179029
v -149.817886 -38.080891 165.014404
v -145.622803 -38.080891 165.014404
v -128.842468 -38.080891 165.014404
v -128.842468 -38.080891 169.209488
v -149.817886 -38.080891 169.209488
v -120.452309 -38.080872 -32.154446
v -120.452309 -38.080875 43.357025
v -120.452309 -38.080875 51.747189
v -128.842468 -38.080875 51.747189
v -128.842468 -38.080872 5.601291
v -128.842468 -38.080868 -11.179036
v -128.842468 -38.080872 -27.959362
v -128.842468 -38.080872 -32.154446
v -145.622803 -38.080879 93.698006
v -145.622803 -38.080891 165.014404
v -149.817886 -38.080891 165.014404
v -149.817886 -38.080879 94.690399
v -149.817886 -38.080879 76.917679
v -145.622803 -38.080879 76.917679
v -149.817886 -38.080879 76.917679
v -149.817886 -38.080879 65.278946
v -149.817886 -38.080868 -11.179036
v -145.622803 -38.080868 -11.179036
v -145.622803 -38.080872 5.601291
v -145.622803 -38.080879 76.917679
v -128.842468 -38.080879 93.698006
v -128.842468 -38.080883 110.478333
v -128.842468 -38.080891 165.014404
v -145.622803 -38.080891 165.014404
v -145.622803 -38.080879 93.698006
v -128.842468 -38.080872 5.601291
v -128.842468 -38.080875 51.747189
v -128.842468 -38.080879 93.698006
v -145.622803 -38.080879 93.698006
v -145.622803 -38.080879 76.917679
v -145.622803 -38.080872 5.601291
v -128.842468 -38.080872 -32.154446
v -128.842468 -38.080872 -27.959362
v -149.817886 -38.080872 -27.959362
v -149.817886 -38.080872 -32.154446
v -128.842468 -33.885796 51.747189
v -128.842468 -38.080875 51.747189
v -120.452309 -38.080875 51.747189
v -120.452309 -33.885796 51.747189
v -128.842468 -21.300547 5.601293
v -128.842468 -38.080872 5.601291
v -145.622803 -38.080872 5.601291
v -145.622803 -21.300547 5.601293
v -128.842468 -4.520217 -11.179033
v -128.842468 -21.300543 -11.179034
v -145.622803 -21.300543 -11.179034
v -145.622803 -4.520217 -11.179033
v -145.622803 -38.080868 -11.179036
v -149.817886 -38.080868 -11.179036
v -149.817886 -21.300543 -11.179034
v -145.622803 -21.300543 -11.179034
v -128.842468 -21.300541 -27.959362
v -128.842468 -38.080872 -27.959362
v -128.842468 -38.080868 -11.179036
v -128.842468 -21.300543 -11.179034
v -128.842468 -4.520217 -11.179033
v -128.842468 -4.520215 -27.959360
v -149.817886 -21.300541 -27.959362
v -145.622803 -21.300541 -27.959362
v -145.622803 -21.300543 -11.179034
v -149.817886 -21.300543 -11.179034
v -145.622803 -4.520217 -11.179033
v -145.622803 -21.300543 -11.179034
v -145.622803 -21.300541 -27.959362
v -145.622803 -4.520215 -27.959360
v -145.622803 -4.520215 -27.959360
v -145.622803 -21.300541 -27.959362
v -128.842468 -21.300541 -27.959362
v -128.842468 -4.520215 -27.959360
v -149.817886 -29.690704 -27.959364
v -149.817886 -38.080872 -27.959362
v -128.842468 -38.080872 -27.959362
v -128.842468 -21.300541 -27.959362
v -145.622803 -21.300541 -27.959362
v -149.817886 -21.300541 -27.959362
v -145.622803 -21.300547 5.601293
v -145.622803 -21.300543 -11.179034
v -128.842468 -21.300543 -11.179034
v -128.842468 -21.300547 5.601293
v -128.842468 -21.300543 -11.179034
v -128.842468 -38.080868 -11.179036
v -128.842468 -38.080872 5.601291
v -128.842468 -21.300547 5.601293
v -145.622803 -21.300547 5.601293
v -145.622803 -38.080872 5.601291
v -145.622803 -38.080868 -11.179036
v -145.622803 -21.300543 -11.179034
v -120.452309 -33.885811 169.209488
v -128.842468 -33.885811 169.209488
v -128.842468 -33.885803 110.478333
v -120.452309 -33.885803 110.478333
v -128.842468 -33.885803 110.478333
v -128.842468 -33.885796 51.747189
v -120.452309 -33.885796 51.747189
v -120.452309 -33.885803 110.478333
v -128.842468 -38.080883 110.478333
v -128.842468 -38.080879 93.698006
v -128.842468 -38.080875 51.747189
v -128.842468 -33.885796 51.747189
v -128.842468 -33.885803 110.478333
v -128.842468 -33.885811 169.209488
v -128.842468 -38.080891 169.209488
v -128.842468 -38.080891 165.014404
v -128.842468 -38.080883 110.478333
v -128.842468 -33.885803 110.478333
v -149.817886 -38.080891 169.209488
v -128.842468 -38.080891 169.209488
v -120.452309 -38.080891 169.209488
v -120.452309 -38.080887 177.599640
v -149.817886 -38.080887 177.599640
v -70.111328 -4.520238 192.282425
v -120.452309 -4.520238 192.282425
v -120.452309 -4.520238 200.672592
v -70.111328 -4.520238 200.672592
v 1.205060 -4.520238 192.282425
v -2.990021 -4.520238 192.282425
v -2.990021 -4.520238 200.672592
v 1.205060 -4.520238 200.672592
v -2.990021 -4.520238 192.282425
v -53.331001 -4.520238 192.282425
v -53.331001 -4.520238 200.672592
v -2.990021 -4.520238 200.672592
v -53.331001 -4.520238 192.282425
v -61.721165 -4.520238 192.282425
v -70.111328 -4.520238 192.282425
v -70.111328 -4.520238 200.672592
v -61.721165 -4.520238 200.672592
v -53.331001 -4.520238 200.672592
v -61.721165 -4.520238 192.282425
v -53.331001 -4.520238 192.282425
v -2.990021 -4.520238 192.282425
v 1.205060 -4.520238 192.282425
v 1.205060 -4.520236 177.599640
v -57.526085 -4.520236 177.599640
v -61.721165 -4.520236 177.599640
v -120.452309 -4.520236 177.599640
v -120.452309 -4.520238 192.282425
v -70.111328 -4.520238 192.282425
v -61.721165 -4.520238 192.282425
v -61.721165 -4.520236 177.599640
v -61.721165 -4.520240 215.355377
v -32.355595 -4.520240 215.355377
v 1.205060 -4.520240 215.355377
v 1.205060 -4.520238 200.672592
v -2.990021 -4.520238 200.672592
v -53.331001 -4.520238 200.672592
v -61.721165 -4.520238 200.672592
v -120.452309 -4.520240 215.355377
v -91.086731 -4.520240 215.355377
v -61.721165 -4.520240 215.355377
v -61.721165 -4.520238 200.672592
v -70.111328 -4.520238 200.672592
v -120.452309 -4.520238 200.672592
v -57.526085 16.455173 177.599640
v -57.526085 3.869928 177.599640
v -57.526085 3.869926 190.184891
v -57.526085 16.455173 190.184891
v 1.205060 16.455173 177.599640
v -34.453136 16.455173 177.599640
v -40.745758 16.455173 177.599640
v -57.526085 16.455173 177.599640
v -57.526085 16.455173 190.184891
v 1.205060 16.455173 190.184891
v -57.526085 16.455173 190.184891
v -57.526085 3.869926 190.184891
v 1.205060 3.869926 190.184891
v 1.205060 16.455173 190.184891
v -57.526085 3.869926 190.184891
v -57.526085 3.869928 177.599640
v -40.745758 3.869928 177.599640
v -34.453136 3.869928 177.599640
v 1.205060 3.869928 177.599640
v 1.205060 3.869926 190.184891
v -120.452309 29.040415 215.355377
v -120.452309 -4.520240 215.355377
v -120.452309 -4.520238 200.672592
v -120.452309 -4.520238 192.282425
v -120.452309 -4.520236 177.599640
v -120.452309 45.820747 177.599655
v -120.452309 45.820744 198.575073
v -120.452309 45.820747 177.599655
v -149.817886 45.820747 177.599655
v -149.817886 45.820744 198.575073
v -120.452309 45.820744 198.575073
v -149.817886 29.040415 215.355377
v -120.452309 29.040415 215.355377
v -120.452309 45.820744 198.575073
v -149.817886 45.820744 198.575073
v -44.940838 -29.690727 194.379974
v -44.940838 -29.690727 185.989807
v -38.648216 -29.690727 185.989807
v -38.648216 -29.690727 194.379974
v -30.258053 -29.690727 185.989807
v -28.160513 -29.690727 185.989807
v -28.160513 -29.690727 194.379974
v -30.258053 -29.690727 194.379974
v -30.258053 -29.690727 185.989807
v -38.648216 -29.690727 185.989807
v -44.940838 -29.690727 185.989807
v -44.940838 -29.690725 179.697189
v -28.160513 -29.690725 179.697189
v -28.160513 -29.690727 185.989807
v -28.160513 -29.690727 196.477509
v -44.940838 -29.690727 196.477509
v -44.940838 -29.690727 194.379974
v -38.648216 -29.690727 194.379974
v -30.258053 -29.690727 194.379974
v -28.160513 -29.690727 194.379974
v 1.205060 -29.690729 215.355377
v -10.331414 -29.690729 215.355377
v -7.185103 -29.690729 212.209076
v 1.205060 -29.690729 212.209076
v -95.281815 -29.690727 180.745956
v -98.428123 -29.690725 177.599640
v -78.774170 -29.690725 177.599640
v -82.696571 -29.690727 180.745956
v -38.648216 -21.300564 194.379974
v -38.648216 -29.690727 194.379974
v -38.648216 -29.690727 185.989807
v -38.648216 -21.300564 185.989807
v -30.258053 -21.300564 194.379974
v -30.258053 -29.690727 194.379974
v -38.648216 -29.690727 194.379974
v -38.648216 -21.300564 194.379974
v -30.258053 -21.300564 185.989807
v -30.258053 -29.690727 185.989807
v -30.258053 -29.690727 194.379974
v -30.258053 -21.300564 194.379974
v -30.258053 -21.300564 194.379974
v -38.648216 -21.300564 194.379974
v -38.648216 -21.300564 185.989807
v -30.258053 -21.300564 185.989807
v -38.648216 -21.300564 185.989807
v -38.648216 -29.690727 185.989807
v -30.258053 -29.690727 185.989807
v -30.258053 -21.300564 185.989807
v -57.581146 -38.080887 177.599640
v -57.526085 -38.080887 177.599640
v -15.575267 -38.080887 177.599640
v -15.575267 -38.080887 179.697189
v -28.160513 -38.080887 179.697189
v -44.940838 -38.080887 179.697189
v -60.195202 -38.080887 179.697189
v -116.257225 -38.080891 196.477509
v -116.257225 -38.080887 181.794724
v -103.671982 -38.080891 194.379974
v -101.574440 -38.080891 196.477509
v -60.195202 -38.080887 179.697189
v -44.940838 -38.080887 179.697189
v -44.940838 -38.080891 196.477509
v -81.115547 -38.080891 196.477509
v -78.501488 -38.080891 194.379974
v -81.115547 -38.080891 196.477509
v -101.574440 -38.080891 196.477509
v -103.671982 -38.080891 194.379974
v -28.160513 -38.080887 179.697189
v -15.575267 -38.080887 179.697189
v -15.575267 -38.080891 196.477509
v -28.160513 -38.080891 196.477509
v -149.817886 -38.080891 198.575058
v -149.817886 -38.080887 181.794724
v -149.817886 -38.080887 177.599640
v -120.452309 -38.080887 177.599640
v -116.257225 -38.080887 181.794724
v -116.257225 -38.080891 196.477509
v -116.257225 -38.080894 215.355377
v -149.817886 -38.080894 215.355377
v -15.575267 -38.080891 196.477509
v -13.477726 -38.080891 196.477509
v -15.575267 -38.080891 198.575058
v -28.160513 -38.080894 211.160294
v -28.160513 -38.080891 196.477509
v -28.160513 -38.080894 211.160294
v -32.355595 -38.080894 215.355377
v -91.086731 -38.080894 215.355377
v -116.257225 -38.080894 215.355377
v -116.257225 -38.080891 196.477509
v -101.574440 -38.080891 196.477509
v -81.115547 -38.080891 196.477509
v -44.940838 -38.080891 196.477509
v -28.160513 -38.080891 196.477509
v -15.575267 -38.080891 198.575058
v -13.477726 -38.080891 196.477509
v 1.205060 -38.080891 196.477509
v 1.205060 -38.080891 198.575058
v -13.477726 -38.080891 196.477509
v -15.575267 -38.080891 196.477509
v -15.575267 -38.080887 179.697189
v -15.575267 -38.080887 177.599640
v 1.205060 -38.080887 177.599640
v 1.205060 -38.080891 196.477509
v -44.940838 -29.690727 185.989807
v -44.940838 -29.690727 194.379974
v -44.940838 -29.690727 196.477509
v -44.940838 -38.080891 196.477509
v -44.940838 -38.080887 179.697189
v -44.940838 -29.690725 179.697189
v -28.160513 -29.690727 196.477509
v -28.160513 -38.080891 196.477509
v -44.940838 -38.080891 196.477509
v -44.940838 -29.690727 196.477509
v -28.160513 -29.690727 194.379974
v -28.160513 -29.690727 185.989807
v -28.160513 -29.690725 179.697189
v -28.160513 -38.080887 179.697189
v -28.160513 -38.080891 196.477509
v -28.160513 -29.690727 196.477509
v -44.940838 -29.690725 179.697189
v -44.940838 -38.080887 179.697189
v -28.160513 -38.080887 179.697189
v -28.160513 -29.690725 179.697189
v -10.331414 -29.690729 215.355377
v -32.355595 -38.080894 215.355377
v -28.160513 -38.080894 211.160294
v -15.575267 -38.080891 198.575058
v -7.185103 -29.690729 212.209076
v -7.185103 -29.690729 212.209076
v -15.575267 -38.080891 198.575058
v 1.205060 -38.080891 198.575058
v 1.205060 -29.690729 212.209076
v -103.671982 -38.080891 194.379974
v -95.281815 -29.690727 180.745956
v -82.696571 -29.690727 180.745956
v -78.501488 -38.080891 194.379974
v -116.257225 -38.080887 181.794724
v -120.452309 -38.080887 177.599640
v -98.428123 -29.690725 177.599640
v -95.281815 -29.690727 180.745956
v -103.671982 -38.080891 194.379974
v -78.501488 -38.080891 194.379974
v -82.696571 -29.690727 180.745956
v -78.774170 -29.690725 177.599640
v -57.581146 -38.080887 177.599640
v -288.255585 -4.520215 -32.154442
v -288.255585 -4.520216 -19.569197
v -288.255585 29.040438 -19.569193
v -288.255585 29.040440 -32.154442
v -288.255585 -4.520216 -19.569197
v -288.255585 -4.520219 13.991457
v -288.255585 -4.520222 39.161949
v -288.255585 29.040432 39.161949
v -288.255585 29.040438 -19.569193
v -288.255585 -4.520222 39.161949
v -288.255585 -4.520225 72.722603
v -288.255585 -4.520228 97.893089
v -288.255585 29.040426 97.893097
v -288.255585 29.040432 39.161949
v -288.255585 -4.520228 97.893089
v -288.255585 -4.520231 131.453751
v -288.255585 -4.520233 156.624237
v -288.255585 29.040421 156.624237
v -288.255585 29.040426 97.893097
v -288.255585 -4.520233 156.624237
v -288.255585 -4.520236 190.184891
v -288.255585 -4.520240 215.355377
v -288.255585 29.040415 215.355377
v -288.255585 29.040421 156.624237
v -288.255585 -38.080872 -32.154446
v -288.255585 -38.080875 13.991454
v -288.255585 -4.520219 13.991457
v -288.255585 -4.520216 -19.569197
v -288.255585 -4.520215 -32.154442
v -288.255585 -38.080875 13.991454
v -288.255585 -38.080879 55.942272
v -288.255585 -38.080879 72.722595
v -288.255585 -4.520225 72.722603
v -288.255585 -4.520222 39.161949
v -288.255585 -4.520219 13.991457
v -288.255585 -38.080879 72.722595
v -288.255585 -38.080883 102.088165
v -288.255585 -29.690720 124.112343
v -288.255585 -26.893999 131.453751
v -288.255585 -4.520231 131.453751
v -288.255585 -4.520228 97.893089
v -288.255585 -4.520225 72.722603
v -288.255585 -26.893999 131.453751
v -288.255585 -4.520236 190.184891
v -288.255585 -4.520233 156.624237
v -288.255585 -4.520231 131.453751
v -288.255585 -17.305618 156.624237
v -288.255585 -25.875818 134.128113
v -288.255585 -34.781296 156.624237
v -288.255585 -38.080891 164.959335
v -288.255585 -38.080891 165.014404
v -288.255585 -38.080891 169.209488
v -288.255585 -38.080887 177.599640
v -288.255585 -38.080891 198.575058
v -288.255585 -38.080894 215.355377
v -288.255585 -4.520240 215.355377
v -288.255585 -4.520236 190.184891
v -288.255585 -17.305618 156.624237
v -288.255585 -34.781296 156.624237
v -288.255585 -29.690722 143.766312
v -288.255585 -25.875818 134.128113
v -288.255585 -29.690720 124.112343
v -170.793289 -38.080894 215.355377
v -149.817886 -38.080894 215.355377
v -149.817886 -4.520240 215.355377
v -170.793289 -4.520240 215.355377
v -229.524445 -38.080894 215.355377
v -200.158859 -38.080894 215.355377
v -170.793289 -38.080894 215.355377
v -170.793289 -4.520240 215.355377
v -229.524445 -4.520240 215.355377
v -288.255585 -4.520240 215.355377
v -288.255585 -38.080894 215.355377
v -229.524445 -38.080894 215.355377
v -229.524445 -4.520240 215.355377
v -149.817886 29.040415 215.355377
v -170.793289 29.040415 215.355377
v -170.793289 -4.520240 215.355377
v -149.817886 -4.520240 215.355377
v -170.793289 29.040415 215.355377
v -229.524445 29.040415 215.355377
v -229.524445 -4.520240 215.355377
v -170.793289 -4.520240 215.355377
v -229.524445 29.040415 215.355377
v -288.255585 29.040415 215.355377
v -288.255585 -4.520240 215.355377
v -229.524445 -4.520240 215.355377
v -254.694931 -4.520215 -32.154442
v -237.914597 -4.520215 -32.154442
v -237.914597 -4.520216 -15.374115
v -246.304764 -4.520216 -15.374115
v -254.694931 -4.520216 -15.374115
v -271.475250 -4.520218 1.406212
v -271.475250 -4.520216 -15.374115
v -267.280182 -4.520216 -15.374115
v -267.280182 -4.520216 -6.983952
v -267.280182 -4.520218 1.406212
v -258.890015 -4.520216 -6.983952
v -258.890015 -4.520216 -15.374115
v -254.694931 -4.520216 -15.374115
v -254.694931 -4.520216 -6.983952
v -254.694931 -4.520218 1.406212
v -258.890015 -4.520218 1.406212
v -258.890015 -4.520216 -6.983952
v -258.890015 -4.520218 1.406212
v -267.280182 -4.520218 1.406212
v -267.280182 -4.520216 -6.983952
v -250.499847 -4.520238 198.575058
v -267.280182 -4.520238 198.575058
v -267.280182 -4.520236 181.794724
v -263.085083 -4.520236 181.794724
v -254.694931 -4.520236 181.794724
v -250.499847 -4.520236 181.794724
v -149.817886 45.820763 -32.154438
v -170.793289 45.820763 -32.154438
v -212.744110 45.820763 -32.154438
v -212.744110 45.820766 -11.179029
v -191.768707 45.820766 -11.179029
v -149.817886 45.820766 -11.179029
v -212.744110 45.820763 -32.154438
v -229.524445 45.820763 -32.154438
v -271.475250 45.820763 -32.154438
v -250.499847 45.820766 -11.179029
v -212.744110 45.820766 -11.179029
v -271.475250 45.820747 156.624252
v -271.475250 45.820744 198.575073
v -250.499847 45.820747 177.599655
v -250.499847 45.820747 144.039001
v -271.475250 45.820747 144.039001
v -250.499847 45.820747 144.039001
v -250.499847 45.820751 118.868507
v -250.499847 45.820755 85.307854
v -271.475250 45.820755 85.307854
v -271.475250 45.820755 97.893097
v -271.475250 45.820747 144.039001
v -250.499847 45.820755 85.307854
v -250.499847 45.820755 60.137360
v -250.499847 45.820763 26.576706
v -271.475250 45.820763 26.576706
v -271.475250 45.820759 39.161953
v -271.475250 45.820755 85.307854
v -250.499847 45.820763 26.576706
v -250.499847 45.820763 1.406218
v -250.499847 45.820766 -11.179029
v -271.475250 45.820763 -32.154438
v -271.475250 45.820766 -19.569193
v -271.475250 45.820763 26.576706
v -149.817886 45.820747 177.599655
v -191.768707 45.820747 177.599655
v -212.744110 45.820747 177.599655
v -212.744110 45.820744 198.575073
v -170.793289 45.820744 198.575073
v -149.817886 45.820744 198.575073
v -212.744110 45.820747 177.599655
v -250.499847 45.820747 177.599655
v -271.475250 45.820744 198.575073
v -229.524445 45.820744 198.575073
v -212.744110 45.820744 198.575073
v -149.817886 54.210930 -11.179027
v -191.768707 54.210930 -11.179027
v -200.158859 54.210930 -11.179027
v -200.158859 54.210930 -19.569191
v -149.817886 54.210930 -19.569191
v -200.158859 54.210930 -11.179027
v -250.499847 54.210930 -11.179027
v -258.890015 54.210930 -19.569191
v -200.158859 54.210930 -19.569191
v -250.499847 54.210911 156.624252
v -250.499847 54.210911 177.599655
v -258.890015 54.210907 185.989822
v -258.890015 54.210911 156.624252
v -250.499847 54.210918 97.893089
v -250.499847 54.210915 118.868500
v -250.499847 54.210911 156.624252
v -258.890015 54.210911 156.624252
v -258.890015 54.210918 97.893089
v -250.499847 54.210922 39.161953
v -250.499847 54.210918 60.137360
v -250.499847 54.210918 97.893089
v -258.890015 54.210918 97.893089
v -258.890015 54.210922 39.161953
v -258.890015 54.210930 -19.569191
v -250.499847 54.210930 -11.179027
v -250.499847 54.210926 1.406218
v -250.499847 54.210922 39.161953
v -258.890015 54.210922 39.161953
v -149.817886 54.210907 185.989822
v -200.158859 54.210907 185.989822
v -200.158859 54.210911 177.599655
v -191.768707 54.210911 177.599655
v -149.817886 54.210911 177.599655
v -200.158859 54.210907 185.989822
v -258.890015 54.210907 185.989822
v -250.499847 54.210911 177.599655
v -200.158859 54.210911 177.599655
v -191.768707 45.820747 177.599655
v -149.817886 45.820747 177.599655
v -149.817886 54.210911 177.599655
v -191.768707 54.210911 177.599655
v -200.158859 54.210911 177.599655
v -250.499847 54.210911 177.599655
v -250.499847 45.820747 177.599655
v -212.744110 45.820747 177.599655
v -191.768707 45.820747 177.599655
v -191.768707 54.210911 177.599655
v -149.817886 45.820766 -11.179029
v -191.768707 45.820766 -11.179029
v -191.768707 54.210930 -11.179027
v -149.817886 54.210930 -11.179027
v -191.768707 45.820766 -11.179029
v -212.744110 45.820766 -11.179029
v -250.499847 45.820766 -11.179029
v -250.499847 54.210930 -11.179027
v -200.158859 54.210930 -11.179027
v -191.768707 54.210930 -11.179027
v -250.499847 54.210930 -11.179027
v -250.499847 45.820766 -11.179029
v -250.499847 45.820763 1.406218
v -250.499847 54.210926 1.406218
v -250.499847 45.820763 1.406218
v -250.499847 45.820763 26.576706
v -250.499847 45.820755 60.137360
v -250.499847 54.210918 60.137360
v -250.499847 54.210922 39.161953
v -250.499847 54.210926 1.406218
v -250.499847 45.820755 60.137360
v -250.499847 45.820755 85.307854
v -250.499847 45.820751 118.868507
v -250.499847 54.210915 118.868500
v -250.499847 54.210918 97.893089
v -250.499847 54.210918 60.137360
v -250.499847 45.820751 118.868507
v -250.499847 45.820747 144.039001
v -250.499847 45.820747 177.599655
v -250.499847 54.210911 177.599655
v -250.499847 54.210911 156.624252
v -250.499847 54.210915 118.868500
v -271.475250 45.820763 -32.154438
v -288.255585 29.040440 -32.154442
v -288.255585 29.040438 -19.569193
v -271.475250 45.820766 -19.569193
v -288.255585 29.040438 -19.569193
v -288.255585 29.040432 39.161949
v -271.475250 45.820759 39.161953
v -271.475250 45.820763 26.576706
v -271.475250 45.820766 -19.569193
v -288.255585 29.040432 39.161949
v -288.255585 29.040426 97.893097
v -271.475250 45.820755 97.893097
v -271.475250 45.820755 85.307854
v -271.475250 45.820759 39.161953
v -288.255585 29.040426 97.893097
v -288.255585 29.040421 156.624237
v -271.475250 45.820747 156.624252
v -271.475250 45.820747 144.039001
v -271.475250 45.820755 97.893097
v -288.255585 29.040421 156.624237
v -288.255585 29.040415 215.355377
v -271.475250 45.820744 198.575073
v -271.475250 45.820747 156.624252
v -258.890015 3.869946 -6.983951
v -258.890015 -4.520216 -6.983952
v -267.280182 -4.520216 -6.983952
v -267.280182 3.869946 -6.983951
v -254.694931 12.260112 -32.154438
v -254.694931 -4.520215 -32.154442
v -254.694931 -4.520216 -15.374115
v -254.694931 12.260111 -15.374113
v -258.890015 12.260111 -15.374113
v -267.280182 12.260111 -15.374113
v -271.475250 12.260111 -15.374113
v -271.475250 12.260112 -32.154438
v -254.694931 12.260112 -32.154438
v -254.694931 12.260111 -15.374113
v -271.475250 12.260111 -15.374113
v -271.475250 -4.520216 -15.374115
v -271.475250 -4.520215 -32.154442
v -271.475250 12.260112 -32.154438
v -267.280182 3.869947 -15.374113
v -267.280182 12.260111 -15.374113
v -258.890015 12.260111 -15.374113
v -258.890015 3.869947 -15.374113
v -254.694931 12.260111 -15.374113
v -254.694931 -4.520216 -15.374115
v -258.890015 -4.520216 -15.374115
v -258.890015 3.869947 -15.374113
v -258.890015 12.260111 -15.374113
v -267.280182 3.869947 -15.374113
v -267.280182 -4.520216 -15.374115
v -271.475250 -4.520216 -15.374115
v -271.475250 12.260111 -15.374113
v -267.280182 12.260111 -15.374113
v -267.280182 3.869946 -6.983951
v -267.280182 3.869947 -15.374113
v -258.890015 3.869947 -15.374113
v -258.890015 3.869946 -6.983951
v -258.890015 3.869947 -15.374113
v -258.890015 -4.520216 -15.374115
v -258.890015 -4.520216 -6.983952
v -258.890015 3.869946 -6.983951
v -267.280182 3.869946 -6.983951
v -267.280182 -4.520216 -6.983952
v -267.280182 -4.520216 -15.374115
v -267.280182 3.869947 -15.374113
v -170.793289 29.040415 215.355377
v -149.817886 29.040415 215.355377
v -149.817886 45.820744 198.575073
v -170.793289 45.820744 198.575073
v -229.524445 29.040415 215.355377
v -170.793289 29.040415 215.355377
v -170.793289 45.820744 198.575073
v -212.744110 45.820744 198.575073
v -229.524445 45.820744 198.575073
v -271.475250 45.820744 198.575073
v -288.255585 29.040415 215.355377
v -229.524445 29.040415 215.355377
v -229.524445 45.820744 198.575073
v -288.255585 -38.080887 177.599640
v -288.255585 -38.080891 169.209488
v -275.670349 -38.080891 169.209488
v -275.670349 -38.080887 177.599640
v -162.403137 -38.080891 165.014404
v -149.817886 -38.080891 165.014404
v -149.817886 -38.080891 169.209488
v -149.817886 -38.080887 177.599640
v -149.817886 -38.080887 181.794724
v -162.403137 -38.080887 181.794724
v -250.499847 -38.080891 165.014404
v -216.288956 -38.080891 165.014404
v -202.848969 -38.080891 165.014404
v -162.403137 -38.080891 165.014404
v -162.403137 -38.080887 181.794724
v -233.719513 -38.080887 181.794724
v -250.499847 -38.080887 181.794724
v -288.255585 -38.080891 165.014404
v -288.255585 -38.080891 164.959335
v -271.475250 -38.080887 144.038986
v -271.475250 -38.080891 165.014404
v -288.255585 -38.080883 102.088165
v -288.255585 -38.080879 72.722595
v -288.255585 -38.080879 55.942272
v -271.475250 -38.080879 55.942272
v -271.475250 -38.080883 106.283249
v -271.475250 -38.080883 118.868492
v -288.255585 -38.080879 55.942272
v -288.255585 -38.080875 13.991454
v -288.255585 -38.080872 -32.154446
v -271.475250 -38.080872 -32.154446
v -271.475250 -38.080872 1.406209
v -271.475250 -38.080875 18.186537
v -271.475250 -38.080879 55.942272
v -158.208054 -38.080872 -32.154446
v -158.208054 -38.080872 -27.959362
v -162.403137 -38.080872 -27.959362
v -162.403137 -38.080872 -32.154446
v -149.817886 -38.080879 65.278946
v -154.012970 -38.080879 58.302006
v -162.403137 -38.080875 44.348114
v -162.403137 -38.080868 -11.179036
v -149.817886 -38.080868 -11.179036
v -162.403137 -38.080883 111.377647
v -154.012970 -38.080883 100.252815
v -149.817886 -38.080879 94.690399
v -149.817886 -38.080891 165.014404
v -162.403137 -38.080891 165.014404
v -202.848969 -38.080891 165.014404
v -149.817886 -38.080879 76.917679
v -149.817886 -38.080879 94.690399
v -154.012970 -38.080883 100.252815
v -154.012970 -38.080879 58.302006
v -149.817886 -38.080879 65.278946
v -162.403137 -38.080872 -32.154446
v -162.403137 -38.080872 -27.959362
v -162.403137 -38.080868 -11.179036
v -162.403137 -38.080875 44.348114
v -208.404327 -38.080872 -32.154446
v -216.288956 -38.080891 165.014404
v -250.499847 -38.080891 165.014404
v -254.694931 -38.080891 165.014404
v -254.694931 -38.080883 106.283249
v -254.694931 -38.080883 101.141655
v -208.404327 -38.080872 -32.154446
v -192.607727 -38.080872 -5.882742
v -237.914597 -38.080875 44.348114
v -237.914597 -38.080872 1.406209
v -237.914597 -38.080872 -32.154446
v -190.195541 -38.080887 148.234070
v -202.848969 -38.080891 165.014404
v -216.288956 -38.080891 165.014404
v -226.378128 -38.080887 148.234070
v -192.607727 -38.080872 -5.882742
v -178.134689 -38.080875 18.186537
v -214.317261 -38.080875 18.186537
v -237.914597 -38.080872 1.406209
v -237.914597 -38.080875 44.348114
v -246.304764 -38.080875 53.650707
v -246.304764 -38.080872 9.796372
v -246.304764 -38.080872 1.406209
v -254.694931 -38.080891 165.014404
v -267.280182 -38.080891 165.014404
v -271.475250 -38.080891 165.014404
v -271.475250 -38.080887 144.038986
v -271.475250 -38.080883 118.868492
v -271.475250 -38.080883 106.283249
v -254.694931 -38.080883 106.283249
v -271.475250 -38.080883 106.283249
v -271.475250 -38.080879 55.942272
v -271.475250 -38.080875 18.186537
v -254.694931 -38.080875 18.186537
v -254.694931 -38.080879 62.953304
v -254.694931 -38.080883 101.141655
v -254.694931 -38.080883 106.283249
v -250.499847 -38.080879 58.302006
v -254.694931 -38.080879 62.953304
v -254.694931 -38.080875 18.186537
v -254.694931 -38.080872 9.796372
v -246.304764 -38.080872 9.796372
v -246.304764 -38.080875 53.650707
v -254.694931 -38.080883 101.141655
v -254.694931 -38.080879 62.953304
v -250.499847 -38.080879 58.302006
v -250.499847 -38.080883 108.118599
v -275.670349 -38.080891 169.209488
v -288.255585 -38.080891 169.209488
v -288.255585 -38.080891 165.014404
v -271.475250 -38.080891 165.014404
v -267.280182 -38.080891 165.014404
v -267.280182 -38.080891 169.209488
v -149.817886 -38.080894 215.355377
v -170.793289 -38.080894 215.355377
v -200.158859 -38.080894 215.355377
v -200.158859 -38.080891 198.575058
v -149.817886 -38.080891 198.575058
v -200.158859 -38.080894 215.355377
v -229.524445 -38.080894 215.355377
v -288.255585 -38.080894 215.355377
v -288.255585 -38.080891 198.575058
v -267.280182 -38.080891 198.575058
v -250.499847 -38.080891 198.575058
v -233.719513 -38.080891 198.575058
v -200.158859 -38.080891 198.575058
v -149.817886 -38.080891 198.575058
v -200.158859 -38.080891 198.575058
v -233.719513 -38.080891 198.575058
v -233.719513 -38.080887 181.794724
v -162.403137 -38.080887 181.794724
v -149.817886 -38.080887 181.794724
v -288.255585 -38.080891 198.575058
v -288.255585 -38.080887 177.599640
v -275.670349 -38.080887 177.599640
v -267.280182 -38.080887 177.599640
v -267.280182 -38.080891 198.575058
v -267.280182 -21.300560 165.014404
v -267.280182 -38.080891 165.014404
v -254.694931 -38.080891 165.014404
v -250.499847 -38.080891 165.014404
v -250.499847 -21.300560 165.014404
v -254.694931 -21.300547 18.186537
v -254.694931 -38.080875 18.186537
v -271.475250 -38.080875 18.186537
v -271.475250 -21.300547 18.186537
v -237.914597 -21.300545 -15.374116
v -237.914597 -21.300541 -32.154446
v -237.914597 -38.080872 -32.154446
v -237.914597 -38.080872 1.406209
v -237.914597 -21.300545 1.406211
v -237.914597 -4.520215 -32.154442
v -237.914597 -21.300541 -32.154446
v -237.914597 -21.300545 -15.374116
v -237.914597 -4.520216 -15.374115
v -162.403137 -21.300543 -11.179034
v -162.403137 -38.080868 -11.179036
v -162.403137 -38.080872 -27.959362
v -162.403137 -21.300541 -27.959362
v -149.817886 -38.080868 -11.179036
v -162.403137 -38.080868 -11.179036
v -162.403137 -21.300543 -11.179034
v -149.817886 -21.300543 -11.179034
v -162.403137 -21.300543 -11.179034
v -162.403137 -21.300541 -27.959362
v -158.208054 -21.300541 -27.959362
v -149.817886 -21.300541 -27.959362
v -149.817886 -21.300543 -11.179034
v -149.817886 -29.690704 -27.959364
v -149.817886 -21.300541 -27.959362
v -158.208054 -21.300541 -27.959362
v -158.208054 -29.690704 -27.959364
v -162.403137 -21.300541 -27.959362
v -162.403137 -38.080872 -27.959362
v -158.208054 -38.080872 -27.959362
v -158.208054 -29.690704 -27.959364
v -158.208054 -21.300541 -27.959362
v -158.208054 -29.690704 -27.959364
v -158.208054 -29.690704 -32.154442
v -149.817886 -29.690704 -32.154442
v -149.817886 -29.690704 -27.959364
v -158.208054 -29.690704 -27.959364
v -158.208054 -38.080872 -27.959362
v -158.208054 -38.080872 -32.154446
v -158.208054 -29.690704 -32.154442
v -271.475250 -21.300545 -15.374116
v -271.475250 -21.300545 1.406211
v -271.475250 -38.080872 1.406209
v -271.475250 -38.080872 -32.154446
v -271.475250 -21.300541 -32.154446
v -271.475250 -4.520218 1.406212
v -271.475250 -21.300545 1.406211
v -271.475250 -21.300545 -15.374116
v -271.475250 -4.520216 -15.374115
v -271.475250 -4.520216 -15.374115
v -271.475250 -21.300545 -15.374116
v -271.475250 -21.300541 -32.154446
v -271.475250 -4.520215 -32.154442
v -271.475250 -21.300547 18.186537
v -271.475250 -38.080875 18.186537
v -271.475250 -38.080872 1.406209
v -271.475250 -21.300545 1.406211
v -254.694931 -29.690708 1.406209
v -254.694931 -21.300545 1.406211
v -246.304764 -21.300545 1.406211
v -246.304764 -29.690708 1.406209
v -237.914597 -21.300545 1.406211
v -237.914597 -38.080872 1.406209
v -246.304764 -38.080872 1.406209
v -246.304764 -29.690708 1.406209
v -246.304764 -21.300545 1.406211
v -267.280182 -4.520218 1.406212
v -258.890015 -4.520218 1.406212
v -254.694931 -4.520218 1.406212
v -254.694931 -21.300545 1.406211
v -271.475250 -21.300545 1.406211
v -271.475250 -4.520218 1.406212
v -254.694931 -12.910379 -15.374115
v -254.694931 -4.520216 -15.374115
v -246.304764 -4.520216 -15.374115
v -246.304764 -12.910379 -15.374115
v -237.914597 -4.520216 -15.374115
v -237.914597 -21.300545 -15.374116
v -246.304764 -21.300545 -15.374116
v -246.304764 -12.910379 -15.374115
v -246.304764 -4.520216 -15.374115
v -246.304764 -21.300545 1.406211
v -254.694931 -21.300545 1.406211
v -254.694931 -21.300543 -6.983953
v -246.304764 -21.300543 -6.983953
v -237.914597 -21.300545 -15.374116
v -237.914597 -21.300545 1.406211
v -246.304764 -21.300545 1.406211
v -246.304764 -21.300543 -6.983953
v -246.304764 -21.300545 -15.374116
v -254.694931 -12.910381 -6.983952
v -254.694931 -21.300543 -6.983953
v -254.694931 -21.300545 1.406211
v -254.694931 -4.520218 1.406212
v -254.694931 -4.520216 -6.983952
v -254.694931 -4.520216 -15.374115
v -254.694931 -12.910379 -15.374115
v -254.694931 -12.910381 -6.983952
v -254.694931 -4.520216 -6.983952
v -254.694931 -12.910381 -6.983952
v -254.694931 -12.910379 -15.374115
v -246.304764 -12.910379 -15.374115
v -246.304764 -12.910381 -6.983952
v -246.304764 -12.910381 -6.983952
v -246.304764 -21.300543 -6.983953
v -254.694931 -21.300543 -6.983953
v -254.694931 -12.910381 -6.983952
v -246.304764 -12.910379 -15.374115
v -246.304764 -21.300545 -15.374116
v -246.304764 -21.300543 -6.983953
v -246.304764 -12.910381 -6.983952
v -254.694931 -21.300545 1.406211
v -254.694931 -29.690708 1.406209
v -254.694931 -29.690710 9.796373
v -254.694931 -21.300547 9.796374
v -254.694931 -29.690710 9.796373
v -254.694931 -38.080872 9.796372
v -254.694931 -38.080875 18.186537
v -254.694931 -21.300547 18.186537
v -254.694931 -21.300547 9.796374
v -254.694931 -29.690710 9.796373
v -254.694931 -29.690708 1.406209
v -246.304764 -29.690708 1.406209
v -246.304764 -29.690710 9.796373
v -246.304764 -29.690708 1.406209
v -246.304764 -38.080872 1.406209
v -246.304764 -38.080872 9.796372
v -246.304764 -29.690710 9.796373
v -246.304764 -29.690710 9.796373
v -246.304764 -38.080872 9.796372
v -254.694931 -38.080872 9.796372
v -254.694931 -29.690710 9.796373
v -271.475250 -21.300547 18.186537
v -271.475250 -21.300545 1.406211
v -254.694931 -21.300545 1.406211
v -254.694931 -21.300547 9.796374
v -254.694931 -21.300547 18.186537
v -288.255585 -29.690722 143.766312
v -288.255585 -29.690720 124.112343
v -285.109283 -29.690722 127.258659
v -285.109283 -29.690722 139.843903
v -271.475250 -38.080887 144.038986
v -285.109283 -29.690722 139.843903
v -285.109283 -29.690722 127.258659
v -271.475250 -38.080883 118.868492
v -214.395920 -33.885803 115.722183
v -226.378128 -33.885799 95.795540
v -226.378128 -33.885799 70.756149
v -208.286835 -33.885796 50.698418
v -190.116898 -33.885796 50.698418
v -178.134689 -33.885799 70.625053
v -178.134689 -33.885799 91.731560
v -196.225983 -33.885803 115.722183
v -154.012970 -38.080883 100.252815
v -178.134689 -33.885799 91.731560
v -178.134689 -33.885799 70.625053
v -154.012970 -38.080879 58.302006
v -154.012970 -38.080879 58.302006
v -178.134689 -33.885799 70.625053
v -190.116898 -33.885796 50.698418
v -178.134689 -38.080875 18.186537
v -250.499847 -38.080879 58.302006
v -226.378128 -33.885799 70.756149
v -226.378128 -33.885799 95.795540
v -250.499847 -38.080883 108.118599
v -250.499847 -38.080883 108.118599
v -226.378128 -33.885799 95.795540
v -214.395920 -33.885803 115.722183
v -226.378128 -38.080887 148.234070
v -178.134689 -38.080875 18.186537
v -190.116898 -33.885796 50.698418
v -208.286835 -33.885796 50.698418
v -214.317261 -38.080875 18.186537
v -190.195541 -38.080887 148.234070
v -196.225983 -33.885803 115.722183
v -178.134689 -33.885799 91.731560
v -154.012970 -38.080883 100.252815
v -226.378128 -38.080887 148.234070
v -214.395920 -33.885803 115.722183
v -196.225983 -33.885803 115.722183
v -190.195541 -38.080887 148.234070
v -214.317261 -38.080875 18.186537
v -208.286835 -33.885796 50.698418
v -226.378128 -33.885799 70.756149
v -250.499847 -38.080879 58.302006
v -271.475250 -38.080883 118.868492
v -285.109283 -29.690722 127.258659
v -288.255585 -29.690720 124.112343
v -288.255585 -38.080883 102.088165
v -288.255585 -38.080891 164.959335
v -288.255585 -29.690722 143.766312
v -285.109283 -29.690722 139.843903
v -271.475250 -38.080887 144.038986
v -233.719513 -21.300564 181.794724
v -233.719513 -38.080887 181.794724
v -233.719513 -38.080891 198.575058
v -233.719513 -21.300564 198.575058
v -267.280182 -4.520238 198.575058
v -267.280182 -21.300564 198.575058
v -267.280182 -21.300564 181.794724
v -267.280182 -4.520236 181.794724
v -267.280182 -21.300564 181.794724
v -267.280182 -21.300564 198.575058
v -267.280182 -38.080891 198.575058
v -267.280182 -38.080887 177.599640
v -267.280182 -29.690725 177.599640
v -267.280182 -21.300562 177.599640
v -267.280182 -29.690725 169.209488
v -267.280182 -38.080891 169.209488
v -267.280182 -38.080891 165.014404
v -267.280182 -21.300560 165.014404
v -267.280182 -21.300562 169.209488
v -267.280182 -29.690725 169.209488
v -267.280182 -21.300562 169.209488
v -267.280182 -21.300562 173.404556
v -267.280182 -21.300562 177.599640
v -267.280182 -29.690725 177.599640
v -254.694931 -12.910399 181.794724
v -254.694931 -21.300564 181.794724
v -250.499847 -21.300564 181.794724
v -250.499847 -4.520236 181.794724
v -254.694931 -4.520236 181.794724
v -267.280182 -4.520236 181.794724
v -267.280182 -21.300564 181.794724
v -263.085083 -21.300564 181.794724
v -263.085083 -12.910399 181.794724
v -263.085083 -4.520236 181.794724
v -254.694931 -12.910399 181.794724
v -254.694931 -4.520236 181.794724
v -263.085083 -4.520236 181.794724
v -263.085083 -12.910399 181.794724
v -250.499847 -21.300564 181.794724
v -250.499847 -38.080887 181.794724
v -233.719513 -38.080887 181.794724
v -233.719513 -21.300564 181.794724
v -250.499847 -21.300562 173.404556
v -250.499847 -21.300560 165.014404
v -250.499847 -38.080891 165.014404
v -250.499847 -38.080887 181.794724
v -250.499847 -21.300564 181.794724
v -254.694931 -21.300562 173.404556
v -263.085083 -21.300562 173.404556
v -267.280182 -21.300562 173.404556
v -267.280182 -21.300562 169.209488
v -267.280182 -21.300560 165.014404
v -250.499847 -21.300560 165.014404
v -250.499847 -21.300562 173.404556
v -254.694931 -21.300562 173.404556
v -250.499847 -21.300562 173.404556
v -250.499847 -21.300564 181.794724
v -254.694931 -21.300564 181.794724
v -267.280182 -21.300564 181.794724
v -267.280182 -21.300562 177.599640
v -267.280182 -21.300562 173.404556
v -263.085083 -21.300562 173.404556
v -263.085083 -21.300564 181.794724
v -263.085083 -12.910398 173.404556
v -263.085083 -21.300562 173.404556
v -254.694931 -21.300562 173.404556
v -254.694931 -12.910398 173.404556
v -254.694931 -12.910399 181.794724
v -263.085083 -12.910399 181.794724
v -263.085083 -12.910398 173.404556
v -254.694931 -12.910398 173.404556
v -263.085083 -12.910399 181.794724
v -263.085083 -21.300564 181.794724
v -263.085083 -21.300562 173.404556
v -263.085083 -12.910398 173.404556
v -254.694931 -12.910398 173.404556
v -254.694931 -21.300562 173.404556
v -254.694931 -21.300564 181.794724
v -254.694931 -12.910399 181.794724
v -250.499847 -4.520236 181.794724
v -250.499847 -21.300564 181.794724
v -250.499847 -21.300564 198.575058
v -250.499847 -4.520238 198.575058
v -233.719513 -21.300564 198.575058
v -233.719513 -38.080891 198.575058
v -250.499847 -38.080891 198.575058
v -250.499847 -21.300564 198.575058
v -233.719513 -21.300564 198.575058
v -250.499847 -21.300564 198.575058
v -250.499847 -21.300564 181.794724
v -233.719513 -21.300564 181.794724
v -267.280182 -21.300564 198.575058
v -267.280182 -4.520238 198.575058
v -250.499847 -4.520238 198.575058
v -250.499847 -21.300564 198.575058
v -250.499847 -38.080891 198.575058
v -267.280182 -38.080891 198.575058
v -267.280182 -29.690725 177.599640
v -267.280182 -38.080887 177.599640
v -275.670349 -38.080887 177.599640
v -275.670349 -29.690725 177.599640
v -267.280182 -29.690725 177.599640
v -275.670349 -29.690725 177.599640
v -275.670349 -29.690725 169.209488
v -267.280182 -29.690725 169.209488
v -275.670349 -29.690725 177.599640
v -275.670349 -38.080887 177.599640
v -275.670349 -38.080891 169.209488
v -275.670349 -29.690725 169.209488
v -275.670349 -29.690725 169.209488
v -275.670349 -38.080891 169.209488
v -267.280182 -38.080891 169.209488
v -267.280182 -29.690725 169.209488
v 106.082108 -4.520194 -248.201157
v 103.984566 -4.520194 -248.201157
v 103.984566 -4.520191 -273.371643
v 106.082108 -4.520191 -273.371643
v 106.082108 -38.080841 -273.371643
v 103.984566 -38.080841 -273.371643
v 103.984566 -38.080849 -248.201157
v 106.082108 -38.080849 -248.201157
v 103.984566 -4.520191 -273.371643
v 103.984566 -38.080841 -273.371643
v 106.082108 -38.080841 -273.371643
v 106.082108 -4.520191 -273.371643
v 106.082108 -38.080849 -248.201157
v 103.984566 -38.080849 -248.201157
v 103.984566 -4.520194 -248.201157
v 106.082108 -4.520194 -248.201157
v 106.082108 -38.080841 -273.371643
v 106.082108 -38.080849 -248.201157
v 106.082108 -4.520194 -248.201157
v 106.082108 -4.520191 -273.371643
v 103.984566 -38.080849 -248.201157
v 103.984566 -38.080841 -273.371643
v 103.984566 -4.520191 -273.371643
v 103.984566 -4.520194 -248.201157
v 270.739044 -38.080887 181.794724
v 269.690277 -38.080887 181.794724
v 269.690277 -38.080891 198.575058
v 270.739044 -38.080891 198.575058
v 269.690277 -21.300564 181.794724
v 269.690277 -38.080887 181.794724
v 270.739044 -38.080887 181.794724
v 270.739044 -21.300564 181.794724
v 270.739044 -21.300564 198.575058
v 269.690277 -21.300564 198.575058
v 269.690277 -21.300564 181.794724
v 270.739044 -21.300564 181.794724
v 270.739044 -21.300564 198.575058
v 270.739044 -38.080891 198.575058
v 269.690277 -38.080891 198.575058
v 269.690277 -21.300564 198.575058
v 269.690277 -21.300564 198.575058
v 269.690277 -38.080891 198.575058
v 269.690277 -38.080887 181.794724
v 269.690277 -21.300564 181.794724
v 270.739044 -21.300564 181.794724
v 270.739044 -38.080887 181.794724
v 270.739044 -38.080891 198.575058
v 270.739044 -21.300564 198.575058
v -91.086731 -35.983334 43.357025
v -91.086731 -38.080875 43.357025
v -91.086731 -38.080875 13.991454
v -91.086731 -35.983334 13.991454
v -91.086731 -35.983334 13.991454
v -91.086731 -38.080875 13.991454
v -59.623627 -38.080875 13.991454
v -59.623627 -35.983334 13.991454
v -59.623627 -35.983334 13.991454
v -59.623627 -38.080875 13.991454
v -59.623627 -38.080875 43.357025
v -59.623627 -35.983334 43.357025
v -59.623627 -35.983334 43.357025
v -59.623627 -38.080875 43.357025
v -91.086731 -38.080875 43.357025
v -91.086731 -35.983334 43.357025
v -59.623627 -38.080875 13.991454
v -91.086731 -38.080875 13.991454
v -91.086731 -38.080875 43.357025
v -59.623627 -38.080875 43.357025
v -59.623627 -35.983334 43.357025
v -91.086731 -35.983334 43.357025
v -91.086731 -35.983334 13.991454
v -59.623627 -35.983334 13.991454
v 82.484772 0.723636 -16.947269
v 86.679855 0.723636 -16.947269
v 86.679855 1.772407 -16.947269
v 82.484772 1.772407 -16.947269
v 86.679855 0.723636 -16.947269
v 86.679855 0.723635 -12.752188
v 86.679855 1.772406 -12.752188
v 86.679855 1.772407 -16.947269
v 82.484772 1.772406 -12.752188
v 82.484772 1.772407 -16.947269
v 86.679855 1.772407 -16.947269
v 86.679855 1.772406 -12.752188
v 82.484772 0.723635 -12.752188
v 82.484772 0.723636 -16.947269
v 82.484772 1.772407 -16.947269
v 82.484772 1.772406 -12.752188
v 86.679855 0.723635 -12.752188
v 82.484772 0.723635 -12.752188
v 82.484772 1.772406 -12.752188
v 86.679855 1.772406 -12.752188
v 82.484772 0.723636 -16.947269
v 82.484772 0.723635 -12.752188
v 86.679855 0.723635 -12.752188
v 86.679855 0.723636 -16.947269
v -72.733253 0.723635 -9.605877
v -72.733253 0.723636 -13.800959
v -72.733253 1.772406 -13.800959
v -72.733253 1.772405 -9.605877
v -68.538170 0.723635 -9.605877
v -72.733253 0.723635 -9.605877
v -72.733253 1.772405 -9.605877
v -68.538170 1.772405 -9.605877
v -72.733253 1.772405 -9.605877
v -72.733253 1.772406 -13.800959
v -68.538170 1.772406 -13.800959
v -68.538170 1.772405 -9.605877
v -68.538170 0.723636 -13.800959
v -68.538170 0.723635 -9.605877
v -68.538170 1.772405 -9.605877
v -68.538170 1.772406 -13.800959
v -72.733253 0.723636 -13.800959
v -68.538170 0.723636 -13.800959
v -68.538170 1.772406 -13.800959
v -72.733253 1.772406 -13.800959
v -72.733253 0.723636 -13.800959
v -72.733253 0.723635 -9.605877
v -68.538170 0.723635 -9.605877
v -68.538170 0.723636 -13.800959
v -112.062141 -38.080849 -212.542953
v -128.842468 -38.080849 -212.542953
v -128.842468 -38.080849 -210.445419
v -112.062141 -38.080849 -210.445419
v -112.062141 -21.300524 -212.542953
v -112.062141 -38.080849 -212.542953
v -112.062141 -38.080849 -210.445419
v -112.062141 -21.300524 -210.445419
v -112.062141 -21.300524 -210.445419
v -128.842468 -21.300524 -210.445419
v -128.842468 -21.300524 -212.542953
v -112.062141 -21.300524 -212.542953
v -128.842468 -21.300524 -210.445419
v -128.842468 -38.080849 -210.445419
v -128.842468 -38.080849 -212.542953
v -128.842468 -21.300524 -212.542953
v -128.842468 -21.300524 -212.542953
v -128.842468 -38.080849 -212.542953
v -112.062141 -38.080849 -212.542953
v -112.062141 -21.300524 -212.542953
v -112.062141 -21.300524 -210.445419
v -112.062141 -38.080849 -210.445419
v -128.842468 -38.080849 -210.445419
v -128.842468 -21.300524 -210.445419
v 1.205060 -29.690725 177.599640
v 1.205060 -29.690725 178.648422
v 9.595223 -29.690725 178.648422
v 9.595223 -29.690725 177.599640
v 9.595223 -29.690725 177.599640
v 9.595223 -29.690725 178.648422
v 9.595223 -17.105480 178.648422
v 9.595223 -17.105480 177.599640
v 1.205060 -17.105480 178.648422
v 1.205060 -17.105480 177.599640
v 9.595223 -17.105480 177.599640
v 9.595223 -17.105480 178.648422
v 1.205060 -29.690725 178.648422
v 1.205060 -29.690725 177.599640
v 1.205060 -17.105480 177.599640
v 1.205060 -17.105480 178.648422
v 1.205060 -29.690725 177.599640
v 9.595223 -29.690725 177.599640
v 9.595223 -17.105480 177.599640
v 1.205060 -17.105480 177.599640
v 9.595223 -29.690725 178.648422
v 1.205060 -29.690725 178.648422
v 1.205060 -17.105480 178.648422
v 9.595223 -17.105480 178.648422
v 1.205060 -29.690704 -32.154442
v 1.205060 -29.690704 -31.105675
v 9.595223 -29.690704 -31.105675
v 9.595223 -29.690704 -32.154442
v 9.595223 -29.690704 -32.154442
v 9.595223 -29.690704 -31.105675
v 9.595223 -17.105459 -31.105673
v 9.595223 -17.105459 -32.154446
v 1.205060 -17.105459 -31.105673
v 1.205060 -17.105459 -32.154446
v 9.595223 -17.105459 -32.154446
v 9.595223 -17.105459 -31.105673
v 1.205060 -29.690704 -31.105675
v 1.205060 -29.690704 -32.154442
v 1.205060 -17.105459 -32.154446
v 1.205060 -17.105459 -31.105673
v 1.205060 -29.690704 -32.154442
v 9.595223 -29.690704 -32.154442
v 9.595223 -17.105459 -32.154446
v 1.205060 -17.105459 -32.154446
v 9.595223 -29.690704 -31.105675
v 1.205060 -29.690704 -31.105675
v 1.205060 -17.105459 -31.105673
v 9.595223 -17.105459 -31.105673
v 83.009155 -29.690723 168.422897
v 91.399323 -29.690723 168.422897
v 91.399323 -29.690723 167.111938
v 83.009155 -29.690723 167.111938
v 83.009155 16.455175 167.111938
v 91.399323 16.455175 167.111938
v 91.399323 16.455175 168.422897
v 83.009155 16.455175 168.422897
v 83.009155 16.455175 168.422897
v 83.009155 -29.690723 168.422897
v 83.009155 -29.690723 167.111938
v 83.009155 16.455175 167.111938
v 91.399323 16.455175 167.111938
v 91.399323 -29.690723 167.111938
v 91.399323 -29.690723 168.422897
v 91.399323 16.455175 168.422897
v 83.009155 16.455175 167.111938
v 83.009155 -29.690723 167.111938
v 91.399323 -29.690723 167.111938
v 91.399323 16.455175 167.111938
v 91.399323 16.455175 168.422897
v 91.399323 -29.690723 168.422897
v 83.009155 -29.690723 168.422897
v 83.009155 16.455175 168.422897
v -85.056305 -21.300550 51.747189
v -85.056305 -21.300550 52.795959
v -76.403946 -21.300550 52.795959
v -76.403946 -21.300550 51.747189
v -85.056305 -21.300550 52.795959
v -85.056305 -21.300550 51.747189
v -85.056305 -8.715304 51.747192
v -85.056305 -8.715305 52.795963
v -85.056305 -8.715305 52.795963
v -85.056305 -8.715304 51.747192
v -76.403946 -8.715304 51.747192
v -76.403946 -8.715305 52.795963
v -76.403946 -21.300550 51.747189
v -76.403946 -21.300550 52.795959
v -76.403946 -8.715305 52.795963
v -76.403946 -8.715304 51.747192
v -85.056305 -21.300550 51.747189
v -76.403946 -21.300550 51.747189
v -76.403946 -8.715304 51.747192
v -85.056305 -8.715304 51.747192
v -76.403946 -21.300550 52.795959
v -85.056305 -21.300550 52.795959
v -85.056305 -8.715305 52.795963
v -76.403946 -8.715305 52.795963
v 216.202988 -13.959157 47.552109
v 216.202988 -13.959157 48.076492
v 216.202988 -21.824934 48.076492
v 216.202988 -21.824934 47.552109
v 216.202988 -21.824934 47.552109
v 216.202988 -21.824934 48.076492
v 228.788239 -21.824934 48.076492
v 228.788239 -21.824934 47.552109
v 228.788239 -21.824934 47.552109
v 228.788239 -21.824934 48.076492
v 228.788239 -13.959157 48.076492
v 228.788239 -13.959157 47.552109
v 228.788239 -13.959157 47.552109
v 228.788239 -13.959157 48.076492
v 216.202988 -13.959157 48.076492
v 216.202988 -13.959157 47.552109
v 228.788239 -21.824934 47.552109
v 228.788239 -13.959157 47.552109
v 216.202988 -13.959157 47.552109
v 216.202988 -21.824934 47.552109
v 228.788239 -13.959157 48.076492
v 228.788239 -21.824934 48.076492
v 216.202988 -21.824934 48.076492
v 216.202988 -13.959157 48.076492
v -95.281815 -22.349318 9.796374
v -95.544006 -22.349318 9.796374
v -95.544006 -13.959153 9.796374
v -95.281815 -13.959153 9.796374
v -95.281815 -22.349316 -2.788871
v -95.544006 -22.349316 -2.788871
v -95.544006 -22.349318 9.796374
v -95.281815 -22.349318 9.796374
v -95.281815 -13.959151 -2.788870
v -95.544006 -13.959151 -2.788870
v -95.544006 -22.349316 -2.788871
v -95.281815 -22.349316 -2.788871
v -95.281815 -13.959153 9.796374
v -95.544006 -13.959153 9.796374
v -95.544006 -13.959151 -2.788870
v -95.281815 -13.959151 -2.788870
v -95.281815 -22.349318 9.796374
v -95.281815 -13.959153 9.796374
v -95.281815 -13.959151 -2.788870
v -95.281815 -22.349316 -2.788871
v -95.544006 -13.959153 9.796374
v -95.544006 -22.349318 9.796374
v -95.544006 -22.349316 -2.788871
v -95.544006 -13.959151 -2.788870
v -57.526085 -27.593170 25.003544
v -58.574856 -27.593170 25.003544
v -58.574856 -27.593172 30.247396
v -57.526085 -27.593172 30.247396
v -57.526085 -22.349319 30.247398
v -57.526085 -27.593172 30.247396
v -58.574856 -27.593172 30.247396
v -58.574856 -22.349319 30.247398
v -57.526085 -22.349318 25.003546
v -57.526085 -27.593170 25.003544
v -57.526085 -27.593172 30.247396
v -57.526085 -22.349319 30.247398
v -58.574856 -22.349318 25.003546
v -58.574856 -27.593170 25.003544
v -57.526085 -27.593170 25.003544
v -57.526085 -22.349318 25.003546
v -57.526085 -22.349319 30.247398
v -58.574856 -22.349319 30.247398
v -58.574856 -22.349318 25.003546
v -57.526085 -22.349318 25.003546
v -58.574856 -22.349319 30.247398
v -58.574856 -27.593172 30.247396
v -58.574856 -27.593170 25.003544
v -58.574856 -22.349318 25.003546
v 129.417252 26.156305 111.002731
v 129.417252 26.418499 110.740540
v 129.417252 26.418499 110.216156
v 129.417252 26.156305 109.953957
v 129.417252 24.583151 109.953957
v 129.417252 24.058765 110.478348
v 129.417252 24.583151 111.002731
v 129.417252 25.369728 111.789307
v 129.417252 25.894114 111.264923
v 129.417252 24.845343 111.264923
v 129.417252 25.894114 109.691765
v 129.417252 25.369728 109.167381
v 129.417252 24.845343 109.691765
v 129.417252 26.156305 111.002731
v 129.417252 25.894114 111.264923
v 129.417252 25.369728 111.789307
v 129.417252 26.418499 111.789307
v 129.417252 26.418499 110.740540
v 129.417252 23.796572 111.789307
v 129.417252 25.369728 111.789307
v 129.417252 24.845343 111.264923
v 129.417252 24.583151 111.002731
v 129.417252 24.058765 110.478348
v 129.417252 23.796572 110.740540
v 129.417252 24.058765 110.478348
v 129.417252 24.583151 109.953957
v 129.417252 24.845343 109.691765
v 129.417252 25.369728 109.167381
v 129.417252 23.796572 109.167381
v 129.417252 23.796572 110.740540
v 129.417252 25.894114 109.691765
v 129.417252 26.156305 109.953957
v 129.417252 26.418499 110.216156
v 129.417252 26.418499 109.167381
v 129.417252 25.369728 109.167381
v 141.740295 25.631920 110.216156
v 141.740295 25.107534 110.216156
v 141.740295 25.107534 110.740540
v 141.740295 25.631920 110.740540
v 134.923279 25.631920 110.740540
v 134.923279 25.107534 110.740540
v 134.923279 24.845343 110.740540
v 134.923279 25.107534 111.002731
v 134.923279 25.631920 111.002731
v 134.923279 25.894114 110.740540
v 134.923279 25.107534 110.216156
v 134.923279 25.631920 110.216156
v 134.923279 25.894114 110.216156
v 134.923279 25.631920 109.953957
v 134.923279 25.107534 109.953957
v 134.923279 24.845343 110.216156
v 134.923279 25.107534 110.216156
v 134.923279 24.845343 110.216156
v 134.923279 24.845343 110.740540
v 134.923279 25.107534 110.740540
v 134.923279 25.894114 110.216156
v 134.923279 25.631920 110.216156
v 134.923279 25.631920 110.740540
v 134.923279 25.894114 110.740540
v 141.740295 25.107534 110.740540
v 134.923279 25.107534 110.740540
v 134.923279 25.631920 110.740540
v 141.740295 25.631920 110.740540
v 141.740295 25.107534 110.216156
v 134.923279 25.107534 110.216156
v 134.923279 25.107534 110.740540
v 141.740295 25.107534 110.740540
v 134.923279 25.107534 110.216156
v 141.740295 25.107534 110.216156
v 141.740295 25.631920 110.216156
v 134.923279 25.631920 110.216156
v 141.740295 25.631920 110.740540
v 134.923279 25.631920 110.740540
v 134.923279 25.631920 110.216156
v 141.740295 25.631920 110.216156
v 129.417252 26.156305 109.953957
v 134.923279 25.894114 110.216156
v 134.923279 25.894114 110.740540
v 129.417252 26.156305 111.002731
v 129.417252 25.894114 109.691765
v 134.923279 25.631920 109.953957
v 134.923279 25.894114 110.216156
v 129.417252 26.156305 109.953957
v 134.923279 24.845343 110.216156
v 129.417252 24.583151 109.953957
v 129.417252 24.583151 111.002731
v 134.923279 24.845343 110.740540
v 134.923279 25.107534 109.953957
v 129.417252 24.845343 109.691765
v 129.417252 24.583151 109.953957
v 134.923279 24.845343 110.216156
v 129.417252 25.894114 111.264923
v 134.923279 25.631920 111.002731
v 134.923279 25.107534 111.002731
v 129.417252 24.845343 111.264923
v 134.923279 24.845343 110.740540
v 129.417252 24.583151 111.002731
v 129.417252 24.845343 111.264923
v 134.923279 25.107534 111.002731
v 129.417252 24.845343 109.691765
v 134.923279 25.107534 109.953957
v 134.923279 25.631920 109.953957
v 129.417252 25.894114 109.691765
v 134.923279 25.631920 111.002731
v 129.417252 25.894114 111.264923
v 129.417252 26.156305 111.002731
v 134.923279 25.894114 110.740540
v 127.319710 25.894114 115.460007
v 127.319710 24.058765 115.460007
v 125.222168 24.058765 115.460007
v 125.222168 25.894114 115.460007
v 119.978317 25.894114 111.527115
v 119.978317 25.894114 109.429573
v 119.978317 25.894114 109.167381
v 119.978317 26.418499 109.167381
v 119.978317 26.418499 111.789307
v 119.978317 25.894114 111.789307
v 119.978317 24.845343 111.527115
v 119.978317 23.796572 111.527115
v 119.978317 23.796572 109.429573
v 119.978317 24.845343 109.429573
v 129.417252 26.418499 110.216156
v 129.417252 26.418499 110.740540
v 129.417252 26.418499 111.789307
v 127.319710 26.418499 111.789307
v 119.978317 26.418499 111.789307
v 119.978317 26.418499 109.167381
v 129.417252 26.418499 109.167381
v 119.978317 25.894114 109.167381
v 119.978317 23.796572 109.167381
v 129.417252 23.796572 109.167381
v 129.417252 25.369728 109.167381
v 129.417252 26.418499 109.167381
v 119.978317 26.418499 109.167381
v 129.417252 23.796572 110.740540
v 129.417252 23.796572 109.167381
v 119.978317 23.796572 109.167381
v 119.978317 23.796572 109.429573
v 119.978317 23.796572 111.527115
v 119.978317 23.796572 111.789307
v 127.319710 23.796572 111.789307
v 129.417252 23.796572 111.789307
v 127.319710 25.894114 111.789307
v 127.319710 24.058765 111.789307
v 127.319710 24.058765 115.460007
v 127.319710 25.894114 115.460007
v 127.319710 24.058765 111.789307
v 127.319710 25.894114 111.789307
v 127.319710 26.418499 111.789307
v 129.417252 26.418499 111.789307
v 129.417252 25.369728 111.789307
v 129.417252 23.796572 111.789307
v 127.319710 23.796572 111.789307
v 125.222168 24.058765 111.789307
v 119.978317 24.058765 111.789307
v 119.978317 25.894114 111.789307
v 125.222168 25.894114 111.789307
v 119.978317 26.418499 111.789307
v 127.319710 26.418499 111.789307
v 127.319710 25.894114 111.789307
v 125.222168 25.894114 111.789307
v 119.978317 25.894114 111.789307
v 125.222168 24.058765 111.789307
v 127.319710 24.058765 111.789307
v 127.319710 23.796572 111.789307
v 119.978317 23.796572 111.789307
v 119.978317 24.058765 111.789307
v 125.222168 25.894114 115.460007
v 125.222168 24.058765 115.460007
v 125.222168 24.058765 111.789307
v 125.222168 25.894114 111.789307
v 127.319710 25.894114 115.460007
v 125.222168 25.894114 115.460007
v 125.222168 25.894114 111.789307
v 127.319710 25.894114 111.789307
v 127.319710 24.058765 111.789307
v 125.222168 24.058765 111.789307
v 125.222168 24.058765 115.460007
v 127.319710 24.058765 115.460007
v 119.978317 25.894114 111.527115
v 119.716125 25.894114 111.527115
v 119.716125 25.894114 109.429573
v 119.978317 25.894114 109.429573
v 119.191734 25.894114 108.905190
v 119.978317 25.894114 109.167381
v 119.978317 25.894114 109.429573
v 119.716125 25.894114 109.429573
v 119.191734 25.894114 109.429573
v 119.191734 25.894114 111.527115
v 119.716125 25.894114 111.527115
v 119.978317 25.894114 111.527115
v 119.978317 25.894114 111.789307
v 119.191734 25.894114 112.051498
v 119.716125 24.845343 109.429573
v 119.978317 24.845343 109.429573
v 119.978317 23.796572 109.429573
v 119.191734 23.796572 109.429573
v 119.191734 24.845343 109.429573
v 119.716125 24.845343 109.429573
v 119.191734 24.845343 109.429573
v 119.191734 25.894114 109.429573
v 119.716125 25.894114 109.429573
v 119.978317 23.796572 109.167381
v 119.191734 23.796572 108.905190
v 119.191734 23.796572 109.429573
v 119.978317 23.796572 109.429573
v 119.191734 25.894114 109.429573
v 119.191734 24.845343 109.429573
v 119.191734 23.796572 109.429573
v 119.191734 23.796572 108.905190
v 119.191734 25.894114 108.905190
v 119.191734 23.796572 108.905190
v 119.978317 23.796572 109.167381
v 119.978317 25.894114 109.167381
v 119.191734 25.894114 108.905190
v 119.978317 23.796572 111.527115
v 119.191734 23.796572 111.527115
v 119.191734 23.796572 112.051498
v 119.978317 23.796572 111.789307
v 119.191734 25.894114 112.051498
v 119.191734 23.796572 112.051498
v 119.191734 23.796572 111.527115
v 119.191734 24.845343 111.527115
v 119.191734 25.894114 111.527115
v 119.191734 23.796572 111.527115
v 119.978317 23.796572 111.527115
v 119.978317 24.845343 111.527115
v 119.716125 24.845343 111.527115
v 119.191734 24.845343 111.527115
v 119.716125 25.894114 111.527115
v 119.191734 25.894114 111.527115
v 119.191734 24.845343 111.527115
v 119.716125 24.845343 111.527115
v 119.978317 24.845343 109.429573
v 119.716125 24.845343 109.429573
v 119.716125 24.845343 111.527115
v 119.978317 24.845343 111.527115
v 119.716125 25.894114 111.527115
v 119.716125 24.845343 111.527115
v 119.716125 24.845343 109.429573
v 119.716125 25.894114 109.429573
v 119.978317 25.894114 111.789307
v 119.978317 24.058765 111.789307
v 119.978317 23.796572 111.789307
v 119.191734 23.796572 112.051498
v 119.191734 25.894114 112.051498
v -109.702408 26.156305 111.002731
v -109.702408 26.418499 110.740540
v -109.702408 26.418499 110.216156
v -109.702408 26.156305 109.953957
v -109.702408 24.583151 109.953957
v -109.702408 24.058765 110.478348
v -109.702408 24.583151 111.002731
v -109.702408 25.369728 111.789307
v -109.702408 25.894114 111.264923
v -109.702408 24.845343 111.264923
v -109.702408 25.894114 109.691765
v -109.702408 25.369728 109.167381
v -109.702408 24.845343 109.691765
v -109.702408 26.156305 111.002731
v -109.702408 25.894114 111.264923
v -109.702408 25.369728 111.789307
v -109.702408 26.418499 111.789307
v -109.702408 26.418499 110.740540
v -109.702408 23.796572 111.789307
v -109.702408 25.369728 111.789307
v -109.702408 24.845343 111.264923
v -109.702408 24.583151 111.002731
v -109.702408 24.058765 110.478348
v -109.702408 23.796572 110.740540
v -109.702408 24.058765 110.478348
v -109.702408 24.583151 109.953957
v -109.702408 24.845343 109.691765
v -109.702408 25.369728 109.167381
v -109.702408 23.796572 109.167381
v -109.702408 23.796572 110.740540
v -109.702408 25.894114 109.691765
v -109.702408 26.156305 109.953957
v -109.702408 26.418499 110.216156
v -109.702408 26.418499 109.167381
v -109.702408 25.369728 109.167381
v -97.379356 25.631920 110.216156
v -97.379356 25.107534 110.216156
v -97.379356 25.107534 110.740540
v -97.379356 25.631920 110.740540
v -104.196365 25.631920 110.740540
v -104.196365 25.107534 110.740540
v -104.196365 24.845343 110.740540
v -104.196365 25.107534 111.002731
v -104.196365 25.631920 111.002731
v -104.196365 25.894114 110.740540
v -104.196365 25.107534 110.216156
v -104.196365 25.631920 110.216156
v -104.196365 25.894114 110.216156
v -104.196365 25.631920 109.953957
v -104.196365 25.107534 109.953957
v -104.196365 24.845343 110.216156
v -104.196365 25.107534 110.216156
v -104.196365 24.845343 110.216156
v -104.196365 24.845343 110.740540
v -104.196365 25.107534 110.740540
v -104.196365 25.894114 110.216156
v -104.196365 25.631920 110.216156
v -104.196365 25.631920 110.740540
v -104.196365 25.894114 110.740540
v -97.379356 25.107534 110.740540
v -104.196365 25.107534 110.740540
v -104.196365 25.631920 110.740540
v -97.379356 25.631920 110.740540
v -97.379356 25.107534 110.216156
v -104.196365 25.107534 110.216156
v -104.196365 25.107534 110.740540
v -97.379356 25.107534 110.740540
v -104.196365 25.107534 110.216156
v -97.379356 25.107534 110.216156
v -97.379356 25.631920 110.216156
v -104.196365 25.631920 110.216156
v -97.379356 25.631920 110.740540
v -104.196365 25.631920 110.740540
v -104.196365 25.631920 110.216156
v -97.379356 25.631920 110.216156
v -109.702408 26.156305 109.953957
v -104.196365 25.894114 110.216156
v -104.196365 25.894114 110.740540
v -109.702408 26.156305 111.002731
v -109.702408 25.894114 109.691765
v -104.196365 25.631920 109.953957
v -104.196365 25.894114 110.216156
v -109.702408 26.156305 109.953957
v -104.196365 24.845343 110.216156
v -109.702408 24.583151 109.953957
v -109.702408 24.583151 111.002731
v -104.196365 24.845343 110.740540
v -104.196365 25.107534 109.953957
v -109.702408 24.845343 109.691765
v -109.702408 24.583151 109.953957
v -104.196365 24.845343 110.216156
v -109.702408 25.894114 111.264923
v -104.196365 25.631920 111.002731
v -104.196365 25.107534 111.002731
v -109.702408 24.845343 111.264923
v -104.196365 24.845343 110.740540
v -109.702408 24.583151 111.002731
v -109.702408 24.845343 111.264923
v -104.196365 25.107534 111.002731
v -109.702408 24.845343 109.691765
v -104.196365 25.107534 109.953957
v -104.196365 25.631920 109.953957
v -109.702408 25.894114 109.691765
v -104.196365 25.631920 111.002731
v -109.702408 25.894114 111.264923
v -109.702408 26.156305 111.002731
v -104.196365 25.894114 110.740540
v -111.799950 25.894114 115.460007
v -111.799950 24.058765 115.460007
v -113.897491 24.058765 115.460007
v -113.897491 25.894114 115.460007
v -119.141342 25.894114 111.527115
v -119.141342 25.894114 109.429573
v -119.141342 25.894114 109.167381
v -119.141342 26.418499 109.167381
v -119.141342 26.418499 111.789307
v -119.141342 25.894114 111.789307
v -119.141342 24.845343 111.527115
v -119.141342 23.796572 111.527115
v -119.141342 23.796572 109.429573
v -119.141342 24.845343 109.429573
v -109.702408 26.418499 110.216156
v -109.702408 26.418499 110.740540
v -109.702408 26.418499 111.789307
v -111.799950 26.418499 111.789307
v -119.141342 26.418499 111.789307
v -119.141342 26.418499 109.167381
v -109.702408 26.418499 109.167381
v -119.141342 25.894114 109.167381
v -119.141342 23.796572 109.167381
v -109.702408 23.796572 109.167381
v -109.702408 25.369728 109.167381
v -109.702408 26.418499 109.167381
v -119.141342 26.418499 109.167381
v -109.702408 23.796572 110.740540
v -109.702408 23.796572 109.167381
v -119.141342 23.796572 109.167381
v -119.141342 23.796572 109.429573
v -119.141342 23.796572 111.527115
v -119.141342 23.796572 111.789307
v -111.799950 23.796572 111.789307
v -109.702408 23.796572 111.789307
v -111.799950 25.894114 111.789307
v -111.799950 24.058765 111.789307
v -111.799950 24.058765 115.460007
v -111.799950 25.894114 115.460007
v -111.799950 24.058765 111.789307
v -111.799950 25.894114 111.789307
v -111.799950 26.418499 111.789307
v -109.702408 26.418499 111.789307
v -109.702408 25.369728 111.789307
v -109.702408 23.796572 111.789307
v -111.799950 23.796572 111.789307
v -113.897491 24.058765 111.789307
v -119.141342 24.058765 111.789307
v -119.141342 25.894114 111.789307
v -113.897491 25.894114 111.789307
v -119.141342 26.418499 111.789307
v -111.799950 26.418499 111.789307
v -111.799950 25.894114 111.789307
v -113.897491 25.894114 111.789307
v -119.141342 25.894114 111.789307
v -113.897491 24.058765 111.789307
v -111.799950 24.058765 111.789307
v -111.799950 23.796572 111.789307
v -119.141342 23.796572 111.789307
v -119.141342 24.058765 111.789307
v -113.897491 25.894114 115.460007
v -113.897491 24.058765 115.460007
v -113.897491 24.058765 111.789307
v -113.897491 25.894114 111.789307
v -111.799950 25.894114 115.460007
v -113.897491 25.894114 115.460007
v -113.897491 25.894114 111.789307
v -111.799950 25.894114 111.789307
v -111.799950 24.058765 111.789307
v -113.897491 24.058765 111.789307
v -113.897491 24.058765 115.460007
v -111.799950 24.058765 115.460007
v -119.141342 25.894114 111.527115
v -119.403534 25.894114 111.527115
v -119.403534 25.894114 109.429573
v -119.141342 25.894114 109.429573
v -119.927917 25.894114 108.905190
v -119.141342 25.894114 109.167381
v -119.141342 25.894114 109.429573
v -119.403534 25.894114 109.429573
v -119.927917 25.894114 109.429573
v -119.927917 25.894114 111.527115
v -119.403534 25.894114 111.527115
v -119.141342 25.894114 111.527115
v -119.141342 25.894114 111.789307
v -119.927917 25.894114 112.051498
v -119.403534 24.845343 109.429573
v -119.141342 24.845343 109.429573
v -119.141342 23.796572 109.429573
v -119.927917 23.796572 109.429573
v -119.927917 24.845343 109.429573
v -119.403534 24.845343 109.429573
v -119.927917 24.845343 109.429573
v -119.927917 25.894114 109.429573
v -119.403534 25.894114 109.429573
v -119.141342 23.796572 109.167381
v -119.927917 23.796572 108.905190
v -119.927917 23.796572 109.429573
v -119.141342 23.796572 109.429573
v -119.927917 25.894114 109.429573
v -119.927917 24.845343 109.429573
v -119.927917 23.796572 109.429573
v -119.927917 23.796572 108.905190
v -119.927917 25.894114 108.905190
v -119.927917 23.796572 108.905190
v -119.141342 23.796572 109.167381
v -119.141342 25.894114 109.167381
v -119.927917 25.894114 108.905190
v -119.141342 23.796572 111.527115
v -119.927917 23.796572 111.527115
v -119.927917 23.796572 112.051498
v -119.141342 23.796572 111.789307
v -119.927917 25.894114 112.051498
v -119.927917 23.796572 112.051498
v -119.927917 23.796572 111.527115
v -119.927917 24.845343 111.527115
v -119.927917 25.894114 111.527115
v -119.927917 23.796572 111.527115
v -119.141342 23.796572 111.527115
v -119.141342 24.845343 111.527115
v -119.403534 24.845343 111.527115
v -119.927917 24.845343 111.527115
v -119.403534 25.894114 111.527115
v -119.927917 25.894114 111.527115
v -119.927917 24.845343 111.527115
v -119.403534 24.845343 111.527115
v -119.141342 24.845343 109.429573
v -119.403534 24.845343 109.429573
v -119.403534 24.845343 111.527115
v -119.141342 24.845343 111.527115
v -119.403534 25.894114 111.527115
v -119.403534 24.845343 111.527115
v -119.403534 24.845343 109.429573
v -119.403534 25.894114 109.429573
v -119.141342 25.894114 111.789307
v -119.141342 24.058765 111.789307
v -119.141342 23.796572 111.789307
v -119.927917 23.796572 112.051498
v -119.927917 25.894114 112.051498
v -0.892480 3.869936 93.698013
v -0.892480 1.772395 93.698013
v 11.692764 1.772395 93.698013
v 11.692764 3.869936 93.698013
v 11.692764 3.869936 93.698013
v 11.692764 1.772395 93.698013
v 11.692764 1.772393 110.478340
v 11.692764 3.869934 110.478340
v 11.692764 3.869934 110.478340
v 11.692764 1.772393 110.478340
v -0.892480 1.772393 110.478340
v -0.892480 3.869934 110.478340
v -0.892480 3.869934 110.478340
v -0.892480 1.772393 110.478340
v -0.892480 1.772395 93.698013
v -0.892480 3.869936 93.698013
v 11.692764 3.869934 110.478340
v -0.892480 3.869934 110.478340
v -0.892480 3.869936 93.698013
v 11.692764 3.869936 93.698013
v 11.692764 1.772395 93.698013
v -0.892480 1.772395 93.698013
v -0.892480 1.772393 110.478340
v 11.692764 1.772393 110.478340
v 41.058334 -2.422698 213.257843
v 41.058334 -4.520239 213.257843
v 41.058334 -4.520238 200.672592
v 41.058334 -2.422697 200.672592
v 57.838661 -2.422698 213.257843
v 57.838661 -4.520239 213.257843
v 41.058334 -4.520239 213.257843
v 41.058334 -2.422698 213.257843
v 57.838661 -2.422697 200.672592
v 57.838661 -4.520238 200.672592
v 57.838661 -4.520239 213.257843
v 57.838661 -2.422698 213.257843
v 41.058334 -2.422697 200.672592
v 41.058334 -4.520238 200.672592
v 57.838661 -4.520238 200.672592
v 57.838661 -2.422697 200.672592
v 41.058334 -4.520238 200.672592
v 41.058334 -4.520239 213.257843
v 57.838661 -4.520239 213.257843
v 57.838661 -4.520238 200.672592
v 57.838661 -2.422698 213.257843
v 41.058334 -2.422698 213.257843
v 41.058334 -2.422697 200.672592
v 57.838661 -2.422697 200.672592
v -57.526085 16.455173 171.307022
v -57.526085 3.869928 171.307022
v -57.526085 3.869929 169.209488
v -57.526085 16.455173 169.209488
v -57.526085 16.455173 171.307022
v -57.526085 16.455173 169.209488
v -40.745758 16.455173 169.209488
v -40.745758 16.455173 171.307022
v -40.745758 3.869929 169.209488
v -40.745758 3.869928 171.307022
v -40.745758 16.455173 171.307022
v -40.745758 16.455173 169.209488
v -57.526085 3.869929 169.209488
v -57.526085 3.869928 171.307022
v -40.745758 3.869928 171.307022
v -40.745758 3.869929 169.209488
v -57.526085 16.455173 169.209488
v -57.526085 3.869929 169.209488
v -40.745758 3.869929 169.209488
v -40.745758 16.455173 169.209488
v -40.745758 16.455173 171.307022
v -40.745758 3.869928 171.307022
v -57.526085 3.869928 171.307022
v -57.526085 16.455173 171.307022
v 68.326370 19.339294 136.697601
v 68.326370 7.278436 139.843903
v 68.326370 9.375976 147.971878
v 68.326370 21.699030 144.825562
v 68.326370 22.485607 135.911026
v 68.326370 19.339294 136.697601
v 68.326370 21.699030 144.825562
v 68.326370 24.583149 144.038986
v 68.326370 7.278436 139.843903
v 66.228828 7.278436 139.843903
v 66.228828 9.375976 147.971878
v 68.326370 9.375976 147.971878
v 65.180054 22.485607 135.911026
v 66.228828 19.339294 136.697601
v 68.326370 19.339294 136.697601
v 68.326370 22.485607 135.911026
v 66.228828 19.339294 136.697601
v 66.147545 21.699030 144.825562
v 66.228828 21.699030 144.825562
v 66.228828 21.699030 144.825562
v 66.147545 21.699030 144.825562
v 65.180054 24.583149 144.038986
v 68.326370 24.583149 144.038986
v 68.326370 21.699030 144.825562
v 68.326370 24.583149 144.038986
v 65.180054 24.583149 144.038986
v 65.180054 22.485607 135.911026
v 68.326370 22.485607 135.911026
v 66.228828 19.339294 136.697601
v 65.180054 22.485607 135.911026
v 65.180054 24.583149 144.038986
v 66.147545 21.699030 144.825562
v 66.228828 21.699030 144.825562
v 66.228828 9.375976 147.971878
v 66.228828 7.278436 139.843903
v 66.228828 19.339294 136.697601
v 68.326370 9.375976 147.971878
v 66.228828 9.375976 147.971878
v 66.228828 21.699030 144.825562
v 68.326370 21.699030 144.825562
v 66.228828 7.278436 139.843903
v 68.326370 7.278436 139.843903
v 68.326370 19.339294 136.697601
v 66.228828 19.339294 136.697601
v 5.400142 21.699026 169.209488
v 15.887846 21.699026 169.209488
v 15.887846 21.699028 168.685089
v 5.400142 21.699028 168.685089
v 5.400142 21.699026 169.209488
v 5.400142 21.699028 168.685089
v 5.400142 36.906197 168.685089
v 5.400142 36.906197 169.209488
v 15.887846 36.906197 169.209488
v 5.400142 36.906197 169.209488
v 5.400142 36.906197 168.685089
v 15.887846 36.906197 168.685089
v 15.887846 21.699028 168.685089
v 15.887846 21.699026 169.209488
v 15.887846 36.906197 169.209488
v 15.887846 36.906197 168.685089
v 15.887846 21.699026 169.209488
v 5.400142 21.699026 169.209488
v 5.400142 36.906197 169.209488
v 15.887846 36.906197 169.209488
v 5.400142 21.699028 168.685089
v 15.887846 21.699028 168.685089
v 15.887846 36.906197 168.685089
v 5.400142 36.906197 168.685089
vn 1.0000 -0.0000 -0.0000
vn -0.0000 -0.0000 1.0000
vn -1.0000 -0.0000 -0.0000
vn -0.0000 -0.0000 -1.0000
vn -0.7071 -0.0000 0.7071
vn 0.7071 -0.0000 0.7071
vn -0.0000 -1.0000 -0.0000
vn -0.0000 1.0000 -0.0000
vn -0.0000 -0.9965 -0.0830
vn 0.0551 0.9965 -0.0623
vn -0.1961 0.9806 -0.0000
vn 0.9343 -0.0000 0.3564
vn -0.7682 -0.6402 -0.0000
vn 0.7682 -0.6402 -0.0000
vn -0.0000 -0.6783 0.7348
vn -0.0000 -0.8944 0.4472
vn -0.0000 0.6508 -0.7593
vn -0.0000 0.8944 -0.4472
vn -0.0000 -0.6783 -0.7348
vn -0.0000 0.6508 0.7593
vn -0.0000 -0.8944 -0.4472
vn -0.0000 0.8944 0.4472
vn -0.5547 -0.0000 -0.8321
vn 0.8050 0.5933 -0.0000
vn -0.8051 -0.5932 -0.0000
vn 0.9006 -0.0000 -0.4347
vn 0.9062 -0.0000 0.4229
vn -0.4525 0.8391 -0.3017
vn -0.4534 0.8387 -0.3018
vn 0.8291 -0.0021 0.5591
vn 0.8269 -0.0000 0.5624
vn -0.3679 0.8531 0.3698
vn -0.3684 0.8535 0.3684
vn 0.3685 -0.8534 -0.3685
vn -0.8886 0.0018 -0.4587
vn 0.4702 -0.8250 0.3135
vn -0.6161 -0.4887 0.6177
vn 0.5547 -0.0000 -0.8321
vn -0.8050 0.5933 -0.0000
vn 0.8050 -0.5932 -0.0000
vn -0.9006 -0.0000 -0.4347
vn -0.9062 -0.0000 0.4229
vn 0.8957 -0.0000 0.4447
vn 0.3684 0.8535 0.3685
vn 0.8886 0.0018 -0.4587
vn -0.3685 -0.8534 -0.3685
vn 0.4710 0.8332 -0.2899
vn -0.4702 -0.8250 0.3135
vn 0.3679 0.8532 0.3698
vn 0.4692 0.8356 -0.2857
vn -0.8308 0.0007 0.5566
vn -0.0000 -0.7071 -0.7071
vn -0.7071 -0.7071 -0.0000
vn -0.0000 -0.7071 0.7071
vn 0.7071 -0.7071 -0.0000
vn 0.3345 0.8451 -0.4171
vn 0.1839 0.9656 -0.1839
vn 0.2425 0.9701 -0.0000
vn -0.1839 0.9656 0.1839
vn -0.2425 0.9701 -0.0000
vn 0.1887 0.9534 0.2353
vn -0.0000 0.9558 -0.2941
vn -0.1627 0.9560 -0.2441
vn -0.0000 0.9558 0.2941
vn -0.3354 0.8804 -0.3354
vn -0.0000 0.8517 -0.5241
vn -0.0000 0.8517 0.5241
vn 0.3354 0.8804 0.3354
vn -0.3345 0.8451 0.4171
vn 0.3346 0.8451 -0.4171
vn -0.3354 0.8804 0.3354
vn 0.3346 0.8451 0.4171
vn 0.5241 0.8517 -0.0000
vn 0.1713 0.9852 -0.0000
vn 0.1315 0.9882 -0.0791
vn -0.1713 0.9852 -0.0000
vn -0.1315 0.9882 0.0791
vn -0.0000 0.9918 -0.1280
vn 0.1353 0.9855 0.1021
vn -0.0000 0.9918 0.1280
vn -0.1172 0.9875 -0.1057
vn 0.3354 0.8804 -0.3354
vn 0.4171 0.8451 0.3346
vn -0.3162 -0.9487 -0.0000
vn 0.5547 -0.8321 -0.0000
vn 0.9923 -0.1240 -0.0000
vn -0.0000 -0.2425 -0.9701
vn -0.0000 -0.2425 0.9701
vn -0.9924 -0.1230 0.0016
vn -0.9922 -0.1243 -0.0010
vn -0.0007 -0.2426 0.9701
vn -0.0000 -0.2430 -0.9700
vn -0.9920 -0.1259 -0.0028
vn -0.0012 -0.2427 0.9701
vn -0.0001 -0.2425 -0.9701
vn -0.9923 -0.1240 -0.0000
vn 0.9923 -0.1242 -0.0021
vn -0.0000 -0.2421 0.9702
vn -0.0010 -0.2424 -0.9702
vn -0.0004 -0.2434 -0.9699
vn 1.0000 0.0001 -0.0000
vn -0.0000 -0.9683 0.2499
vn -0.0000 0.7071 -0.7071
vn -0.0000 0.7071 0.7071
vn -0.0000 -0.9603 0.2788
vn -0.0000 0.2630 0.9648
vn -0.2425 -0.0000 -0.9701
vn 0.2425 -0.0000 -0.9701
vn -0.7071 -0.0000 -0.7071
vn 0.7071 -0.0000 -0.7071
vn -0.9701 -0.0000 -0.2425
vn 0.9701 -0.0000 -0.2425
vn -0.9701 -0.0000 0.2425
vn 0.9701 -0.0000 0.2425
vn -0.2425 -0.0000 0.9701
vn 0.2425 -0.0000 0.9701
vn 0.0476 0.9989 -0.0000
vn 0.0672 0.7055 -0.7055
vn 0.0476 -0.9989 -0.0000
vn 0.0672 -0.7055 -0.7055
vn 0.0476 -0.0000 0.9989
vn 0.0672 -0.7055 0.7055
vn 0.0476 -0.0000 -0.9989
vn 0.0672 0.7055 0.7055
vn 0.3162 -0.0000 -0.9487
vn 0.3162 -0.0000 0.9487
vn -0.0000 0.9683 -0.2499
vn -0.0000 0.2474 0.9689
vn -0.0000 -0.2524 -0.9676
vn -0.9515 -0.2979 0.0770
vn 0.9006 -0.0000 -0.4348
vn 0.9064 -0.0010 0.4224
vn -0.4528 0.8368 -0.3080
vn -0.4480 0.8415 -0.3021
vn 0.8308 0.0007 0.5566
vn -0.3673 0.8536 0.3693
vn -0.8882 -0.0000 -0.4594
vn -0.6170 -0.4877 0.6176
vn -0.6167 -0.4892 0.6167
vn 0.5547 -0.0000 -0.8320
vn 0.8051 -0.5932 -0.0000
vn -0.9006 -0.0000 -0.4348
vn -0.9064 -0.0009 0.4225
vn -0.9064 -0.0010 0.4224
vn 0.8948 0.0016 0.4465
vn 0.8947 0.0012 0.4467
vn 0.3673 0.8536 0.3693
vn 0.8882 -0.0000 -0.4594
vn 0.4714 0.8330 -0.2895
vn -0.4699 -0.8251 0.3137
vn 0.4694 0.8339 -0.2903
vn -0.8269 -0.0000 0.5624
vn 1.0000 -0.0003 -0.0000
vn 0.3346 0.8450 -0.4171
vn -0.3346 0.8450 0.4171
vn 0.3346 0.8450 0.4171
vn 0.4171 0.8450 0.3346
vn 0.9923 -0.1241 -0.0000
vn -0.9922 -0.1245 -0.0000
vn -0.0000 -0.2421 0.9703
vn 0.0002 -0.2429 -0.9701
vn -0.9923 -0.1237 -0.0012
vn -0.0009 -0.2422 0.9702
vn 0.0082 -0.2407 -0.9706
vn 0.9922 -0.1243 0.0027
vn 0.0012 -0.2427 0.9701
vn -0.0167 -0.2398 -0.9707
vn 1.0000 -0.0001 -0.0000
vn -0.0000 0.2631 0.9648
vn -0.9514 -0.2982 0.0769
vt 0.000000 -3.267857
vt 0.000000 -3.297619
vt -0.138889 -3.267857
vt 5.369792 -0.160714
vt 5.619792 -0.160714
vt 5.619792 0.982143
vt 4.119792 0.982143
vt 4.119792 -0.160714
vt 4.203125 -0.160714
vt 6.286458 0.982143
vt 6.286458 -0.160714
vt 5.286458 -0.160714
vt 5.203125 0.982143
vt 5.203125 -0.160714
vt 4.036458 0.982143
vt 2.869792 -0.160714
vt 2.869792 0.982143
vt 4.536458 0.982143
vt 5.286458 0.982143
vt 4.036458 -0.160714
vt 2.453125 -0.160714
vt 1.286458 0.982143
vt 1.286458 -0.160714
vt 1.703125 -0.160714
vt 2.453125 0.982143
vt 0.902778 -3.297619
vt 1.041667 -3.059524
vt 0.833333 -3.059524
vt 1.041667 -2.226191
vt 0.277778 -1.869048
vt 0.625000 -1.869048
vt 0.000000 -2.702381
vt 0.416667 -3.297619
vt -0.069444 -1.869048
vt -0.034722 -1.869048
vt 0.416667 -2.702381
vt 0.555556 -1.869048
vt 0.555556 -3.297619
vt 0.763889 -1.869048
vt 1.041667 -1.869048
vt 1.041667 -3.178571
vt 0.763889 -3.297619
vt 0.694444 -1.869048
vt 0.694444 -3.297619
vt 0.625000 -3.178571
vt 0.902778 -1.869048
vt 1.041667 -2.702381
vt 0.694444 -2.702381
vt -0.212674 -1.869048
vt -0.798611 -1.869048
vt -0.833333 -2.107143
vt -0.972222 -2.226191
vt -0.833333 -2.226191
vt 0.194445 -3.297619
vt 0.347222 -2.226191
vt 0.194445 -2.226191
vt -0.972222 -3.059524
vt 0.564236 -1.869048
vt 0.347222 -1.869048
vt 0.486111 -3.267857
vt 0.520833 -3.178571
vt 0.520833 -3.267857
vt 0.590278 -3.178571
vt 0.625000 -3.267857
vt 0.590278 -3.267857
vt 0.625000 -3.297619
vt 0.486111 -1.869048
vt -0.138889 -3.178571
vt 0.000000 -3.178571
vt 0.486111 -3.297619
vt 5.536458 0.982143
vt 3.203125 0.982143
vt 3.203125 -0.160714
vt -3.630208 -0.160714
vt -3.296875 0.982143
vt -3.630208 0.982143
vt -4.796875 0.982143
vt -3.796875 -0.160714
vt -3.796875 0.982143
vt -0.069444 -3.297619
vt -0.381944 -3.059524
vt -0.729167 -3.059524
vt -1.041667 -2.226191
vt -1.041667 -3.059524
vt -0.729167 -2.404762
vt -0.729167 -1.869048
vt -0.763889 -2.226191
vt -0.729167 -2.226191
vt -0.381944 -1.869048
vt -0.381944 -2.404762
vt -0.104167 -1.869048
vt -0.173611 -3.178571
vt -0.104167 -3.178571
vt -0.104167 -3.267857
vt -0.173611 -3.267857
vt -0.208333 -3.297619
vt -0.069444 -3.267857
vt -0.208333 -3.267857
vt -0.138889 -3.297619
vt 0.902778 -2.583333
vt 0.868056 -2.583333
vt 0.763889 -2.226191
vt 0.902778 -3.000000
vt 0.868056 -3.000000
vt 0.763889 -2.642857
vt 0.763889 -2.583333
vt -0.208333 -1.988095
vt -0.729167 -2.166667
vt -0.451389 -2.166667
vt -0.763889 -2.166667
vt -0.451389 -2.226191
vt -0.972222 -2.464286
vt -0.208333 -2.166667
vt -0.416667 -2.226191
vt -0.208333 -2.226191
vt -0.763889 -3.297619
vt -0.729167 -3.297619
vt -0.451389 -3.297619
vt -0.416667 -3.059524
vt -0.416667 -3.297619
vt -0.972222 -3.000000
vt -0.972222 -3.297619
vt 0.868056 -3.297619
vt 0.902778 -3.059524
vt 0.868056 -3.059524
vt -0.451389 -3.059524
vt -0.763889 -3.059524
vt -0.972222 -2.583333
vt -0.208333 -2.642857
vt -0.972222 -2.642857
vt -0.208333 -3.000000
vt -0.972222 -1.988095
vt -0.208333 -2.464286
vt -0.208333 -2.583333
vt -0.416667 -1.869048
vt -0.208333 -1.869048
vt 0.421007 -1.869048
vt 0.000000 -2.583333
vt -0.972222 -1.869048
vt 0.285714 -0.000000
vt 1.000000 0.879630
vt 0.107143 0.879630
vt 2.333036 0.879630
vt 3.011607 -0.000000
vt 3.011607 0.879630
vt 2.478572 0.879630
vt 2.514286 -0.000000
vt 2.514286 0.879630
vt 2.297322 -0.000000
vt 2.297322 0.879630
vt 5.443750 1.187500
vt 5.443750 1.312500
vt 5.043750 1.000000
vt 3.643750 2.000000
vt 4.143750 1.000000
vt 4.393750 1.000000
vt 6.843750 1.312500
vt 6.443750 2.000000
vt 6.318750 1.375000
vt 5.968750 1.375000
vt 5.443750 2.000000
vt 5.968750 2.000000
vt -0.461607 0.833333
vt -0.283036 0.833333
vt -0.283036 0.740741
vt 1.038393 0.833333
vt 0.716964 -0.000000
vt -0.461607 0.879630
vt 0.538393 0.879630
vt 1.618750 -0.000000
vt 1.618750 0.833333
vt 0.206250 1.125000
vt 0.206250 1.000000
vt 0.306250 1.000000
vt 1.343750 1.375000
vt 1.543750 1.000000
vt 1.343750 1.000000
vt 1.343750 2.000000
vt 1.543750 1.625000
vt 1.343750 1.625000
vt 2.843750 1.625000
vt 3.000000 1.625000
vt 3.043750 2.000000
vt 2.843750 1.375000
vt 2.443750 1.375000
vt 2.543750 1.000000
vt 3.043750 1.625000
vt 3.043750 1.375000
vt 3.243750 1.000000
vt 3.443750 2.000000
vt 3.643750 1.000000
vt 1.543750 2.000000
vt 2.343750 1.625000
vt 1.643750 2.000000
vt 2.343750 2.000000
vt 1.643750 1.625000
vt 1.243750 2.000000
vt 1.243750 1.437500
vt 1.443750 1.531250
vt -0.056250 1.250000
vt 1.043750 1.250000
vt 1.043750 1.343750
vt 1.043750 2.000000
vt 1.443750 2.000000
vt 0.306250 2.125000
vt 0.206250 3.000000
vt 0.206250 2.000000
vt 0.406250 2.125000
vt 0.306250 3.000000
vt 0.600000 3.000000
vt 0.400000 2.000000
vt 0.400000 3.000000
vt 2.262500 1.000000
vt 2.262500 -0.000000
vt 1.862500 -0.000000
vt 0.000000 1.250000
vt 0.600000 1.875000
vt 0.600000 1.250000
vt 0.656250 0.125000
vt 1.456250 -0.000000
vt 1.456250 0.125000
vt 1.556250 0.250000
vt 1.156250 1.000000
vt 1.056250 1.000000
vt 0.656250 0.250000
vt 1.043750 -2.000000
vt 0.589205 -1.875000
vt 0.589205 -2.000000
vt 1.407386 0.250000
vt 0.952841 1.000000
vt 1.043750 1.000000
vt 1.043750 0.125000
vt 0.589205 0.250000
vt 1.043750 0.250000
vt 1.316477 0.125000
vt 0.589205 0.125000
vt 1.316477 -0.000000
vt 1.043750 -0.000000
vt 0.589205 -0.000000
vt 1.043750 -1.750000
vt 1.043750 -1.875000
vt 0.093750 1.000000
vt 0.543750 -0.000000
vt -0.056250 -0.000000
vt 0.498295 -0.000000
vt 0.556250 -0.000000
vt 1.462500 1.000000
vt 0.962500 -0.000000
vt 0.962500 1.000000
vt 0.643750 -0.000000
vt -0.256250 -0.000000
vt 0.043750 1.000000
vt -0.607143 0.879630
vt -0.607143 -0.000000
vt -0.357143 -0.000000
vt 2.501786 -0.000000
vt 2.466072 0.879630
vt 2.501786 0.879630
vt 2.333036 -0.000000
vt -3.356250 1.000000
vt -3.756250 2.000000
vt -3.756250 1.000000
vt -3.656250 2.000000
vt -2.356250 1.000000
vt -2.356250 2.000000
vt -4.981250 2.000000
vt -5.331250 1.375000
vt -4.981250 1.375000
vt -5.556250 2.000000
vt -5.856250 1.312500
vt -4.456250 1.312500
vt -4.456250 2.000000
vt -6.956250 1.000000
vt -5.856250 1.187500
vt -4.456250 1.187500
vt -3.656250 1.000000
vt -3.356250 2.000000
vt -0.693750 1.000000
vt -0.693750 1.125000
vt -0.793750 1.125000
vt -0.738393 0.879630
vt -0.488393 0.879630
vt -0.559821 0.833333
vt -0.925893 0.833333
vt -0.997321 0.833333
vt -0.925893 0.851852
vt -0.925893 0.740741
vt -0.675893 0.833333
vt -0.488393 0.740741
vt -0.738393 -0.000000
vt 1.643750 1.125000
vt 2.343750 1.125000
vt 2.343750 1.000000
vt -0.500000 2.875000
vt -0.600000 3.000000
vt -0.500000 3.000000
vt -1.456250 2.000000
vt -1.456250 1.125000
vt -0.556250 1.125000
vt 2.206250 -0.000000
vt 2.206250 1.000000
vt 2.106250 1.000000
vt -1.693750 1.000000
vt -1.693750 1.125000
vt -2.256250 1.000000
vt -1.456250 1.000000
vt -2.256250 2.000000
vt -1.456250 0.250000
vt -1.356250 1.000000
vt -1.356250 0.125000
vt -1.556250 1.000000
vt -1.556250 0.250000
vt -0.456250 1.000000
vt -0.056250 1.000000
vt -0.456250 -0.000000
vt 1.406250 1.000000
vt 1.306250 -0.000000
vt 1.406250 -0.000000
vt -0.645536 -0.000000
vt -0.002679 -0.000000
vt -0.431250 0.740741
vt -0.756250 0.125000
vt -0.256250 0.125000
vt -0.956250 1.000000
vt -1.456250 -0.375000
vt -1.356250 -1.000000
vt -1.356250 -0.375000
vt -1.556250 -0.375000
vt -1.556250 -0.750000
vt -0.756250 0.250000
vt 11.000000 0.905000
vt 12.250000 -0.000000
vt 13.000000 2.000000
vt 8.484375 -0.000000
vt 9.984375 2.000000
vt 8.484375 2.000000
vt 9.000000 18.250000
vt 9.000000 18.750000
vt 8.125000 19.000000
vt 21.515625 -0.000000
vt 22.015625 2.000000
vt 21.515625 2.000000
vt 18.515625 -0.000000
vt 19.265625 2.000000
vt 9.984375 21.515625
vt 9.984375 22.015625
vt 8.484375 22.015625
vt 9.359375 18.265625
vt 8.484375 18.015625
vt 9.984375 18.015625
vt 9.859375 19.015625
vt 9.359375 19.265625
vt 9.359375 19.015625
vt 9.859375 18.515625
vt 9.359375 18.515625
vt 9.984375 18.265625
vt 11.984375 15.015625
vt 9.984375 14.265625
vt 11.484375 13.015625
vt 14.234375 2.000000
vt 14.984375 1.000000
vt 14.234375 1.000000
vt 12.984375 1.000000
vt 12.984375 2.000000
vt 9.984375 1.000000
vt 11.484375 1.000000
vt 11.484375 1.500000
vt 11.984375 2.000000
vt 11.484375 2.000000
vt 11.984375 -0.000000
vt 9.984375 -0.000000
vt 11.500000 12.500000
vt 12.000000 12.000000
vt 12.000000 12.500000
vt 10.000000 12.000000
vt 11.500000 12.000000
vt 9.000000 14.000000
vt 10.000000 14.000000
vt 10.000000 14.750000
vt -0.500000 22.812500
vt 0.000000 23.750000
vt 0.000000 22.812500
vt 18.015625 -0.000000
vt 18.015625 2.000000
vt 18.265625 2.000000
vt 8.000000 19.000000
vt 8.125000 18.000000
vt 7.984375 21.515625
vt 7.984375 19.265625
vt 8.359375 19.265625
vt 7.984375 2.000000
vt 7.984375 18.265625
vt 8.359375 18.265625
vt 7.984375 18.015625
vt 1.000000 22.000000
vt 1.000000 20.000000
vt 2.000000 20.000000
vt 1.906250 1.000000
vt 2.031250 -0.000000
vt 2.031250 1.000000
vt 0.000000 -0.000000
vt 0.000000 1.000000
vt -0.500000 1.000000
vt 22.000000 1.000000
vt 21.000000 -0.000000
vt 20.000000 1.000000
vt 22.500000 2.000000
vt 23.000000 1.500000
vt 22.500000 1.500000
vt 22.000000 2.000000
vt 21.000000 1.000000
vt 1.000000 1.000000
vt 2.000000 2.000000
vt 1.000000 2.000000
vt 23.000000 2.000000
vt 22.000000 -0.000000
vt 1.000000 19.000000
vt 1.125000 19.000000
vt 20.750000 -0.000000
vt -0.015625 1.000000
vt -0.640625 -0.000000
vt -0.640625 1.000000
vt 0.500000 22.500000
vt -0.500000 23.000000
vt -0.500000 22.500000
vt -0.500000 22.000000
vt -0.500000 -0.000000
vt -0.625000 19.500000
vt -0.500000 19.000000
vt -0.500000 19.500000
vt 0.000000 19.000000
vt 40.015625 2.015625
vt 41.015625 1.015625
vt 41.015625 2.015625
vt -0.250000 1.015625
vt 0.000000 2.015625
vt -0.250000 2.015625
vt 40.000000 -0.000000
vt 41.000000 0.250000
vt 40.000000 0.250000
vt 6.984375 13.000000
vt 7.109375 13.000000
vt 7.109375 13.500000
vt 7.609375 13.500000
vt 7.609375 13.000000
vt 7.984375 13.000000
vt 7.609375 14.000000
vt 11.250000 -0.000000
vt 11.000000 -0.000000
vt 11.000000 2.000000
vt 7.000000 12.984375
vt 9.000000 10.984375
vt 9.000000 12.984375
vt 8.984375 -0.000000
vt 6.984375 2.000000
vt 8.984375 2.000000
vt 1.984375 -0.000000
vt -0.015625 2.000000
vt 1.984375 2.000000
vt 1.125000 2.000000
vt 0.625000 2.000000
vt -0.125000 -0.000000
vt 1.984375 14.500000
vt -0.015625 15.000000
vt -0.015625 14.500000
vt -0.015625 11.000000
vt 0.734375 11.000000
vt 0.734375 11.500000
vt 1.234375 11.500000
vt 1.234375 11.000000
vt 1.984375 11.000000
vt 14.500000 2.000000
vt 15.000000 -0.000000
vt 14.500000 -0.000000
vt 12.000000 2.000000
vt 14.000000 2.000000
vt 15.000000 2.000000
vt 13.250000 -0.000000
vt 13.375000 -0.000000
vt 14.984375 -5.000000
vt 15.984375 -6.000000
vt 15.984375 -5.000000
vt -5.000000 -0.000000
vt -4.937500 1.000000
vt -5.000000 1.000000
vt -4.000000 1.000000
vt -4.000000 2.000000
vt -4.000000 -0.000000
vt -3.750000 -0.000000
vt -3.750000 0.500000
vt -3.250000 0.500000
vt -3.000000 -0.000000
vt -3.000000 1.000000
vt -3.250000 1.000000
vt 16.000000 -0.000000
vt 15.000000 1.000000
vt 16.000000 1.000000
vt 14.000000 -0.000000
vt 14.000000 1.000000
vt 16.000000 2.000000
vt 15.984375 -4.750000
vt 15.984375 -4.250000
vt 14.984375 -4.000000
vt 13.984375 -6.000000
vt 14.984375 -6.000000
vt 14.984375 -5.937500
vt 15.000000 -4.937500
vt 16.000000 -4.000000
vt 16.000000 -4.937500
vt -5.000000 2.000000
vt -6.000000 2.000000
vt 3.000000 1.000000
vt 3.000000 2.000000
vt 1.984375 -5.000000
vt 2.984375 -6.000000
vt 2.984375 -5.000000
vt 2.000000 1.000000
vt -15.000000 2.000000
vt -16.000000 3.000000
vt -15.000000 3.000000
vt 17.500000 -0.000000
vt 18.000000 1.000000
vt 17.500000 1.000000
vt -0.937500 22.812500
vt -0.500000 23.750000
vt 20.625000 -0.000000
vt 19.312500 2.000000
vt 20.000000 1.500000
vt 20.000000 2.000000
vt 19.250000 1.000000
vt 19.312500 1.000000
vt 19.312500 1.500000
vt 23.000000 -0.000000
vt 23.000000 1.000000
vt 20.750000 1.000000
vt -2.000000 -1.000000
vt -2.000000 -0.000000
vt -1.015625 1.000000
vt -1.000000 1.000000
vt -1.000000 23.000000
vt 40.750000 1.015625
vt 40.250000 2.015625
vt 40.750000 2.015625
vt 20.000000 -0.000000
vt 20.500000 1.000000
vt 21.375000 1.000000
vt 21.375000 -0.000000
vt -1.000000 19.500000
vt -0.625000 19.000000
vt -1.000000 2.015625
vt 41.000000 1.000000
vt 40.500000 1.000000
vt -0.625000 -0.000000
vt -0.625000 1.000000
vt -2.000000 42.000000
vt -3.000000 41.000000
vt -2.000000 41.000000
vt 42.000000 -0.000000
vt 43.000000 -1.000000
vt 43.000000 -0.000000
vt -3.000000 -1.000000
vt -2.000000 2.000000
vt -3.000000 2.000000
vt -4.750000 -0.000000
vt -4.250000 -0.000000
vt -3.000000 23.000000
vt -2.000000 22.000000
vt -2.000000 23.000000
vt -5.000000 23.000000
vt -4.000000 22.000000
vt -4.000000 23.000000
vt 24.000000 0.905000
vt 46.000000 10.031250
vt 45.000000 11.031250
vt 45.000000 10.031250
vt 46.000000 -0.000000
vt 47.000000 -1.000000
vt 47.000000 -0.000000
vt -12.000000 -1.000000
vt -11.000000 -0.000000
vt -12.000000 -0.000000
vt -11.562500 -0.859375
vt -12.562500 -0.145089
vt -11.562500 -0.145089
vt 45.812500 -0.859375
vt 45.000000 -0.859375
vt 45.000000 -0.145089
vt -3.000000 21.000000
vt -3.000000 22.000000
vt 43.250000 -0.000000
vt 44.250000 -1.000000
vt 44.250000 -0.000000
vt -2.000000 21.000000
vt -8.000000 43.000000
vt -9.000000 42.000000
vt -8.000000 42.000000
vt 44.000000 -1.000000
vt 44.000000 -0.000000
vt -8.000000 -1.000000
vt -9.000000 -0.000000
vt -8.000000 -0.000000
vt -9.000000 -1.000000
vt -2.500000 19.000000
vt -2.000000 19.750000
vt -3.000000 20.000000
vt -2.000000 20.000000
vt -2.500000 2.000000
vt -3.000000 0.500000
vt -2.500000 0.500000
vt -2.000000 1.000000
vt -4.000000 19.000000
vt -3.000000 19.000000
vt 21.000000 2.000000
vt -4.000000 21.000000
vt -5.390625 -0.000000
vt -6.015625 1.000000
vt -5.390625 1.000000
vt -5.328125 19.312500
vt -6.015625 19.250000
vt -5.328125 19.250000
vt -5.015625 20.000000
vt -5.328125 20.000000
vt -6.015625 19.000000
vt 19.000000 1.000000
vt 19.250000 -0.000000
vt -6.000000 -0.000000
vt -6.000000 1.000000
vt -8.984375 19.984375
vt -7.984375 19.984375
vt -7.984375 20.984375
vt -8.000000 2.000000
vt -8.000000 1.000000
vt -7.000000 1.000000
vt -9.234375 -0.000000
vt -7.984375 1.000000
vt -9.234375 1.000000
vt -7.000000 2.000000
vt -9.000000 2.000000
vt 20.000000 3.000000
vt 22.000000 3.000000
vt -7.015625 2.000000
vt -6.015625 2.000000
vt -9.000000 1.000000
vt 45.000000 1.250000
vt 46.000000 1.000000
vt 46.000000 1.250000
vt -18.000000 46.000000
vt -17.000000 45.000000
vt -17.000000 46.000000
vt -17.015625 2.250000
vt -18.015625 3.000000
vt -17.015625 3.000000
vt 44.062500 0.747768
vt 45.062500 0.569196
vt 44.062500 0.569196
vt 45.750000 1.750000
vt 44.750000 2.500000
vt 45.750000 2.500000
vt -17.437500 0.747768
vt -18.437500 0.569196
vt -17.437500 0.569196
vt -17.500000 1.250000
vt -16.500000 2.000000
vt -17.500000 2.000000
vt 22.015625 3.000000
vt 23.015625 2.000000
vt 23.015625 3.000000
vt -8.000000 22.000000
vt -7.000000 21.000000
vt -7.000000 22.000000
vt 21.015625 2.000000
vt 21.015625 1.000000
vt 22.015625 1.000000
vt 19.750000 1.000000
vt 19.000000 2.000000
vt 21.015625 -0.000000
vt 20.265625 1.000000
vt 20.015625 -0.000000
vt -8.000000 19.750000
vt -8.000000 20.250000
vt -7.000000 20.500000
vt -7.000000 20.000000
vt -8.000000 20.000000
vt -8.000000 19.000000
vt -8.750000 19.250000
vt -9.250000 19.750000
vt -9.250000 19.250000
vt -8.000000 19.250000
vt -8.250000 19.750000
vt -8.250000 19.250000
vt -9.000000 20.000000
vt -9.250000 19.000000
vt -1.015625 16.000000
vt -2.015625 15.000000
vt -1.015625 15.000000
vt 11.500000 -0.000000
vt 11.500000 2.000000
vt 11.500000 1.500000
vt 11.000000 1.500000
vt 12.000000 1.000000
vt 11.000000 1.000000
vt -1.500000 12.000000
vt -2.000000 11.500000
vt -1.500000 11.500000
vt -1.500000 11.000000
vt -1.000000 11.000000
vt -1.500000 1.000000
vt -2.000000 12.000000
vt -3.000000 11.000000
vt -8.000000 13.500000
vt -8.000000 13.000000
vt -6.000000 12.000000
vt -8.000000 0.500000
vt -9.250000 -0.000000
vt -6.015625 -0.000000
vt -8.015625 0.500000
vt -6.015625 0.500000
vt -8.015625 2.000000
vt -8.906250 1.000000
vt -8.031250 0.500000
vt -8.031250 2.000000
vt -8.906250 1.500000
vt -9.281250 2.000000
vt -9.281250 1.500000
vt -6.000000 0.500000
vt -6.000000 4.000000
vt 12.000000 4.000000
vt 13.000000 3.000000
vt 14.000000 3.000000
vt 15.000000 4.000000
vt 13.500000 3.500000
vt 13.500000 4.000000
vt 14.000000 4.000000
vt 13.000000 3.500000
vt 15.000000 0.500000
vt 12.000000 0.500000
vt -9.000000 13.000000
vt -9.000000 14.000000
vt -9.250000 14.000000
vt -8.000000 15.000000
vt -9.250000 15.000000
vt -9.000000 12.500000
vt -9.250000 12.000000
vt -8.875000 12.000000
vt -8.000000 12.500000
vt -8.500000 13.000000
vt -8.500000 12.500000
vt -17.031250 6.000000
vt -16.031250 5.000000
vt -16.031250 7.000000
vt -17.031250 7.000000
vt -18.031250 6.000000
vt -18.031250 7.000000
vt -18.015625 29.984375
vt -18.015625 28.984375
vt -17.015625 28.984375
vt -17.015625 27.984375
vt 27.984375 5.000000
vt 25.984375 6.000000
vt 26.984375 7.000000
vt -18.750000 25.000000
vt -18.000000 24.000000
vt -18.000000 25.000000
vt -18.781250 2.000000
vt -18.031250 3.000000
vt -18.781250 3.000000
vt 23.000000 3.000000
vt 24.000000 2.000000
vt 24.000000 3.000000
vt 22.500000 -0.000000
vt -17.046875 -0.000000
vt -18.046875 1.000000
vt -17.046875 1.000000
vt -18.046875 23.000000
vt -17.046875 22.000000
vt -17.046875 23.000000
vt -9.984375 1.000000
vt -10.000000 20.000000
vt -9.406250 1.500000
vt -9.906250 2.000000
vt -9.906250 1.000000
vt -9.406250 2.000000
vt -10.031250 -0.000000
vt -9.906250 -0.000000
vt -10.000000 2.000000
vt -9.250000 2.000000
vt -10.000000 15.000000
vt -19.000000 25.000000
vt -18.750000 24.000000
vt -19.031250 3.000000
vt 24.250000 2.000000
vt 23.250000 3.000000
vt 24.250000 3.000000
vt 17.015625 0.015625
vt 16.515625 -0.984375
vt 16.515625 0.015625
vt -18.000000 17.000000
vt -19.000000 16.500000
vt -18.000000 16.500000
vt -18.000000 -0.000000
vt -19.000000 1.000000
vt -18.000000 1.000000
vt 17.000000 -0.000000
vt -1.640625 -5.375000
vt -2.015625 -5.875000
vt -1.640625 -5.875000
vt -1.015625 -5.875000
vt -1.140625 -5.375000
vt -1.140625 -5.875000
vt -1.015625 -5.000000
vt -2.015625 -6.000000
vt -1.015625 -6.000000
vt -4.875000 0.984375
vt -4.375000 0.984375
vt -5.000000 -0.015625
vt -3.000000 -0.015625
vt -2.000000 0.984375
vt -3.000000 0.984375
vt -2.000000 -0.015625
vt -15.734375 5.515625
vt -15.984375 6.015625
vt -15.984375 5.015625
vt -14.984375 5.515625
vt -15.234375 6.015625
vt -15.234375 5.515625
vt -15.734375 5.015625
vt -15.750000 -4.000000
vt -16.000000 -5.000000
vt -15.000000 -5.000000
vt 8.000000 2.000000
vt 9.000000 3.000000
vt 8.000000 3.000000
vt -15.734375 6.015625
vt -14.984375 7.015625
vt 9.000000 2.000000
vt -15.250000 3.000000
vt -15.750000 2.500000
vt -15.250000 2.500000
vt -16.000000 2.000000
vt -15.750000 2.000000
vt -15.250000 -0.000000
vt -16.000000 -0.000000
vt -16.000000 1.000000
vt -19.000000 16.000000
vt -18.000000 16.000000
vt 16.015625 -0.984375
vt 16.015625 0.015625
vt 7.000000 1.000000
vt 7.000000 2.000000
vt -15.250000 2.000000
vt 7.500000 1.000000
vt 7.500000 1.500000
vt 7.500000 2.000000
vt 8.000000 1.500000
vt -14.984375 4.515625
vt -15.984375 4.015625
vt -3.250000 -0.000000
vt -3.500000 1.000000
vt -15.000000 1.000000
vt -15.250000 1.000000
vt -15.250000 1.500000
vt -15.750000 1.500000
vt -14.000000 -0.000000
vt -14.000000 1.000000
vt -15.750000 -3.500000
vt -15.250000 -3.500000
vt -15.000000 -3.000000
vt -15.000000 -4.000000
vt -15.250000 -4.000000
vt -16.000000 -3.500000
vt -16.000000 -3.750000
vt -15.000000 -0.000000
vt -14.000000 -5.000000
vt -14.000000 -4.000000
vt 16.000000 -5.000000
vt 16.062500 -4.000000
vt 16.062500 -5.000000
vt 16.062500 -0.000000
vt 16.062500 1.000000
vt 16.046875 -6.000000
vt 16.046875 -5.000000
vt -7.984375 19.625000
vt -6.984375 19.750000
vt -6.984375 19.625000
vt 19.875000 -0.000000
vt 19.875000 1.000000
vt -8.000000 19.125000
vt -7.000000 19.000000
vt -7.000000 19.125000
vt 19.000000 -0.000000
vt 18.875000 1.000000
vt -6.984375 -0.000000
vt -6.984375 1.000000
vt -7.984375 -0.000000
vt 4.900000 5.800000
vt 4.900000 4.400000
vt 3.400000 4.400000
vt 3.400000 9.400001
vt 4.900000 9.400001
vt 4.900000 8.600000
vt 3.400000 6.600000
vt 2.700000 4.400000
vt 2.700000 6.600000
vt 2.700000 9.400001
vt 1.300000 4.400000
vt 1.300000 9.400001
vt 3.800000 3.700000
vt 4.400000 3.200000
vt 3.400000 3.200000
vt 2.600000 3.700000
vt 2.000000 3.200000
vt 1.200000 3.200000
vt 3.400000 3.700000
vt 4.200000 4.100000
vt 4.200000 3.700000
vt 3.200000 4.100000
vt 3.200000 3.700000
vt -0.200000 3.700000
vt 2.600000 4.100000
vt 4.600000 4.600000
vt 4.600000 4.100000
vt 3.800000 4.100000
vt 2.600000 4.600000
vt -0.200000 4.100000
vt -0.200000 4.600000
vt 4.400000 3.000000
vt -0.100000 6.600000
vt -0.900000 4.400000
vt -0.900000 6.600000
vt -0.900000 9.400001
vt -2.300000 4.400000
vt -2.300000 9.400001
vt -3.700000 4.400000
vt -4.000000 4.400000
vt -4.000000 5.800000
vt -3.700000 6.600000
vt -4.000000 7.200000
vt -4.000000 8.600000
vt -1.000000 3.200000
vt -1.000000 3.700000
vt -0.400000 3.700000
vt -4.600000 4.600000
vt -4.800000 4.600000
vt -4.800000 4.800000
vt -4.500000 4.200000
vt -4.700000 3.600000
vt -4.700000 4.200000
vt -4.800000 3.200000
vt -4.800000 3.600000
vt -1.000000 4.100000
vt -1.700000 3.200000
vt -3.000000 4.600000
vt -3.000000 3.200000
vt -3.200000 3.200000
vt -0.400000 4.100000
vt -1.000000 4.600000
vt 2.578125 -4.250000
vt 2.953125 -6.125000
vt 2.953125 -4.250000
vt 2.953125 -10.750000
vt 2.578125 -11.750000
vt 2.578125 -10.750000
vt 2.578125 -10.625000
vt 2.578125 -8.375000
vt 2.578125 -7.250000
vt 2.953125 -8.250000
vt 2.953125 -5.500000
vt 2.578125 -5.500000
vt 8.242188 9.375000
vt 8.585938 7.875000
vt 8.242188 7.875000
vt 7.867188 7.875000
vt 7.398438 7.875000
vt 8.117188 6.125000
vt 7.867188 5.312500
vt 7.867188 6.125000
vt 8.117188 7.562500
vt 8.117188 7.875000
vt 8.117188 4.250000
vt 7.867188 4.812500
vt 8.117188 4.812500
vt 7.398438 6.000000
vt 7.867188 7.562500
vt 7.867188 7.062500
vt 8.117188 5.312500
vt 8.585938 6.000000
vt 8.585938 7.750000
vt 8.117188 7.062500
vt 2.953125 -3.375000
vt 2.953125 -1.625000
vt 2.578125 -1.625000
vt 2.578125 -2.875000
vt 2.953125 0.125000
vt 2.578125 -0.375000
vt 2.578125 -0.625000
vt 2.578125 -3.375000
vt 2.578125 -2.500000
vt 2.578125 0.125000
vt 8.585938 1.875000
vt 8.117188 2.500000
vt 8.585938 2.500000
vt 8.117188 3.062500
vt 8.585938 3.625000
vt 7.867188 2.500000
vt 7.398438 1.875000
vt 7.398438 2.500000
vt 7.398438 3.625000
vt 7.867188 4.250000
vt 7.867188 3.062500
vt 7.867188 1.875000
vt 1.875000 -0.195313
vt 1.625000 -1.695313
vt 1.625000 -0.195313
vt 0.875000 -0.195313
vt 1.125000 -0.195313
vt 0.000000 1.304688
vt 0.750000 1.304688
vt -0.125000 0.179688
vt 1.125000 1.929688
vt 1.437500 1.742188
vt 1.125000 1.429688
vt 1.625000 1.554688
vt 1.625000 1.929688
vt 1.750000 1.929688
vt 1.875000 0.679688
vt 1.875000 0.404688
vt 1.625000 0.054688
vt 1.125000 0.054688
vt 0.875000 0.054688
vt 1.000000 1.304688
vt -0.125000 -0.195313
vt -0.125000 0.054688
vt 2.953125 1.125000
vt 2.578125 1.125000
vt 2.578125 0.375000
vt 2.953125 2.875000
vt 2.578125 2.375000
vt 2.578125 1.875000
vt 2.953125 4.625000
vt 2.578125 2.875000
vt 2.578125 2.000000
vt 2.578125 4.625000
vt 2.953125 5.000000
vt 2.578125 5.000000
vt 2.953125 -11.750000
vt 2.953125 -9.000000
vt 2.578125 -9.000000
vt 2.578125 -8.875000
vt 2.953125 -7.250000
vt -5.437500 9.375000
vt -4.937500 7.875000
vt -5.687500 7.875000
vt -6.562500 5.875000
vt -7.031250 4.750000
vt -7.031250 5.875000
vt -7.031250 6.500000
vt -6.562500 6.500000
vt -6.562500 6.000000
vt -7.031250 8.250000
vt -6.562500 8.250000
vt -6.562500 7.750000
vt -6.312500 8.250000
vt -6.562500 9.375000
vt -6.312500 9.375000
vt -5.843750 7.875000
vt -5.843750 4.750000
vt -6.312500 4.750000
vt -6.312500 6.000000
vt -5.843750 6.500000
vt -6.312500 6.500000
vt -6.312500 7.750000
vt -6.562500 7.625000
vt -6.562500 4.750000
vt -1.375000 1.617188
vt -1.312500 1.679688
vt -1.312500 1.617188
vt -0.812500 1.617188
vt -0.750000 1.679688
vt -0.750000 1.617188
vt -1.875000 1.304688
vt -0.375000 1.429688
vt -0.250000 1.304688
vt -1.875000 -0.195313
vt -0.375000 0.054688
vt -0.375000 -0.195313
vt -1.875000 -0.695313
vt -1.875000 -0.320313
vt 1.914063 0.414063
vt 1.929688 0.648438
vt 1.929688 0.414063
vt 6.710938 1.789063
vt 6.335938 1.804688
vt 6.710938 1.804688
vt 1.914063 0.648438
vt -3.039063 0.687500
vt -3.031250 0.437500
vt -3.031250 0.687500
vt -3.039063 3.000000
vt -3.031250 3.375000
vt -3.031250 3.000000
vt -3.039063 0.312500
vt -3.031250 0.562500
vt -3.031250 0.312500
vt 3.476563 3.039063
vt 3.101563 3.031250
vt 3.476563 3.031250
vt 3.375000 0.687500
vt 3.000000 0.437500
vt 3.375000 0.437500
vt 4.304688 -0.125000
vt 6.179688 0.261752
vt 4.304688 0.261752
vt 6.179688 0.996795
vt 8.429688 1.050214
vt 8.929688 2.011752
vt 8.929688 1.050214
vt 11.304688 0.996795
vt 10.679688 0.996795
vt 10.804688 2.011752
vt 9.054688 2.011752
vt 9.554688 0.996795
vt 7.804688 0.996795
vt 7.679688 0.996795
vt 7.304688 2.011752
vt 6.679688 0.996795
vt 6.429688 0.996795
vt 1.257813 -7.005297
vt 1.257813 -7.111229
vt 1.070313 -7.111229
vt 1.070313 -8.007416
vt 1.257813 -8.007416
vt 1.257813 -8.113348
vt 6.429688 0.516026
vt 6.679688 0.729701
vt 6.179688 -0.125000
vt 5.554688 -0.125000
vt 5.554688 0.261752
vt 7.804688 -0.125000
vt 7.679688 -0.125000
vt 7.679688 0.729701
vt 7.304688 0.996795
vt 11.804688 0.261752
vt 11.804688 -0.125000
vt 11.304688 -0.125000
vt 9.554688 0.889957
vt 7.929688 0.889957
vt 8.429688 0.996795
vt 8.875000 -5.461605
vt 8.375000 -5.408186
vt 8.375000 -5.461605
vt 8.929688 0.996795
vt 6.117188 0.996795
vt 6.179688 1.050214
vt 6.117188 1.050214
vt 6.085938 -0.125000
vt 5.835938 -0.125000
vt 4.304688 0.996795
vt 6.179688 2.011752
vt 1.179688 2.011752
vt 0.679688 0.729701
vt 1.179688 0.729701
vt 0.679688 2.011752
vt 0.429688 2.011752
vt 0.429688 0.516026
vt -0.070313 2.011752
vt 2.929688 0.261752
vt 3.429688 2.011752
vt 2.929688 2.011752
vt 1.179688 0.261752
vt 2.929688 -0.125000
vt 1.679688 2.011752
vt 3.304688 0.996795
vt 2.992188 0.996795
vt 2.117188 1.050214
vt 2.117188 0.996795
vt 1.679688 0.996795
vt -0.070313 0.996795
vt 2.117188 2.011752
vt 2.554688 1.050214
vt 3.304688 0.729701
vt 4.304688 0.729701
vt -0.070313 -0.125000
vt 5.617188 0.996795
vt 5.554688 1.050214
vt 5.617188 1.050214
vt 2.062500 4.605836
vt 2.500000 4.552417
vt 2.500000 4.605836
vt 2.554688 0.996795
vt -1.320313 1.157051
vt -1.320313 0.729701
vt -0.820313 0.729701
vt -0.320313 2.011752
vt -0.320313 0.729701
vt -1.820313 1.157051
vt -2.320313 2.011752
vt -2.320313 0.729701
vt -2.820313 0.261752
vt -2.820313 -0.125000
vt -2.664063 -0.125000
vt -2.820313 2.011752
vt -4.570313 0.261752
vt -4.570313 -0.125000
vt -2.914063 -0.125000
vt -1.320313 2.011752
vt -2.445313 2.011752
vt -1.945313 1.050214
vt -2.445313 1.050214
vt -2.445313 0.996795
vt -2.820313 0.996795
vt -2.882813 0.996795
vt -4.085938 0.996795
vt -1.070313 2.011752
vt -0.945313 0.996795
vt -1.445313 0.996795
vt -4.335938 0.088675
vt -4.085938 0.088675
vt -4.570313 0.996795
vt -4.335938 0.996795
vt -2.882813 -0.125000
vt -0.445313 -0.125000
vt -0.445313 0.302350
vt -1.445313 0.729701
vt -1.570313 -0.125000
vt -1.570313 0.996795
vt -0.945313 0.729701
vt -0.695313 0.996795
vt -0.695313 0.516026
vt -0.445313 0.996795
vt -4.945313 0.261752
vt -4.570313 2.011752
vt -4.945313 2.011752
vt -4.945313 0.996795
vt 5.554688 2.011752
vt 5.554688 0.996795
vt 11.679688 0.996795
vt 9.679688 0.996795
vt -4.882813 0.996795
vt -4.945313 1.050214
vt -4.882813 1.050214
vt 8.875000 4.009148
vt 8.375000 4.062567
vt 8.375000 4.009148
vt 11.679688 -0.125000
vt 10.179688 0.996795
vt 10.179688 0.729701
vt 9.679688 0.302350
vt 9.554688 -0.125000
vt 9.679688 -0.125000
vt 9.429688 0.996795
vt 0.070313 -8.007416
vt 0.070313 -8.113348
vt 9.429688 0.889957
vt 0.070313 -7.005297
vt 0.070313 -7.111229
vt 7.804688 0.889957
vt 6.179688 0.729701
vt -4.945313 -0.125000
vt 5.679688 -0.125000
vt 5.125000 11.242188
vt 6.250000 11.242188
vt 6.250000 11.367188
vt 5.125000 10.992188
vt 5.906250 5.617188
vt 6.156250 5.898438
vt 5.906250 5.898438
vt 6.156250 5.617188
vt 6.250000 5.617188
vt 5.906250 6.148438
vt 5.250000 6.242188
vt 6.156250 6.148438
vt 5.906250 6.242188
vt 5.250000 6.742188
vt 4.375000 6.617188
vt 6.250000 7.992188
vt 6.375000 9.242188
vt 6.125000 9.242188
vt 5.125000 9.242188
vt 4.375000 9.242188
vt 4.375000 9.117188
vt 5.250000 7.867188
vt 6.250000 7.867188
vt 6.125000 7.992188
vt 6.250000 7.742188
vt 5.250000 7.742188
vt 4.750000 7.867188
vt 4.375000 7.867188
vt 4.375000 7.742188
vt 6.375000 9.492188
vt 6.250000 9.492188
vt 8.500000 7.992188
vt 8.125000 9.492188
vt 8.125000 7.992188
vt 8.000000 9.492188
vt 7.000000 7.992188
vt 7.000000 6.117188
vt 8.500000 4.367188
vt 8.500000 6.117188
vt 8.500000 6.242188
vt 8.500000 7.867188
vt 0.750000 10.367188
vt 0.750000 10.867188
vt 0.312500 10.867188
vt 0.750000 11.367188
vt 2.375000 10.617188
vt 1.250000 11.367188
vt 1.250000 10.617188
vt 3.062500 11.367188
vt 3.062500 11.242188
vt 4.125000 11.242188
vt 3.000000 11.867188
vt 3.000000 11.367188
vt 1.250000 11.867188
vt 2.375000 11.367188
vt 4.125000 10.992188
vt 3.000000 10.242188
vt 3.625000 10.554688
vt 3.000000 10.554688
vt 1.562500 10.554688
vt 1.250000 10.554688
vt 1.250000 10.367188
vt 4.125000 10.242188
vt 3.937500 10.554688
vt 3.937500 10.242188
vt 3.062500 10.617188
vt 4.125000 10.617188
vt 1.875000 10.554688
vt 2.937500 5.617188
vt 3.062500 5.617188
vt 2.937500 5.742188
vt 1.187500 5.742188
vt 0.187500 5.742188
vt 0.000000 5.617188
vt 2.937500 6.617188
vt 3.375000 5.742188
vt 3.375000 6.617188
vt 1.187500 6.617188
vt 1.750000 5.742188
vt 0.000000 5.992188
vt 0.187500 5.992188
vt 0.187500 7.492188
vt 0.000000 6.929688
vt 0.000000 6.742188
vt 3.781250 6.742188
vt 2.937500 6.742188
vt 1.187500 6.742188
vt 0.000000 9.117188
vt 1.625000 9.117188
vt 0.812500 9.367188
vt 4.125000 9.242188
vt 2.625000 9.242188
vt 3.500000 9.117188
vt 4.375000 7.992188
vt 3.500000 7.742188
vt 2.625000 9.117188
vt 1.750000 7.742188
vt 2.937500 7.742188
vt 0.000000 8.492188
vt 1.187500 7.742188
vt 2.937500 6.929688
vt 3.250000 6.867188
vt 3.250000 6.929688
vt 1.875000 6.929688
vt 1.562500 6.929688
vt 1.187500 6.867188
vt 3.250000 7.242188
vt 2.937500 7.367188
vt 2.937500 7.242188
vt 1.562500 7.242188
vt 1.875000 7.242188
vt 1.187500 7.367188
vt 1.187500 6.929688
vt 3.750000 6.867188
vt 3.781250 6.867188
vt 3.781250 6.992188
vt 4.375000 7.367188
vt 4.031250 7.367188
vt 4.031250 6.992188
vt 3.781250 7.367188
vt 1.187500 7.492188
vt 2.937500 6.867188
vt 1.875000 5.617188
vt 1.875000 4.429688
vt 2.375000 4.367188
vt 1.250000 10.117188
vt 1.250000 9.867188
vt 1.312500 9.867188
vt 4.125000 10.117188
vt 3.000000 10.117188
vt 3.625000 10.242188
vt 1.562500 10.242188
vt 1.625000 10.117188
vt 1.625000 9.367188
vt 1.625000 9.867188
vt 0.312500 9.867188
vt 0.000000 9.742188
vt 0.000000 9.617188
vt 7.000000 1.992188
vt 8.500000 2.617188
vt 7.000000 2.617188
vt 7.000000 3.742188
vt 8.500000 3.742188
vt 6.250000 1.929688
vt 7.375000 1.429688
vt 6.250000 1.429688
vt 4.500000 1.429688
vt 4.500000 1.679688
vt 8.000000 -1.570313
vt 7.375000 -1.945313
vt 7.375000 -1.570313
vt 8.000000 -1.320313
vt 7.375000 -0.195313
vt 8.000000 0.429688
vt 8.000000 1.929688
vt 6.250000 -2.570313
vt 8.000000 -2.570313
vt 4.500000 -2.570313
vt 6.250000 -1.945313
vt 0.000000 1.492188
vt 0.625000 1.492188
vt 0.625000 2.117188
vt 0.625000 3.179688
vt 0.625000 4.367188
vt 0.000000 4.367188
vt 2.937500 3.179688
vt 2.375000 3.179688
vt 1.875000 4.367188
vt 0.000000 -0.882813
vt 0.750000 -0.257813
vt 0.000000 -0.257813
vt 0.750000 0.867188
vt 0.000000 0.867188
vt 0.875000 1.492188
vt 0.875000 0.867188
vt 4.250000 1.929688
vt 4.000000 1.679688
vt 3.750000 1.429688
vt 3.750000 1.679688
vt 3.000000 -0.070313
vt 3.750000 -1.695313
vt 3.000000 -1.695313
vt 3.000000 0.179688
vt 3.750000 0.054688
vt 0.062500 2.054688
vt 0.750000 2.054688
vt -0.125000 2.929688
vt 2.000000 2.929688
vt 2.125000 2.054688
vt 2.750000 2.054688
vt 2.125000 1.929688
vt 2.750000 1.929688
vt 2.000000 -1.695313
vt 2.000000 0.054688
vt 3.000000 1.679688
vt 2.000000 0.179688
vt 1.125000 -1.257813
vt 0.500000 -1.695313
vt 1.125000 -1.695313
vt 0.750000 -0.195313
vt 0.750000 0.054688
vt 0.500000 0.054688
vt 0.187500 0.054688
vt 0.500000 -0.820313
vt 0.992188 0.679688
vt 0.750000 0.554688
vt 0.750000 -0.820313
vt 1.500000 0.671875
vt 1.484375 0.679688
vt 1.476563 0.648438
vt 1.500000 0.601563
vt 1.406250 0.578125
vt 1.500000 0.507813
vt 1.312500 0.554688
vt 1.218750 0.578125
vt 1.500000 0.187500
vt 1.500000 0.257813
vt 1.500000 -1.695313
vt 1.500000 -1.445313
vt 1.148438 0.648438
vt 1.125000 0.679688
vt 1.500000 0.296875
vt 1.593750 0.281250
vt 1.523438 0.210938
vt 1.500000 0.117188
vt 1.500000 -1.070313
vt 1.875000 -1.382813
vt 1.500000 -0.757813
vt 1.523438 0.023438
vt 1.875000 -0.328125
vt 1.593750 -0.046875
vt 1.875000 -0.117188
vt 1.687500 -0.070313
vt 1.781250 -0.046875
vt 1.875000 -0.023438
vt 1.851563 0.023438
vt 1.875000 0.046875
vt 1.875000 0.117188
vt 1.875000 0.351563
vt 1.851563 0.210938
vt 1.819844 0.337813
vt 1.781250 0.281250
vt 1.743750 0.318750
vt 1.687500 0.304688
vt 0.187500 0.554688
vt 0.062500 0.554688
vt 0.187500 0.617188
vt -0.125000 1.179688
vt -0.062500 0.992188
vt -0.062500 1.179688
vt 0.750000 1.054688
vt 1.750000 1.429688
vt 1.218750 0.906250
vt 1.312500 0.929688
vt 0.750000 0.789063
vt 1.148438 0.835938
vt 1.125000 0.742188
vt 1.109375 0.679688
vt 1.140625 0.679688
vt 1.500000 0.742188
vt 1.500000 0.679688
vt 1.562500 0.992188
vt 1.476563 0.835938
vt 1.444844 0.962812
vt 1.406250 0.906250
vt 1.368750 0.943750
vt 0.000000 1.179688
vt 0.062500 0.992188
vt 0.000000 1.929688
vt 0.062500 1.179688
vt -0.062500 1.304688
vt 0.750000 1.929688
vt 0.750000 0.992188
vt 0.187500 0.992188
vt 1.062500 0.179688
vt 0.937500 0.054688
vt 1.062500 0.054688
vt 1.062500 -0.195313
vt 0.937500 -0.320313
vt 1.062500 -0.320313
vt -0.125000 1.054688
vt -0.125000 1.304688
vt 0.062500 1.304688
vt 0.187500 1.054688
vt 0.187500 1.304688
vt 0.062500 1.054688
vt -0.062500 1.054688
vt 0.500000 1.054688
vt 0.500000 1.304688
vt 1.625000 -3.070313
vt 1.562500 -3.007813
vt 1.750000 -2.632813
vt 2.875000 -1.945313
vt 3.750000 -1.945313
vt 3.375000 -3.070313
vt 1.062500 -2.632813
vt 0.250000 -2.382813
vt 1.625000 -2.382813
vt 2.250000 -1.945313
vt 2.250000 -2.382813
vt 1.750000 -2.382813
vt 1.125000 -1.945313
vt 1.062500 -3.070313
vt -0.125000 -3.070313
vt 0.250000 -2.632813
vt 1.500000 -3.070313
vt 1.062500 -3.007813
vt 3.750000 -2.570313
vt 4.500000 -1.945313
vt -0.187500 10.867188
vt -0.375000 10.867188
vt -0.375000 10.617188
vt -0.625000 10.617188
vt -0.625000 10.867188
vt -0.750000 10.867188
vt -2.875000 10.867188
vt -2.875000 10.742188
vt -2.562500 10.554688
vt -2.250000 11.367188
vt -2.250000 11.398438
vt -2.593750 11.398438
vt -0.250000 11.367188
vt -2.125000 11.179688
vt -2.250000 10.867188
vt -1.875000 11.179688
vt -1.875000 10.929688
vt -1.750000 10.867188
vt -2.125000 10.929688
vt -1.875000 10.867188
vt -1.875000 11.367188
vt -0.625000 10.554688
vt -0.500000 10.367188
vt -0.500000 10.554688
vt -0.375000 10.554688
vt -2.562500 10.242188
vt -2.875000 10.554688
vt -2.875000 10.242188
vt -3.375000 10.242188
vt -3.875000 10.742188
vt -3.875000 10.242188
vt -4.312500 5.867188
vt -4.265625 5.742188
vt -4.265625 5.867188
vt -1.625000 5.617188
vt -1.500000 5.617188
vt -1.375000 5.867188
vt -2.812500 5.617188
vt -2.687500 5.617188
vt -2.562500 5.867188
vt -2.562500 6.242188
vt -2.265625 5.867188
vt -4.312500 6.242188
vt -4.015625 5.867188
vt -4.265625 5.617188
vt -4.312500 5.742188
vt 0.000000 5.742188
vt -0.375000 6.117188
vt -0.343750 6.242188
vt -0.687500 6.242188
vt -2.562500 6.929688
vt -2.875000 6.242188
vt -0.687500 6.304688
vt -0.687500 6.648438
vt -0.875000 6.242188
vt -0.343750 6.648438
vt -0.343750 6.304688
vt 0.000000 6.242188
vt -0.687500 6.742188
vt 0.000000 9.242188
vt -1.000000 9.242188
vt -1.000000 8.492188
vt -1.125000 9.242188
vt -2.750000 8.492188
vt -2.875000 9.242188
vt -3.375000 9.242188
vt -0.750000 7.742188
vt -0.750000 8.492188
vt -2.750000 7.742188
vt -1.125000 7.742188
vt -4.500000 8.492188
vt -4.500000 7.992188
vt -3.875000 7.742188
vt 0.000000 7.742188
vt -0.250000 8.492188
vt -1.375000 6.929688
vt -2.250000 7.117188
vt -2.250000 6.929688
vt -2.875000 7.242188
vt -2.562500 7.242188
vt -0.875000 7.117188
vt -0.500000 6.929688
vt -0.500000 7.117188
vt -0.187500 7.242188
vt 0.000000 7.242188
vt -0.343750 6.742188
vt -0.750000 7.492188
vt -1.000000 7.742188
vt -1.125000 7.492188
vt -1.125000 7.242188
vt -1.375000 7.117188
vt -0.500000 7.242188
vt -2.875000 7.492188
vt -2.250000 7.242188
vt -2.687500 4.367188
vt -1.625000 4.429688
vt -2.265625 5.617188
vt -0.500000 10.242188
vt -0.625000 10.367188
vt -0.250000 9.867188
vt -0.187500 10.242188
vt -0.250000 10.242188
vt -2.250000 9.867188
vt -2.375000 10.242188
vt -2.375000 9.867188
vt -3.875000 9.742188
vt -4.500000 9.742188
vt -4.500000 9.492188
vt -1.000000 9.617188
vt 0.000000 9.367188
vt -2.750000 9.242188
vt -1.250000 9.617188
vt -0.250000 9.742188
vt -0.750000 9.742188
vt -1.250000 9.742188
vt -2.375000 9.742188
vt 0.000000 9.867188
vt -0.187500 9.867188
vt -1.000000 9.867188
vt -1.000000 9.742188
vt -1.250000 9.867188
vt -1.750000 9.867188
vt -3.000000 11.625000
vt -2.968750 11.625000
vt -2.968750 11.671875
vt -2.718750 11.671875
vt -2.718750 11.421875
vt -2.375000 11.750000
vt -2.875000 11.750000
vt -2.968750 11.750000
vt -3.000000 11.281250
vt -2.968750 11.281250
vt -2.968750 11.421875
vt -2.718750 11.281250
vt -7.125000 7.992188
vt -5.625000 7.867188
vt -5.625000 7.992188
vt -4.875000 9.492188
vt -5.375000 9.492188
vt -7.125000 8.367188
vt -7.000000 6.250000
vt -7.000000 5.000000
vt -6.421328 5.000000
vt -5.500000 6.750000
vt -7.000000 8.000000
vt -7.000000 6.750000
vt -5.000000 11.750000
vt -4.625000 11.625000
vt -4.625000 11.750000
vt -4.875000 9.742188
vt -4.875000 9.617188
vt -4.875000 7.992188
vt -4.875000 7.867188
vt -4.500000 5.617188
vt -4.500000 5.742188
vt -4.812500 5.742188
vt -4.875000 6.242188
vt -4.812500 6.242188
vt -1.625000 -0.882813
vt -0.500000 -0.257813
vt -1.625000 -0.257813
vt -0.500000 2.117188
vt -0.500000 1.992188
vt -0.500000 4.367188
vt -0.500000 3.179688
vt -0.937500 3.179688
vt -0.937500 4.367188
vt -1.625000 4.367188
vt -2.687500 3.179688
vt -0.437500 3.117188
vt -0.625000 3.054688
vt -0.437500 3.054688
vt -0.750000 2.929688
vt -1.875000 2.054688
vt -0.750000 2.054688
vt -0.125000 2.054688
vt -3.000000 2.304688
vt -3.000000 2.054688
vt -3.750000 2.054688
vt -3.750000 3.679688
vt -3.000000 4.304688
vt -3.000000 3.054688
vt -0.750000 -0.695313
vt -1.250000 -0.320313
vt -1.250000 -0.695313
vt -0.750000 -1.257813
vt -0.750000 0.554688
vt -1.273438 0.898438
vt -1.312500 0.773438
vt -1.187500 1.242188
vt -1.250000 0.992188
vt -1.273438 1.085938
vt -1.381250 1.193750
vt -1.750000 1.429688
vt -1.875000 1.070313
vt -1.601563 1.085938
vt -1.531250 1.156250
vt -1.625000 0.992188
vt -1.875000 0.812500
vt -1.312500 -0.257813
vt -1.390625 0.054688
vt -1.500000 0.054688
vt -1.601563 0.898438
vt -1.859375 0.054688
vt -1.875000 -1.695313
vt -1.375000 -1.695313
vt -1.312500 -1.257813
vt -1.312500 0.609375
vt -1.531250 0.828125
vt -1.437500 0.804688
vt -1.343750 0.828125
vt -1.312500 0.835938
vt -1.312500 0.859375
vt -1.305156 1.212813
vt -1.343750 1.156250
vt -1.437500 1.179688
vt -0.687500 -0.195313
vt -0.750000 0.054688
vt -0.750000 -0.320313
vt -0.187500 0.992188
vt -0.375000 0.617188
vt -0.187500 0.617188
vt -0.687500 -1.257813
vt -0.687500 -1.695313
vt -0.125000 -1.695313
vt -0.375000 0.992188
vt -0.375000 0.554688
vt -0.187500 0.554688
vt -0.187500 0.179688
vt -0.312500 0.054688
vt -0.187500 0.054688
vt -0.187500 -0.195313
vt -0.312500 -0.320313
vt -0.187500 -0.320313
vt -0.187500 1.304688
vt -0.187500 1.054688
vt -2.000000 -1.695313
vt -3.750000 -1.695313
vt -3.750000 -0.195313
vt -3.750000 1.554688
vt -3.750000 1.804688
vt -2.812500 1.804688
vt -4.625000 3.679688
vt -3.750000 4.304688
vt -3.750000 -2.632813
vt -2.250000 -2.382813
vt -2.250000 -2.632813
vt -1.750000 -2.632813
vt -0.250000 -2.382813
vt -0.250000 -2.632813
vt -1.875000 -1.945313
vt -1.750000 -2.382813
vt -3.750000 -2.382813
vt -3.750000 -1.945313
vt -1.125000 -3.070313
vt -2.000000 -3.070313
vt -2.875000 -3.070313
vt -4.625000 -2.570313
vt -3.750000 -2.570313
vt -5.875000 3.679688
vt -6.500000 4.304688
vt -5.250000 4.304688
vt -7.625000 3.679688
vt -8.250000 4.304688
vt -7.000000 4.304688
vt -7.625000 -1.945313
vt -8.250000 -2.570313
vt -8.250000 -1.320313
vt -8.250000 0.429688
vt -7.625000 0.804688
vt -7.625000 -0.195313
vt -8.250000 2.179688
vt -7.625000 2.554688
vt -7.625000 1.554688
vt -8.250000 3.929688
vt -7.625000 3.304688
vt -5.875000 -1.945313
vt -4.625000 -1.945313
vt -5.250000 -2.570313
vt -7.000000 -2.570313
vt -6.500000 -1.945313
vt 4.906250 -8.726563
vt 4.156250 -8.382813
vt 4.156250 -8.882813
vt 4.906250 -6.632813
vt 4.906250 -8.382813
vt 4.906250 -7.882813
vt 4.156250 -9.382813
vt 4.156250 -7.757813
vt 4.906250 -6.132813
vt 4.156250 -6.007813
vt 4.906250 -4.257813
vt 4.156250 -4.257813
vt 4.156250 -6.757813
vt 4.906250 -6.757813
vt 4.156250 -7.382813
vt 4.906250 -7.257813
vt 4.906250 -7.539063
vt 4.156250 -7.882813
vt 4.906250 -6.007813
vt 4.906250 -3.632813
vt 4.156250 -3.632813
vt 4.156250 -1.882813
vt 4.906250 -1.882813
vt 4.906250 -2.507813
vt 15.000000 -0.007813
vt 16.000000 0.117188
vt 15.000000 0.117188
vt 12.500000 1.125000
vt 13.500000 0.875000
vt 13.500000 1.125000
vt 12.500000 -0.875000
vt 13.500000 -1.125000
vt 13.500000 -0.875000
vt 14.000000 -1.257813
vt 15.000000 -1.757813
vt 14.000000 -1.007813
vt 14.000000 0.992188
vt 15.000000 1.617188
vt 13.906250 0.937500
vt 13.156250 1.000000
vt 13.906250 1.000000
vt 13.000000 1.250000
vt 14.000000 2.367188
vt 13.000000 2.367188
vt 5.000000 1.250000
vt 4.000000 2.367188
vt 5.000000 2.367188
vt 14.000000 1.250000
vt 5.000000 0.250000
vt 4.000000 -0.250000
vt 5.000000 -0.500000
vt 2.000000 1.250000
vt 5.145719 -0.592382
vt 6.019928 0.396019
vt 4.999123 0.512864
vt -5.998842 0.982393
vt -6.969988 0.309894
vt -6.988849 0.868895
vt 5.000000 1.125000
vt 4.000000 1.250000
vt 13.156250 0.937500
vt 13.156250 0.666667
vt 13.906250 0.125000
vt 13.156250 1.250000
vt 13.906250 1.250000
vt 14.000000 1.500000
vt 13.000000 0.750000
vt 13.000000 1.500000
vt 5.921785 -0.756396
vt 4.985488 0.144449
vt 5.957428 0.396019
vt 13.000000 1.000000
vt -5.970551 0.143891
vt 14.000000 1.125000
vt 4.936623 0.512864
vt 1.968750 1.000000
vt 0.968750 1.000000
vt 1.968750 1.250000
vt 5.000000 -0.250000
vt 13.156250 -0.375000
vt 13.906250 -0.375000
vt 4.000000 0.250000
vt -1.968750 1.000000
vt -0.968750 1.000000
vt -1.968750 1.250000
vt 5.000000 0.500000
vt -3.939606 -0.180189
vt -3.083219 -0.592382
vt -2.936623 0.512864
vt 13.156250 0.125000
vt 13.156250 0.260417
vt -3.957428 0.396019
vt 13.156250 0.562500
vt 13.906250 0.562500
vt 13.000000 -1.250000
vt 13.000000 -1.000000
vt 14.000000 -1.250000
vt 13.000000 1.125000
vt -4.000000 1.125000
vt -3.000000 2.367188
vt -4.000000 2.367188
vt 7.001238 0.309894
vt 6.011231 0.423392
vt 6.001801 0.143891
vt 7.032488 0.309894
vt 6.033051 0.143891
vt 6.042481 0.423392
vt 7.024814 1.008645
vt 7.056064 1.008645
vt 14.000000 -1.875000
vt -3.058786 -0.408174
vt -3.921785 -0.756396
vt 15.000000 -0.132813
vt 16.000000 -1.757813
vt 16.000000 -0.132813
vt 16.000000 -0.007813
vt 4.906250 -8.257813
vt 4.906250 -9.382813
vt 4.906250 -7.632813
vt 4.156250 -6.507813
vt 4.156250 -8.257813
vt 4.906250 -5.882813
vt 4.156250 -4.757813
vt 4.156250 5.492188
vt 4.906250 4.992188
vt 4.906250 5.492188
vt 4.906250 6.617188
vt 4.156250 7.242188
vt 4.906250 6.367188
vt 4.156250 5.742188
vt 4.906250 5.742188
vt 4.906250 5.898438
vt 4.906250 -6.507813
vt 4.906250 -4.757813
vt 8.000000 2.679688
vt 7.000000 2.804688
vt -13.500000 -0.875000
vt -12.625000 -1.125000
vt -12.625000 -0.875000
vt -13.500000 1.125000
vt -12.625000 0.875000
vt -12.625000 1.125000
vt -14.000000 -1.007813
vt -14.000000 -0.757813
vt -15.000000 -0.007813
vt -14.000000 0.992188
vt -14.000000 1.242188
vt -15.000000 1.742188
vt -13.843750 1.000000
vt -13.093750 1.250000
vt -13.843750 1.250000
vt -12.937500 1.250000
vt -12.062500 2.367188
vt -12.937500 2.367188
vt -12.062500 1.250000
vt -2.985488 0.144449
vt 5.000000 -0.000000
vt -6.003557 1.122143
vt -6.993564 1.008645
vt -13.843750 0.937500
vt -13.093750 1.000000
vt -13.843750 0.125000
vt -13.093750 0.125000
vt -13.093750 0.666667
vt -12.937500 1.000000
vt -12.937500 0.875000
vt -12.062500 1.750000
vt -12.062500 0.875000
vt -12.062500 1.125000
vt -12.937500 1.125000
vt -13.843750 -0.250000
vt -13.093750 0.250000
vt -13.093750 -0.250000
vt -13.093750 0.937500
vt -12.937500 -1.125000
vt -12.937500 -0.875000
vt -12.062500 -1.125000
vt -13.843750 0.666667
vt -12.062500 1.000000
vt -12.062500 -1.750000
vt -16.000000 0.117188
vt -15.000000 0.117188
vt -16.000000 -0.007813
vt -15.000000 -1.757813
vt 6.968750 -6.187500
vt 7.031250 -6.562500
vt 7.031250 -6.187500
vt 14.000000 -31.000000
vt 15.000000 -30.000000
vt 15.000000 -31.000000
vt 10.000000 -31.000000
vt 11.000000 -30.000000
vt 11.000000 -31.000000
vt 5.000000 -31.000000
vt 6.000000 -30.000000
vt 6.000000 -31.000000
vt 3.000000 -11.000000
vt 4.000000 -10.000000
vt 4.000000 -11.000000
vt -0.750000 -11.000000
vt 0.000000 -10.000000
vt 0.000000 -11.000000
vt 12.250000 25.000000
vt 12.000000 26.000000
vt 13.000000 26.000000
vt 16.250000 25.000000
vt 16.000000 26.000000
vt 17.000000 26.000000
vt -1.000000 -11.000000
vt -0.750000 -10.000000
vt -3.500000 -11.000000
vt -4.000000 -10.000000
vt -3.500000 -10.000000
vt 8.984375 1.000000
vt 8.125000 2.000000
vt 8.125000 3.000000
vt 17.984375 2.000000
vt 18.234375 2.000000
vt 18.234375 2.500000
vt 18.734375 2.500000
vt 18.984375 2.000000
vt 18.984375 3.000000
vt 18.234375 3.000000
vt 11.984375 1.000000
vt 14.734375 1.000000
vt 14.984375 -0.000000
vt 11.296875 -0.000000
vt 11.796875 -0.000000
vt 13.984375 1.000000
vt 17.984375 3.000000
vt -0.015625 -0.000000
vt 19.002977 4.038691
vt 19.955359 4.991072
vt 19.002977 4.991072
vt 19.955359 36.979168
vt 19.002977 36.026787
vt 19.955359 36.026787
vt 19.955359 4.038691
vt 37.005955 4.991072
vt 37.958336 4.038691
vt 37.958336 4.991072
vt 23.038692 0.020833
vt 22.086309 0.973214
vt 23.038692 0.973214
vt 24.946430 2.029762
vt 23.994049 2.982143
vt 24.946430 2.982143
vt 22.005955 2.029762
vt 22.958334 2.982143
vt 22.005955 2.982143
vt 22.979168 24.988096
vt 22.026787 24.035717
vt 22.979168 24.035717
vt 22.002975 0.020833
vt 22.955359 0.973214
vt 22.002975 0.973214
vt 22.976192 22.997025
vt 22.023809 22.044643
vt 22.976192 22.044643
vt 23.955359 0.020833
vt 23.002975 0.973214
vt 23.955359 0.973214
vt 23.002975 0.020833
vt 6.937500 24.979168
vt 6.020833 24.062500
vt 6.937500 24.062500
vt 27.971493 2.029762
vt 27.006580 2.982143
vt 27.971493 2.982143
vt 6.937500 2.029762
vt 6.020833 2.982143
vt 6.937500 2.982143
vt 6.020833 2.029762
vt 0.991071 1.029762
vt 1.943453 1.982143
vt 0.991071 1.982143
vt 43.949409 1.029762
vt 42.997025 1.982143
vt 43.949409 1.982143
vt 0.991071 44.011909
vt 1.943453 43.059525
vt 1.943453 44.011909
vt 15.011906 0.020833
vt 15.964286 0.973214
vt 15.011906 0.973214
vt 13.949406 26.979168
vt 12.997025 26.026787
vt 13.949406 26.026787
vt 26.485121 0.020833
vt 26.008930 0.020833
vt 26.008930 0.973214
vt 15.964286 25.982145
vt 15.011906 25.029762
vt 15.964286 25.029762
vt 15.964286 0.020833
vt 26.961311 0.020833
vt 26.961311 0.973214
vt 13.949406 2.029762
vt 12.997025 2.982143
vt 13.949406 2.982143
vt 26.026787 2.982143
vt 26.979168 2.029762
vt 26.979168 2.982143
vt 12.997025 2.029762
vt 22.958334 4.017858
vt 22.005955 4.970239
vt 22.958334 4.970239
vt 2.000000 4.017858
vt 2.952381 4.970239
vt 2.000000 4.970239
vt 1.952381 24.000000
vt 1.000000 23.047621
vt 1.952381 23.047621
vt -7.994048 0.041667
vt -7.041667 0.994048
vt -7.994048 0.994048
vt 30.952383 0.041667
vt 30.000000 0.994048
vt 30.952383 0.994048
vt 30.000000 0.041667
vt 30.000000 -7.000000
vt 30.952383 -7.952381
vt 30.952383 -7.000000
vt 37.479168 0.020833
vt 37.002979 0.020833
vt 37.002979 0.973214
vt -6.008929 38.017860
vt -5.056548 37.065479
vt -5.056548 38.017860
vt 37.955360 0.020833
vt 37.955360 0.973214
vt -5.532739 0.020833
vt -5.056548 0.020833
vt -5.056548 0.973214
vt -7.145833 1.050595
vt -7.979167 2.002976
vt -7.145833 2.002976
vt -7.145833 25.979168
vt -7.979167 25.979168
vt -7.979167 25.062500
vt 28.981483 2.002976
vt 30.000004 1.050595
vt 30.000004 2.002976
vt -7.979167 1.050595
vt -7.062500 2.002976
vt -16.000000 38.011909
vt -15.047619 37.059525
vt -15.047619 38.011909
vt 37.949409 2.029762
vt 36.997025 2.982143
vt 37.949409 2.982143
vt -16.000000 2.029762
vt -15.047619 2.982143
vt -16.000000 2.982143
vt -15.047619 2.029762
vt -0.958333 -0.000000
vt -0.041667 1.025641
vt -0.958333 1.025641
vt -0.041667 -0.000000
vt -1.062500 16.958334
vt -1.979167 16.041668
vt -1.062500 16.041668
vt 18.000000 1.025641
vt 18.916668 -0.000000
vt 18.916668 1.025641
vt -2.044643 22.029762
vt -2.997024 21.077381
vt -2.044643 21.077381
vt -2.044643 2.029762
vt -2.997024 2.982143
vt -2.044643 2.982143
vt 21.994049 2.982143
vt 22.946430 2.029762
vt 22.946430 2.982143
vt -8.050596 1.035714
vt -9.002977 1.988095
vt -8.050596 1.988095
vt -5.000000 1.035714
vt -4.047619 1.988095
vt -5.000000 1.988095
vt -6.000000 -8.008929
vt -5.047619 -8.961310
vt -5.047619 -8.008929
vt -5.047619 1.035714
vt -6.000000 1.988095
vt -5.047619 1.988095
vt -29.994049 3.038691
vt -29.041668 3.991072
vt -29.994049 3.991072
vt -29.041668 12.994048
vt -29.994049 12.041667
vt -29.041668 12.041667
vt 14.020834 3.038691
vt 14.973215 3.991072
vt 14.020834 3.991072
vt -28.029762 10.985119
vt -28.982145 10.032739
vt -28.029762 10.032739
vt 11.970238 -0.937500
vt 12.922619 0.014881
vt 11.970238 0.014881
vt -28.982145 -0.937500
vt -28.029762 0.014881
vt -28.982145 0.014881
vt -29.044645 0.029762
vt -29.997025 0.982143
vt -29.044645 0.982143
vt -29.997025 -9.017858
vt -29.044645 -9.970239
vt -29.044645 -9.017858
vt -7.059524 0.029762
vt -8.011906 0.982143
vt -7.059524 0.982143
vt -31.988096 -1.958333
vt -31.035717 -1.005952
vt -31.988096 -1.005952
vt -31.988096 -9.020834
vt -31.035717 -9.973215
vt -31.035717 -9.020834
vt -7.041667 -1.958333
vt -7.994048 -1.005952
vt -7.041667 -1.005952
vt -31.035717 -1.958333
vt 101.437500 17.000000
vt 100.437500 18.000000
vt 101.437500 18.000000
vt 92.562500 -5.078125
vt 93.562500 -5.953125
vt 92.562500 -5.953125
vt 33.562500 -16.046875
vt 34.562500 -16.921875
vt 33.562500 -16.921875
vt 48.000000 0.031250
vt 47.000000 0.812500
vt 48.000000 0.812500
vt 92.562500 3.984375
vt 93.562500 2.984375
vt 92.562500 2.984375
vt -79.500000 17.000000
vt -80.500000 18.000000
vt -79.500000 18.000000
vt 79.500000 11.937500
vt 80.500000 11.062500
vt 79.500000 11.062500
vt 48.000000 0.968750
vt -49.500000 6.656250
vt -49.500000 6.968750
vt -48.500000 6.968750
vt 1.125000 1.812500
vt 0.000000 1.875000
vt 1.125000 1.875000
vt 4.000000 1.812500
vt 2.875000 1.875000
vt 4.000000 1.875000
vt 9.265625 1.875000
vt 9.734375 1.812500
vt 9.734375 1.875000
vt 2.875000 1.812500
vt 2.875000 9.734375
vt 4.000000 9.265625
vt 4.000000 9.734375
vt 0.000000 1.812500
vt 0.000000 9.734375
vt 1.125000 9.265625
vt 1.125000 9.734375
vt 7.984375 1.812500
vt 7.515625 1.875000
vt 7.984375 1.875000
vt 2.875000 7.984375
vt 4.000000 7.515625
vt 4.000000 7.984375
vt 0.000000 7.984375
vt 1.125000 7.515625
vt 1.125000 7.984375
vt -2.875000 1.812500
vt -1.750000 1.875000
vt -2.875000 1.875000
vt -1.750000 1.812500
vt -2.875000 9.734375
vt -1.750000 9.265625
vt -1.750000 9.734375
vt -2.875000 7.984375
vt -1.750000 7.515625
vt -1.750000 7.984375
vt 4.500000 1.000000
vt 3.812500 1.000000
vt 18.250000 -0.000000
vt 4.500000 20.000000
vt 3.812500 19.187500
vt 4.500000 19.187500
vt 3.812500 18.500000
vt 4.500000 18.000000
vt 4.500000 18.500000
vt 5.000000 18.000000
vt 3.000000 18.000000
vt 18.500000 -0.000000
vt 18.000000 -0.000000
vt -0.625000 21.000000
vt -0.625000 20.000000
vt -0.500000 20.000000
vt 1.859375 1.000000
vt 1.734375 -0.000000
vt 1.734375 1.000000
vt 0.000000 2.000000
vt -0.625000 2.000000
vt -0.500000 1.500000
vt -0.625000 1.500000
vt 18.984375 -0.000000
vt 17.984375 1.000000
vt 18.984375 1.000000
vt 1.875000 19.000000
vt 1.000000 18.000000
vt 2.000000 18.000000
vt 0.968750 -0.000000
vt -5.984375 1.000000
vt 22.625000 1.000000
vt 22.125000 1.000000
vt 22.312500 -0.000000
vt 21.000000 3.000000
vt 18.750000 -0.000000
vt -1.000000 2.000000
vt -1.000000 22.000000
vt -1.000000 -0.000000
vt 20.375000 2.000000
vt 20.375000 1.000000
vt -1.000000 20.375000
vt -1.000000 20.000000
vt -1.000000 1.500000
vt -1.500000 -0.000000
vt -1.500000 20.000000
vt -2.000000 19.250000
vt -1.000000 19.000000
vt -3.000000 3.000000
vt -4.000000 3.000000
vt 20.375000 -0.000000
vt 19.750000 -0.000000
vt -4.000000 20.000000
vt -5.000000 20.375000
vt -5.000000 19.750000
vt -7.000000 21.031250
vt -6.000000 20.031250
vt -6.000000 21.031250
vt -9.250000 1.000000
vt -9.500000 -0.000000
vt -6.250000 -0.000000
vt -6.250000 1.000000
vt -6.000000 3.000000
vt -7.000000 3.000000
vt 23.640625 1.000000
vt 24.015625 1.000000
vt 24.015625 2.000000
vt -7.000000 -0.000000
vt -8.875000 22.656250
vt -9.000000 22.156250
vt -8.875000 22.156250
vt -6.000000 22.156250
vt -8.375000 22.656250
vt -8.375000 22.156250
vt -9.000000 23.031250
vt -8.000000 22.031250
vt -7.000000 22.031250
vt -6.000000 22.031250
vt 20.015625 3.000000
vt 21.015625 3.000000
vt -9.250000 20.000000
vt -9.000000 22.000000
vt -6.000000 18.000000
vt -6.000000 19.000000
vt -1.015625 14.000000
vt 14.968750 1.000000
vt 13.968750 2.000000
vt 14.968750 2.000000
vt -2.015625 1.000000
vt -1.015625 2.000000
vt -2.015625 2.000000
vt 28.000000 6.000000
vt 27.000000 7.000000
vt 28.000000 7.000000
vt -17.000000 28.000000
vt -16.000000 27.000000
vt -16.000000 28.000000
vt -16.000000 6.000000
vt -17.000000 7.000000
vt -16.000000 7.000000
vt -18.000000 27.000000
vt -17.000000 26.000000
vt -17.000000 27.000000
vt 25.000000 5.000000
vt 26.000000 4.000000
vt 26.000000 5.000000
vt -18.031250 4.000000
vt -17.031250 5.000000
vt -18.031250 5.000000
vt -9.390625 12.531250
vt -9.015625 12.031250
vt -9.015625 12.531250
vt -9.406250 1.000000
vt -9.031250 2.000000
vt -10.250000 2.000000
vt -9.500000 2.000000
vt -10.000000 23.000000
vt -9.250000 23.000000
vt -9.515625 12.531250
vt -10.015625 12.031250
vt -9.390625 12.031250
vt -9.515625 13.031250
vt -10.015625 12.531250
vt -10.031250 2.000000
vt -8.015625 6.984375
vt -9.015625 5.984375
vt -8.015625 5.984375
vt 8.000000 1.000000
vt 9.000000 -0.000000
vt 9.000000 1.000000
vt -9.265625 6.984375
vt -9.265625 5.984375
vt -9.250000 0.500000
vt -8.000000 7.015625
vt -9.000000 6.015625
vt -8.000000 6.015625
vt 6.000000 -0.000000
vt 6.000000 1.000000
vt 7.000000 -0.000000
vt -14.484375 6.015625
vt -13.984375 7.015625
vt 8.000000 -0.000000
vt -10.000000 1.000000
vt -9.765625 6.984375
vt -10.015625 6.984375
vt -10.015625 5.984375
vt -9.750000 1.000000
vt -9.750000 0.500000
vt -10.000000 -0.000000
vt -14.500000 2.000000
vt -15.000000 1.500000
vt -14.500000 1.500000
vt -14.000000 2.000000
vt 21.062500 -0.000000
vt 20.437500 1.479167
vt 21.062500 1.479167
vt 21.062500 3.812500
vt 20.437500 3.812500
vt 7.625000 1.479167
vt 7.000000 1.479167
vt 7.625000 3.812500
vt 7.000000 3.812500
vt 3.031250 -0.000000
vt 3.656250 1.479167
vt 3.031250 1.479167
vt 3.656250 3.812500
vt 3.031250 3.812500
vt 7.000000 13.916667
vt 7.625000 13.500000
vt 7.625000 13.916667
vt 7.625000 -0.000000
vt 20.609375 -0.000000
vt 19.984375 1.479167
vt 20.609375 1.479167
vt 20.609375 3.812500
vt 19.984375 3.812500
vt 20.250000 -0.000000
vt 20.875000 1.479167
vt 20.250000 1.479167
vt 20.875000 3.812500
vt 20.250000 3.812500
vt 3.062500 13.916667
vt 3.687500 13.500000
vt 3.687500 13.916667
vt 3.687500 -0.000000
vt 3.062500 1.479167
vt 3.687500 1.479167
vt 3.062500 3.812500
vt 3.687500 3.812500
vt 20.062500 -0.000000
vt 20.687500 1.479167
vt 20.062500 1.479167
vt 20.687500 3.812500
vt 20.062500 3.812500
vt 3.015625 -0.000000
vt 3.640625 1.479167
vt 3.015625 1.479167
vt 3.640625 3.812500
vt 3.015625 3.812500
vt 2.609375 9.500000
vt 3.234375 9.083334
vt 3.234375 9.500000
vt 3.640625 -0.000000
vt 13.453125 1.479167
vt 14.078125 -0.000000
vt 14.078125 1.479167
vt 13.453125 3.812500
vt 14.078125 3.812500
vt 13.984375 -0.000000
vt 13.359375 1.479167
vt 13.984375 1.479167
vt 13.359375 3.812500
vt 13.984375 3.812500
vt -0.750000 13.500000
vt -0.625000 13.500000
vt -0.625000 13.666667
vt 20.406250 1.333333
vt 20.156250 1.479167
vt 20.156250 1.000000
vt 20.406250 3.812500
vt 20.406250 1.479167
vt 20.781250 1.479167
vt 20.781250 3.812500
vt -0.484375 1.479167
vt -0.984375 0.666667
vt -0.484375 0.666667
vt -0.484375 3.812500
vt -0.984375 1.479167
vt -0.359375 0.666667
vt -0.359375 1.000000
vt -0.359375 3.812500
vt -1.250000 -0.000000
vt -1.250000 1.479167
vt -0.625000 0.666667
vt -0.625000 1.479167
vt -1.250000 3.812500
vt -0.625000 3.812500
vt 21.625000 -0.000000
vt 21.250000 -0.000000
vt 21.000000 0.666667
vt 21.625000 3.812500
vt 21.000000 1.479167
vt 21.000000 3.812500
vt -5.375000 13.916667
vt -5.312500 13.500000
vt -5.000000 13.500000
vt 20.875000 0.666667
vt -4.609375 0.666667
vt -4.359375 -0.000000
vt -4.359375 0.666667
vt -4.609375 1.479167
vt -4.359375 3.812500
vt -4.609375 3.812500
vt -4.921875 1.479167
vt -4.984375 1.000000
vt -4.921875 1.000000
vt -4.921875 3.812500
vt -4.984375 1.479167
vt 20.875000 -0.000000
vt 20.250000 0.666667
vt -4.750000 0.666667
vt -5.375000 -0.000000
vt -5.375000 1.479167
vt -4.750000 1.479167
vt -5.375000 3.812500
vt -4.750000 3.812500
vt -0.328125 -0.000000
vt -0.953125 1.479167
vt -0.328125 1.479167
vt -0.953125 3.812500
vt -0.328125 3.812500
vt -4.375000 -0.000000
vt -5.000000 1.479167
vt -4.375000 1.479167
vt -5.000000 3.812500
vt -4.375000 3.812500
vt -1.515625 9.500000
vt -0.890625 9.083334
vt -0.890625 9.500000
vt 13.734375 -0.000000
vt 13.359375 -0.000000
vt -1.515625 -0.000000
vt -0.890625 1.479167
vt -1.515625 1.479167
vt -0.890625 3.812500
vt -1.515625 3.812500
vt -5.640625 9.500000
vt -5.015625 9.083334
vt -5.015625 9.500000
vt -5.640625 -0.000000
vt -5.015625 1.479167
vt -5.640625 1.479167
vt -5.015625 3.812500
vt -5.640625 3.812500
vt 2.989583 -0.000000
vt 3.906250 0.937500
vt 3.906250 0.062500
vt 14.906250 0.937500
vt 14.989584 0.062500
vt 14.989584 0.937500
vt 14.000000 0.062500
vt 14.000000 0.937500
vt 14.072917 0.937500
vt 14.906250 0.062500
vt 3.072917 0.062500
vt 3.072917 0.937500
vt 3.906250 1.000000
vt 2.989583 0.062500
vt 2.989583 0.937500
vt 0.020833 7.023438
vt 0.973214 8.023438
vt 0.973214 7.023438
vt 0.020833 -3.992188
vt 0.973214 -3.992188
vt 0.973214 -3.492188
vt 0.020833 -2.992188
vt 0.973214 -2.992188
vt 0.973214 7.273438
vt 0.497024 7.523438
vt 0.497024 7.273438
vt 3.906250 10.500000
vt 3.989583 11.250000
vt 3.989583 10.500000
vt 4.041667 -0.000000
vt 3.958333 1.000000
vt 4.041667 1.000000
vt 2.961805 1.000000
vt 3.031250 1.000000
vt 13.989584 1.000000
vt 14.989584 -0.000000
vt 14.989584 1.000000
vt 13.989584 -0.000000
vt 9.125000 25.041668
vt 9.208334 24.958334
vt 9.208334 25.041668
vt 9.125000 24.958334
vt 25.375000 7.312500
vt 25.291668 5.020833
vt 25.291668 7.312500
vt 9.125000 5.020833
vt 9.208334 7.312500
vt 9.125000 7.312500
vt 9.208334 5.020833
vt 0.458333 25.291668
vt 0.541667 25.375000
vt 0.541667 25.291668
vt 0.458333 5.020833
vt 0.541667 7.312500
vt 0.458333 7.312500
vt 0.458333 25.375000
vt 0.541667 5.020833
vt 8.125000 20.625000
vt 8.208334 20.708334
vt 8.208334 20.625000
vt 20.625000 5.020833
vt 20.708334 7.312500
vt 20.625000 7.312500
vt 8.125000 20.708334
vt 8.208334 5.020833
vt 8.125000 7.312500
vt 8.208334 7.312500
vt 8.125000 5.020833
vt 0.458333 20.708334
vt 0.541667 20.625000
vt 0.541667 20.708334
vt 0.458333 20.625000
vt -7.208333 25.375000
vt -7.125000 25.291668
vt -7.125000 25.375000
vt -7.208333 25.291668
vt -7.125000 5.020833
vt -7.208333 7.312500
vt -7.125000 7.312500
vt -7.208333 5.020833
vt -7.208333 20.625000
vt -7.125000 20.708334
vt -7.125000 20.625000
vt -7.208333 20.708334
vt 12.000000 0.062500
vt 12.069445 0.937500
vt 12.000000 0.937500
vt 12.000000 -0.000000
vt 12.694445 -0.000000
vt 12.069445 0.062500
vt 12.763888 0.937500
vt 12.833334 0.937500
vt 12.833334 1.000000
vt 3.822917 -0.000000
vt 6.468750 7.523438
vt 5.992559 7.273438
vt 6.468750 7.273438
vt 5.992559 7.023438
vt 6.944941 7.023438
vt 2.989583 15.000000
vt 3.906250 14.000000
vt 3.906250 15.000000
vt 3.906250 14.916667
vt 3.072917 14.083334
vt 3.906250 14.083334
vt 3.072917 14.916667
vt 3.958333 15.000000
vt 4.041667 14.000000
vt 4.041667 15.000000
vt 19.015625 -2.005556
vt 19.953125 -3.005556
vt 19.015625 -3.005556
vt 19.031250 -0.000000
vt 19.968750 -1.000000
vt 19.031250 -1.000000
vt 16.000000 -2.005556
vt 16.937500 -3.005556
vt 16.000000 -3.005556
vt 15.031250 -0.000000
vt 15.968750 -1.000000
vt 15.031250 -1.000000
vt 19.031250 3.005556
vt 19.968750 2.005556
vt 19.031250 2.005556
vt 15.031250 3.005556
vt 15.968750 2.005556
vt 15.031250 2.005556
vt 2.375000 -14.000000
vt 0.000000 -13.000000
vt 2.625000 -13.000000
vt 0.000000 -22.937500
vt 2.375000 -21.937500
vt 2.625000 -22.937500
vt 4.125000 11.000000
vt 5.000000 11.000000
vt 5.625000 10.000000
vt 0.000000 13.000000
vt 2.375000 14.000000
vt 2.625000 13.000000
vt 2.375000 23.000000
vt 0.000000 24.000000
vt 2.625000 24.000000
vt -5.000000 10.000000
vt -4.000000 10.000000
vt -3.500000 9.000000
vt 14.125000 -0.015625
vt 14.000000 -0.015625
vt 14.000000 0.984375
vt 7.109375 0.984375
vt 7.609375 0.984375
vt 6.984375 -0.015625
vt 7.625000 0.984375
vt 7.125000 0.984375
vt 7.000000 -0.015625
vt 15.000000 0.984375
vt 6.500000 1.000000
vt 7.000000 0.500000
vt 6.500000 -0.000000
vt 6.500000 0.500000
vt 0.000000 29.000000
vt 1.500000 25.000000
vt 2.500000 25.000000
vt -0.062500 12.218750
vt 0.187500 12.406250
vt -0.062500 12.406250
vt -1.750000 12.218750
vt -1.937500 12.406250
vt -1.750000 12.406250
vt 13.843750 1.000000
vt 13.781250 0.906250
vt 13.750000 0.937500
vt 28.125000 12.468750
vt 27.937500 12.218750
vt 27.856874 12.388125
vt 29.125000 13.406250
vt 30.000000 12.406250
vt 29.145000 13.566250
vt 0.187500 13.566250
vt -0.062500 13.566250
vt -0.062500 13.406250
vt -0.008926 13.406250
vt 0.250000 13.406250
vt 2.062500 12.468750
vt 0.250000 13.593750
vt -1.937500 12.218750
vt 28.484375 0.811875
vt 28.625000 0.843750
vt 28.496876 1.108750
vt 27.481874 2.477500
vt 28.440624 0.567500
vt 0.402500 13.593750
vt 0.348750 13.593750
vt 0.437500 13.406250
vt 0.609375 13.593750
vt 0.625000 13.406250
vt 0.625000 13.593750
vt 28.485624 0.502500
vt 28.498125 0.259375
vt 28.606251 0.490625
vt 27.562500 -1.156250
vt 27.750000 -1.343750
vt 28.625000 0.531250
vt 28.500000 0.656250
vt 0.062500 13.406250
vt 0.023125 13.568125
vt 27.625000 2.468750
vt 27.750000 2.656250
vt 1.883750 12.388125
vt 1.875000 12.218750
vt 0.187500 12.218750
vt -13.718750 0.937500
vt -13.740937 0.892812
vt -13.812500 1.000000
vt -27.000000 12.406250
vt -27.187500 12.218750
vt -27.187500 12.468750
vt -29.062500 12.406250
vt -28.187500 13.406250
vt -28.207500 13.566250
vt 0.187500 13.406250
vt -0.008929 13.406250
vt 2.062500 12.218750
vt 0.471373 13.261212
vt -0.291506 13.261212
vt 1.848125 12.218750
vt 1.937500 12.218750
vt 1.937500 12.406250
vt -27.375000 -1.156250
vt -28.310625 0.259375
vt -27.562500 -1.343750
vt -28.330631 0.302244
vt -28.309376 1.108750
vt -27.375000 2.531250
vt -27.562500 2.656250
vt -28.330631 1.065123
vt -27.419374 2.441875
vt -28.312500 0.656250
vt -28.298124 0.502500
vt -28.418751 0.490625
vt -28.297501 0.811250
vt -28.437500 0.843750
vt -28.426874 0.828125
vt 0.609375 13.593125
vt 0.562500 13.406250
vt -28.437500 0.531250
vt 2.000000 3.000000
vt 0.000000 4.000000
vt 2.000000 4.000000
vt 1.250000 4.000000
vt 0.750000 3.666667
vt 1.250000 3.666667
vt 0.000000 3.000000
vt 0.750000 3.000000
vt 13.984375 3.000000
vt 11.984375 4.000000
vt 13.984375 4.000000
vt 1.937500 4.250000
vt 1.750000 4.250000
vt 1.750000 4.312500
vt 0.125000 -0.062500
vt -0.125000 -0.062500
vt 11.750000 -0.062500
vt 11.281250 -0.000000
vt 11.750000 -0.000000
vt 2.812500 4.250000
vt 1.937500 3.062500
vt 0.187500 3.125000
vt 0.187500 4.250000
vt -0.125000 3.125000
vt -0.125000 4.250000
vt -0.125000 3.062500
vt 0.500000 3.000000
vt -0.125000 3.000000
vt 0.500000 2.000000
vt 0.062500 2.000000
vt 0.750000 1.375000
vt 1.250000 1.125000
vt 1.250000 1.000000
vt 2.000000 0.750000
vt 1.375000 1.000000
vt 1.375000 1.125000
vt 1.250000 0.750000
vt 1.375000 0.750000
vt 1.250000 1.375000
vt 1.375000 1.375000
vt 0.187500 -0.000000
vt 0.625000 -0.000000
vt 0.062500 -0.625000
vt 0.625000 0.500000
vt 0.187500 0.500000
vt -0.062500 -0.625000
vt 0.062500 -0.000000
vt -0.062500 1.125000
vt -0.062500 1.000000
vt -0.125000 0.500000
vt -0.062500 -0.750000
vt -0.125000 -1.000000
vt 0.625000 0.750000
vt 0.750000 0.750000
vt -0.062500 0.500000
vt 0.062500 1.000000
vt 0.062500 0.500000
vt 0.062500 1.375000
vt -0.062500 2.000000
vt -0.062500 -1.000000
vt 0.062500 -0.750000
vt 0.062500 -1.000000
vt 0.500000 1.375000
vt 0.062500 1.250000
vt -0.062500 1.250000
vt 1.437500 -2.562500
vt 1.625000 -2.812500
vt 1.625000 -2.562500
vt -2.812500 5.500000
vt -1.750000 5.500000
vt -1.750000 4.312500
vt -0.343750 -0.062500
vt -0.187500 4.250000
vt -0.625000 3.062500
vt -0.437500 3.062500
vt -2.812500 3.062500
vt -2.812500 4.250000
vt -1.750000 4.250000
vt -0.625000 3.000000
vt 3.500000 0.984375
vt 3.625000 1.109375
vt 3.625000 0.984375
vt -0.125000 2.000000
vt -0.625000 2.875000
vt -0.187500 0.500000
vt -0.625000 1.875000
vt -0.625000 0.500000
vt -0.625000 -0.375000
vt -0.187500 -0.000000
vt -1.250000 -0.625000
vt -0.625000 -1.000000
vt -1.375000 -1.000000
vt -1.250000 -0.750000
vt -1.250000 -1.000000
vt -1.875000 -1.000000
vt -1.875000 -0.375000
vt -1.375000 -0.375000
vt -1.250000 -0.375000
vt -0.125000 -0.187500
vt 0.125000 -0.125000
vt -0.125000 -0.125000
vt 0.500000 11.523438
vt 0.250000 11.992188
vt 0.250000 11.523438
vt 7.625000 2.125000
vt 6.750000 2.000000
vt 6.750000 1.875000
vt 7.625000 -1.900000
vt 7.375000 -2.000000
vt 7.625000 -2.250000
vt 7.625000 -0.150000
vt 7.375000 -0.150000
vt 7.375000 -0.250000
vt 7.375000 1.375000
vt 6.250000 -2.250000
vt 6.250000 -2.000000
vt 4.500000 -2.000000
vt 4.500000 -2.250000
vt 6.250000 2.125000
vt 6.750000 1.625000
vt 6.750000 2.125000
vt 4.500000 2.125000
vt 6.250000 1.625000
vt 6.750000 2.250000
vt 6.250000 2.375000
vt 6.250000 2.250000
vt 4.500000 2.375000
vt 4.500000 2.250000
vt 6.250000 2.000000
vt 4.500000 2.000000
vt 6.250000 1.875000
vt 8.500000 2.000000
vt 8.000000 2.500000
vt 7.406250 2.000000
vt 7.843750 2.000000
vt 7.930547 2.500000
vt 4.500000 2.500000
vt 8.210938 2.000000
vt 7.710938 1.000000
vt 7.710938 2.000000
vt 7.415625 1.000000
vt 7.335938 1.000000
vt 5.960938 2.000000
vt 4.210938 1.000000
vt 4.210938 2.000000
vt 1.585938 1.187500
vt 1.585938 1.000000
vt 0.085938 1.000000
vt -1.664063 2.000000
vt -1.664063 1.000000
vt -3.414063 2.000000
vt 3.460938 1.000000
vt 3.460938 2.000000
vt 3.750000 2.000000
vt 3.500000 1.875000
vt 3.750000 1.875000
vt 3.750000 -1.875000
vt 3.750000 -1.750000
vt 3.500000 -1.625000
vt 3.750000 -0.000000
vt 3.500000 0.125000
vt 3.750000 1.375000
vt 3.750000 2.250000
vt 3.750000 2.125000
vt 4.500000 1.625000
vt 3.750000 -2.000000
vt 3.500000 -2.000000
vt 3.500000 -2.250000
vt 2.508125 0.250000
vt 3.093750 0.250000
vt 2.795312 0.363672
vt 1.876641 -0.000000
vt 1.625000 0.809518
vt 1.625000 -0.000000
vt 1.125000 1.000000
vt 3.750000 0.750000
vt 2.875000 1.000000
vt 2.875000 0.333333
vt 2.250000 1.000000
vt 1.625000 1.000000
vt 3.000000 1.250000
vt 3.750000 1.250000
vt 3.375000 0.937500
vt 3.125000 0.687500
vt 3.500000 0.250000
vt 2.000000 0.687500
vt 3.125000 0.937500
vt 3.750000 0.937500
vt 3.500000 1.375000
vt 3.695313 1.375000
vt 2.000000 1.375000
vt 2.187500 1.250000
vt 2.625000 1.500000
vt 2.187500 1.500000
vt 3.000000 1.375000
vt 2.625000 1.250000
vt 2.468750 2.312500
vt 2.625000 1.625000
vt 3.000000 2.500000
vt 3.750000 2.437500
vt 2.468750 2.437500
vt 2.000000 2.312500
vt 2.343750 2.437500
vt 2.343750 2.312500
vt 3.750000 2.312500
vt 1.625000 2.500000
vt 1.875000 2.000000
vt 1.625000 2.000000
vt 3.750000 2.500000
vt 4.250000 2.000000
vt 1.875000 2.500000
vt 2.125000 1.625000
vt 2.000000 2.625000
vt 2.125000 2.625000
vt 0.750000 2.625000
vt 0.000000 2.125000
vt 0.000000 2.625000
vt 0.750000 1.125000
vt 0.750000 1.000000
vt 0.625000 1.000000
vt 2.875000 2.000000
vt 2.875000 1.625000
vt 2.750000 1.625000
vt 1.750000 2.625000
vt 2.000000 1.625000
vt 1.500000 1.437500
vt 1.250000 1.343750
vt 1.250000 2.625000
vt 0.750000 1.250000
vt 0.750000 2.125000
vt 1.500000 2.625000
vt 1.625000 2.625000
vt 1.750000 1.531250
vt -0.125000 2.625000
vt 2.312500 2.625000
vt 2.562500 2.625000
vt 2.875000 2.625000
vt 1.250000 2.000000
vt 1.500000 2.000000
vt 2.125000 0.875000
vt 2.000000 0.875000
vt 0.625000 2.125000
vt 0.750000 2.000000
vt 3.000000 0.875000
vt 1.875000 1.375000
vt 1.500000 1.375000
vt 1.500000 1.125000
vt 0.125000 1.375000
vt 0.000000 1.375000
vt 0.125000 0.250000
vt -1.312500 1.375000
vt -1.750000 0.937500
vt -1.750000 0.687500
vt 0.625000 1.375000
vt 0.125000 1.625000
vt 0.125000 2.500000
vt -1.750000 2.437500
vt -1.750000 2.312500
vt -1.312500 1.625000
vt 2.125000 2.500000
vt 2.000000 2.500000
vt 2.750000 2.500000
vt 2.125000 2.375000
vt 1.875000 1.625000
vt 1.875000 2.625000
vt 1.125000 2.625000
vt 1.125000 2.500000
vt -1.875000 -0.000000
vt -1.750000 0.125000
vt -1.750000 0.250000
vt -1.875000 0.750000
vt -1.750000 1.250000
vt -1.750000 1.375000
vt -2.000000 0.750000
vt -2.289063 1.000000
vt -2.289063 2.000000
vt -2.625000 2.500000
vt -3.125000 2.000000
vt -2.437500 1.625000
vt -2.687500 2.000000
vt -2.437500 2.000000
vt 1.625000 1.632813
vt 1.437500 2.007813
vt 1.625000 2.007813
vt -2.976563 1.625000
vt -2.726563 2.000000
vt -2.976563 2.000000
vt 3.960938 2.500000
vt 4.460938 2.000000
vt 3.960938 2.000000
vt -0.343750 -0.125000
vt 0.031250 11.523438
vt 4.460938 1.000000
vt -4.914063 1.000000
vt -4.039063 2.000000
vt -4.039063 1.000000
vt -4.625000 3.875000
vt -4.625000 3.625000
vt -3.750000 3.625000
vt -3.750000 -1.625000
vt -3.500000 -2.000000
vt -3.500000 -1.625000
vt -3.500000 0.125000
vt -3.750000 0.125000
vt -3.750000 -0.250000
vt -3.500000 1.875000
vt -3.750000 1.875000
vt -3.750000 1.500000
vt -3.500000 3.625000
vt -3.750000 3.250000
vt -3.500000 -2.250000
vt -3.750000 -2.000000
vt -2.508125 0.250000
vt -2.795312 0.363672
vt -3.093750 0.250000
vt -1.876641 -0.000000
vt -1.875000 0.714297
vt -3.750000 0.750000
vt -0.125000 1.000000
vt 1.750000 0.125000
vt 1.750000 0.250000
vt 2.000000 -0.000000
vt 1.750000 1.625000
vt -3.500000 0.250000
vt -3.375000 0.687500
vt -3.156250 0.687500
vt -2.000000 0.937500
vt -3.156250 0.937500
vt -3.750000 0.687500
vt -3.500000 1.375000
vt -3.000000 1.375000
vt -3.687500 1.625000
vt -3.750000 2.500000
vt -3.500000 1.625000
vt -2.687500 -0.000000
vt -2.125000 1.625000
vt -2.125000 -0.000000
vt -2.812500 0.750000
vt -2.812500 -0.000000
vt -3.000000 2.500000
vt -2.812500 2.437500
vt -2.812500 1.750000
vt -2.812500 2.625000
vt -2.000000 2.500000
vt -2.812500 2.500000
vt -0.750000 1.125000
vt -1.062500 2.625000
vt -0.625000 2.625000
vt -2.000000 2.437500
vt -1.875000 0.875000
vt -2.000000 0.875000
vt -2.000000 1.750000
vt -1.875000 2.625000
vt 2.625000 2.500000
vt 2.250000 2.500000
vt 2.250000 2.625000
vt 2.710938 2.000000
vt 2.710938 2.500000
vt -0.914063 1.150000
vt -0.914063 1.187500
vt -0.726563 1.187500
vt 3.000000 1.125000
vt -0.750000 2.875000
vt -1.875000 3.000000
vt -0.750000 3.000000
vt -2.937500 2.500000
vt -3.000000 2.625000
vt -2.937500 2.625000
vt -2.875000 2.625000
vt -2.875000 2.000000
vt 2.625000 2.625000
vt 1.750000 2.500000
vt 0.000000 2.437500
vt 0.000000 2.500000
vt -1.750000 2.500000
vt 2.000000 1.750000
vt 1.750000 2.437500
vt 0.000000 1.625000
vt -1.750000 1.625000
vt 1.750000 1.375000
vt 1.750000 1.125000
vt -0.250000 1.125000
vt -1.125000 1.125000
vt 1.750000 1.000000
vt 1.500000 0.250000
vt -0.250000 1.000000
vt 0.000000 1.125000
vt -1.125000 1.000000
vt -1.250000 0.250000
vt -3.062500 2.195313
vt -2.250000 2.257813
vt -3.062500 2.257813
vt -3.750000 1.375000
vt -3.500000 0.937500
vt -3.000000 1.625000
vt -2.812500 0.937500
vt -3.375000 0.937500
vt -2.625000 1.125000
vt -2.812500 1.000000
vt -2.625000 1.000000
vt -2.500000 1.125000
vt -2.500000 1.000000
vt -2.812500 1.375000
vt -2.812500 0.687500
vt -2.812500 2.000000
vt -2.437500 1.000000
vt -2.687500 1.000000
vt 3.585938 2.000000
vt 3.960938 1.000000
vt 1.835938 2.000000
vt 1.835938 1.000000
vt 2.585938 1.000000
vt 0.085938 2.000000
vt 0.835938 1.000000
vt -0.914063 1.000000
vt -3.414063 1.000000
vt -2.664063 1.000000
vt -5.539063 1.000000
vt -4.914063 2.000000
vt -7.289063 1.000000
vt -5.539063 2.000000
vt -9.039063 1.000000
vt -7.289063 2.000000
vt -6.125000 3.875000
vt -6.125000 3.625000
vt -5.875000 3.625000
vt -7.625000 3.625000
vt -7.875000 -1.375000
vt -7.625000 -2.000000
vt -7.625000 -1.375000
vt -7.625000 -0.250000
vt -7.875000 0.375000
vt -7.625000 0.375000
vt -7.625000 1.500000
vt -7.625000 3.250000
vt -7.875000 3.875000
vt -5.875000 -2.000000
vt -6.125000 -2.250000
vt -4.625000 -2.250000
vt -6.125000 -2.000000
vt 6.187500 0.687500
vt 6.562500 0.453125
vt 6.187500 0.453125
vt 0.000000 -1.734375
vt -0.312500 -1.750000
vt -0.312500 -1.734375
vt -1.750000 2.234375
vt -1.734375 1.781250
vt -1.750000 1.781250
vt 0.000000 -1.750000
vt -1.734375 2.234375
vt -0.312500 2.234375
vt 0.000000 1.781250
vt 0.000000 2.234375
vt 4.645833 -0.125000
vt 3.645833 1.000000
vt 4.645833 1.000000
vt 3.979167 -0.125000
vt 15.812500 3.625000
vt 14.145834 2.875000
vt 15.812500 2.875000
vt 13.145834 3.625000
vt 11.479167 2.875000
vt 13.145834 2.875000
vt -2.020833 2.906250
vt -1.354167 2.906250
vt -1.354167 4.031250
vt 2.625000 -1.109375
vt 0.958333 -1.984375
vt 2.625000 -1.984375
vt -2.520833 4.031250
vt -4.520833 4.031250
vt -3.354167 2.906250
vt -3.354167 4.031250
vt -4.520833 2.906250
vt -4.520833 3.656250
vt -1.937500 -2.078125
vt -3.604167 -2.953125
vt -1.937500 -2.953125
vt 8.164063 -4.062500
vt 8.664063 -4.895833
vt 8.164063 -4.895833
vt 6.414063 -4.895833
vt 6.414063 -4.062500
vt 4.664063 -4.895833
vt 4.664063 -4.062500
vt 2.046875 -13.067708
vt 0.546875 -13.901041
vt 0.546875 -13.067708
vt 0.296875 -13.067708
vt -1.203125 -13.901041
vt -2.453125 -13.067708
vt -1.453125 -13.067708
vt 3.914063 -4.895833
vt 3.914063 -4.062500
vt -3.664063 7.091146
vt -4.539063 7.924479
vt -2.914063 7.924479
vt -5.164063 7.091146
vt -4.539063 7.091146
vt -6.414063 7.091146
vt -6.195313 7.924479
vt -5.539063 7.924479
vt -8.164063 7.091146
vt -8.664063 7.924479
vt -7.289063 7.924479
vt 4.320313 14.919271
vt 4.820313 14.919271
vt 4.320313 14.085938
vt -4.039063 -4.085938
vt -4.914063 -4.919271
vt -4.914063 -4.085938
vt 3.945313 14.919271
vt 3.945313 14.085938
vt 2.570313 14.085938
vt 2.195313 14.919271
vt 0.820313 14.085938
vt 0.445313 14.919271
vt -0.929688 14.085938
vt -1.304688 14.919271
vt -2.554688 14.085938
vt -1.304688 14.085938
vt -5.539063 -4.919271
vt -5.539063 -4.085938
vt -6.789063 -4.085938
vt -7.289063 -4.919271
vt -8.539063 -4.085938
vt -7.289063 -4.085938
vt -11.000000 -7.445313
vt -10.000000 -7.070313
vt -10.000000 -7.539063
vt 67.062500 0.960938
vt 68.062500 1.148438
vt 65.812500 1.148438
vt 54.062500 1.148438
vt 55.062500 0.960938
vt 56.312500 1.148438
vt 54.062500 -0.039063
vt 55.062500 -0.039063
vt 67.062500 -0.039063
vt 68.062500 0.960938
vt 15.000000 1.250000
vt 16.000000 2.125000
vt 16.000000 1.250000
vt 15.000000 -0.750000
vt 16.000000 -0.750000
vt -9.000000 0.375000
vt -10.000000 1.125000
vt -9.000000 0.250000
vt -10.000000 0.250000
vt -4.000000 0.250000
vt -3.000000 0.250000
vt 5.179688 0.437500
vt 4.554688 0.826389
vt 4.554688 0.437500
vt 6.304688 0.826389
vt 6.117188 0.826389
vt 6.117188 0.437500
vt 5.492188 0.437500
vt 5.179688 0.826389
vt 5.492188 0.826389
vt 7.679688 0.826389
vt 6.304688 0.360780
vt 5.710938 0.159722
vt 5.054688 -0.062500
vt 8.054688 0.826389
vt 8.554688 -0.062500
vt 7.759375 -0.062500
vt 6.928047 -0.062500
vt 6.009375 0.260764
vt 6.296563 0.159722
vt 1.929688 0.826389
vt 1.929688 -0.062500
vt 1.679688 -0.062500
vt 0.429688 0.826389
vt 0.429688 -0.062500
vt -0.445313 -0.062500
vt -1.320313 0.826389
vt -1.945313 -0.062500
vt -2.070313 -0.062500
vt 1.117188 0.826389
vt -0.070313 0.276124
vt -0.070313 0.826389
vt 3.804688 0.826389
vt 4.554688 -0.062500
vt 3.429688 -0.062500
vt 2.304688 0.826389
vt 2.679688 -0.062500
vt 2.054688 -0.062500
vt 1.617188 0.826389
vt 1.679688 0.826389
vt -0.070313 0.159722
vt -0.070313 0.244819
vt 0.171562 0.159722
vt 1.679688 0.604167
vt 1.929688 0.159722
vt 3.554688 0.159722
vt 3.429688 0.604167
vt 3.179688 0.604167
vt 4.054688 0.604167
vt 3.804688 0.604167
vt 3.804688 0.159722
vt 3.179688 0.826389
vt 3.054688 0.604167
vt 4.054688 0.826389
vt 4.304688 0.826389
vt 4.804688 0.826389
vt 4.304688 -0.062500
vt -4.570313 0.826389
vt -2.945313 -0.062500
vt -2.945313 0.826389
vt -5.570313 0.826389
vt -5.570313 -0.062500
vt -4.820313 -0.062500
vt -8.695313 -0.062500
vt -7.320313 0.826389
vt -8.695313 0.826389
vt 4.804688 -0.062500
vt -0.414063 0.159722
vt -1.945313 0.826389
vt -1.070313 -0.062500
vt -2.820313 -0.062500
vt -3.570313 -0.062500
vt -4.570313 -0.062500
vt -3.695313 0.826389
vt 3.054688 0.826389
vt -1.820313 2.604167
vt -0.570313 2.493056
vt -0.570313 2.604167
vt 2.929688 -0.062500
vt 3.054688 -0.062500
vt 3.929688 0.826389
vt 2.179688 0.826389
vt 0.304688 -0.062500
vt 1.179688 -0.062500
vt -0.570313 0.233796
vt -0.570313 0.826389
vt -1.320313 0.024893
vt -0.650000 0.260764
vt -1.320313 0.487755
vt -1.695313 -0.062500
vt -0.351563 0.159722
vt -0.937187 0.159722
vt -5.195313 -0.062500
vt -5.195313 0.826389
vt -6.070313 -0.062500
vt -6.945313 -0.062500
vt -6.945313 0.826389
vt 15.062500 -10.041667
vt 14.562500 -10.625000
vt 15.062500 -10.625000
vt 10.562500 -10.041667
vt 11.062500 -10.625000
vt 11.062500 -10.041667
vt 10.562500 -2.666667
vt 11.062500 -2.583333
vt 11.062500 -2.666667
vt 10.562500 -2.583333
vt 9.500000 -4.468750
vt 9.000000 -4.552083
vt 9.500000 -4.552083
vt 9.500000 -0.635417
vt 9.000000 -0.218750
vt 9.500000 -0.218750
vt 22.437500 -0.000000
vt 21.937500 1.333333
vt 22.437500 1.333333
vt 10.562500 -6.500000
vt 11.062500 -6.416667
vt 11.062500 -6.500000
vt 38.000000 8.791667
vt 37.500000 8.208334
vt 38.000000 8.208334
vt 10.562500 8.791667
vt 11.062500 8.208334
vt 11.062500 8.791667
vt -23.000000 2.000000
vt -22.000000 2.166667
vt -23.000000 2.166667
vt -17.000000 2.000000
vt -16.000000 2.166667
vt -17.000000 2.166667
vt 9.500000 -0.135417
vt 21.937500 1.533333
vt 22.437500 1.583333
vt 21.937500 1.583333
vt 21.937500 -0.000000
vt -23.000000 2.583333
vt -22.000000 2.500000
vt -22.000000 2.583333
vt -17.000000 2.750000
vt -16.000000 2.666667
vt -16.000000 2.750000
vt 16.500000 -0.166667
vt 16.500000 2.166667
vt 16.000000 -0.166667
vt -16.000000 -0.166667
vt -21.000000 -0.166667
vt -21.000000 2.166667
vt 16.000000 0.833333
vt -0.437500 -4.770833
vt 0.062500 -3.312500
vt 0.062500 -4.770833
vt -0.437500 2.604167
vt 0.062500 3.854167
vt 0.062500 2.604167
vt 0.062500 -2.645833
vt -0.437500 -3.812500
vt 0.062500 -3.812500
vt -0.437500 3.854167
vt 16.062500 3.854167
vt 23.062500 2.604167
vt 16.062500 2.604167
vt -15.250000 3.187500
vt -15.000000 3.395833
vt -15.000000 3.187500
vt -15.250000 0.666667
vt -15.000000 0.875000
vt -15.250000 0.875000
vt 19.125000 0.666667
vt 20.375000 0.875000
vt 19.125000 0.875000
vt -15.000000 0.666667
vt -15.250000 3.395833
vt 7.375000 2.554688
vt 6.250000 2.304688
vt 6.250000 2.554688
vt 4.500000 2.304688
vt 4.500000 2.554688
vt 7.375000 2.304688
vt 6.750000 2.554688
vt 0.125000 2.304688
vt -0.250000 2.304688
vt -0.150000 2.554688
vt -2.000000 2.304688
vt -2.000000 2.554688
vt -1.900000 2.554688
vt 3.750000 2.304688
vt 3.750000 2.554688
vt 0.125000 2.554688
vt 0.000000 2.304688
vt 1.375000 2.304688
vt -1.625000 2.554688
vt -1.750000 2.304688
vt -0.125000 2.304688
vt -1.875000 2.554688
vt -1.750000 2.554688
vt -1.875000 2.304688
vt -3.750000 2.554688
vt -4.625000 2.304688
vt -4.625000 2.554688
vt 3.250000 2.554688
vt 3.625000 2.304688
vt 3.250000 2.304688
vt 2.000000 2.304688
vt 1.750000 2.304688
vt 1.875000 2.554688
vt 1.500000 2.304688
vt -3.750000 2.304688
vt -5.875000 2.304688
vt -5.875000 2.554688
vt -6.500000 2.304688
vt -6.125000 2.554688
vt 3.625000 2.554688
vt 2.125000 2.554688
vt 2.500000 2.304688
vt 0.750000 2.304688
vt 0.375000 2.554688
vt -1.000000 2.304688
vt -1.375000 2.554688
vt 5.666667 -1.333333
vt 5.416667 -1.166667
vt 5.416667 -1.333333
vt 4.916667 -1.416667
vt 4.750000 -1.083333
vt 4.750000 -1.416667
vt 3.000000 -1.166667
vt 3.000000 -1.250000
vt 4.583333 -1.416667
vt 4.250000 1.083333
vt 4.583333 1.250000
vt 4.500000 1.250000
vt 5.000000 -0.015625
vt 5.193646 0.139688
vt 5.000000 0.333333
vt 3.666667 0.333333
vt 3.416667 0.166667
vt 3.666667 -0.083333
vt 4.666667 0.666667
vt 4.466667 0.866667
vt 4.166667 0.666667
vt 4.500000 -0.416667
vt 4.000000 -0.416667
vt 4.222552 -0.639219
vt 3.625000 1.000000
vt 4.041667 0.583333
vt 3.416667 1.000000
vt 3.625000 0.305573
vt 3.000000 0.583333
vt 5.250000 -1.083333
vt 5.666667 -1.083333
vt 5.666667 -0.916667
vt 3.000000 -0.500000
vt 5.666667 0.250000
vt 5.666667 1.083333
vt 5.250000 -1.729167
vt 5.666667 -1.416667
vt 5.250000 -1.416667
vt 5.250000 -1.750000
vt 5.666667 -1.729167
vt 3.666667 -1.750000
vt 4.166667 -1.750000
vt 3.000000 -1.750000
vt 3.333333 -2.083333
vt 4.583333 -1.750000
vt 4.582240 -2.083333
vt 5.136458 -2.083333
vt 4.161250 -2.083333
vt 4.166667 -0.145833
vt 4.250000 0.395833
vt 4.000000 0.020833
vt 4.666667 0.229167
vt 4.666667 0.054688
vt 4.500000 0.395833
vt 4.083333 -2.020833
vt 3.770833 -2.083333
vt 3.833333 -2.020833
vt 2.666667 -1.166667
vt 3.000000 -1.083333
vt 2.833333 1.250000
vt 2.666667 1.083333
vt 2.500000 -1.333333
vt 2.500000 -1.250000
vt 1.666667 -1.666667
vt 1.944115 -1.889219
vt 2.166667 -1.666667
vt 1.333333 -1.708333
vt 1.333333 -2.041667
vt 1.750000 -2.083333
vt 2.250000 -2.083333
vt 1.041667 -1.708333
vt 1.041667 -2.041667
vt 0.446979 -2.041667
vt 0.708333 -1.708333
vt 0.031406 -1.708333
vt -0.083333 -1.750000
vt -0.083333 -1.708333
vt 1.333333 -1.399323
vt 1.083333 -1.333333
vt 0.708333 -2.041667
vt 0.498906 -2.083333
vt 1.083333 -2.083333
vt 1.750000 -1.395833
vt 2.062500 -1.333333
vt 1.672083 -1.333333
vt 2.000000 -1.395833
vt 1.251094 -1.333333
vt 0.000000 -2.020833
vt -0.083333 -2.083333
vt 0.077917 -2.083333
vt 0.083333 -1.750000
vt -0.083333 -2.020833
vt -2.666667 2.833333
vt -2.500000 2.833333
vt -3.083333 3.166667
vt -4.916667 3.166667
vt -5.500000 2.833333
vt -4.833333 2.833333
vt -3.333333 2.833333
vt -3.750000 3.166667
vt -4.247126 2.833333
vt -3.083333 2.916667
vt -3.250000 3.166667
vt -3.250000 2.916667
vt -2.500000 1.333333
vt -2.000000 1.916667
vt -1.791667 1.375000
vt -1.416667 1.333333
vt -1.416667 1.375000
vt -2.000000 1.375000
vt -1.875000 1.333333
vt -1.875000 1.375000
vt -1.333333 1.375000
vt -1.250000 1.333333
vt -1.250000 1.375000
vt -1.916667 1.916667
vt -2.666667 -1.166667
vt -2.666667 -1.083333
vt -3.000000 -1.083333
vt -2.666667 2.083333
vt -2.666667 1.166667
vt -3.083333 0.313620
vt -3.000000 0.333333
vt -3.000000 2.083333
vt -3.083333 2.416667
vt -3.083333 0.897865
vt -2.666667 -0.000000
vt -3.000000 0.666667
vt -2.666667 0.333333
vt -3.083333 2.750000
vt -3.083333 2.833333
vt -2.500000 -1.333333
vt -2.500000 -1.166667
vt -0.250000 -2.020833
vt -1.750000 -1.395833
vt -2.062500 -1.333333
vt -2.000000 -1.395833
vt -0.666667 -1.375000
vt -0.416667 -1.333333
vt -1.250000 -1.333333
vt -2.166667 -1.666667
vt -2.416667 -1.708333
vt -2.125000 -1.708333
vt -1.000000 -1.708333
vt -1.303021 -1.375000
vt -1.718594 -1.708333
vt -1.666667 -1.666667
vt -0.416667 -1.708333
vt -0.666667 -1.708333
vt -3.083333 -1.750000
vt -0.416667 -1.750000
vt -0.375000 -1.708333
vt -1.916667 -2.083333
vt -0.416667 -1.375000
vt -0.666667 -2.000000
vt -0.312500 -2.083333
vt -2.416667 -1.416667
vt -1.672083 -1.333333
vt -1.251094 -1.333333
vt -5.583333 -1.166667
vt -5.833333 -1.333333
vt -5.583333 -1.333333
vt -3.083333 -1.333333
vt -3.083333 -1.166667
vt -3.333333 -1.083333
vt -4.750000 -1.416667
vt -4.136771 -1.083333
vt -4.403750 -1.083333
vt -5.500000 -1.083333
vt -5.833333 -1.082240
vt -5.833333 -1.083333
vt -5.833333 0.750000
vt -5.833333 0.166667
vt -5.500000 0.083333
vt -5.500000 2.166667
vt -5.833333 2.833333
vt -5.833333 1.916667
vt -3.333333 2.750000
vt -3.250000 2.833333
vt -3.166667 1.036458
vt -3.333333 1.313646
vt -3.166667 0.203125
vt -3.333333 -0.017865
vt -3.083333 -1.083333
vt -3.083333 0.666667
vt -3.333333 2.416667
vt -5.166667 0.083333
vt -5.083333 -1.083333
vt -4.833333 2.166667
vt -3.933333 2.311458
vt -4.604167 -0.750000
vt -3.885417 -0.750000
vt -4.364583 1.833333
vt -3.645833 1.833333
vt -4.833333 1.313646
vt -5.416667 -1.083333
vt -5.166667 -1.083333
vt -5.500000 -0.666667
vt -5.166667 0.944062
vt -5.500000 1.083333
vt -5.166667 1.833333
vt -5.083333 1.036458
vt -5.166667 0.185469
vt -5.083333 0.046875
vt -5.833333 -1.166667
vt -4.083333 -1.750000
vt -4.083333 -2.083333
vt -3.500000 -2.083333
vt -5.083333 -1.750000
vt -5.416667 -1.750000
vt -4.666667 -2.083333
vt -3.333333 -1.416667
vt -5.833333 -1.750000
vt -5.770833 -0.583333
vt -5.833333 -0.270833
vt -5.833333 -0.661250
vt -5.770833 -0.333333
vt -5.500000 -0.166667
vt -4.604167 0.789063
vt -4.604167 0.291667
vt -3.645833 0.372396
vt -3.645833 0.791667
vt -3.883854 1.187500
vt -4.366146 -0.104167
vt -4.005208 -0.104167
vt -4.244792 1.187500
vt 8.000000 -0.125000
vt 7.000000 -0.125000
vt 0.400000 2.906250
vt 0.000000 2.906250
vt 0.000000 4.031250
vt 1.000000 4.031250
vt -1.100000 2.906250
vt -2.000000 2.906250
vt -2.000000 4.031250
vt 4.375000 3.000000
vt 3.125000 4.000000
vt 3.125000 3.000000
vt -0.375000 4.000000
vt -0.375000 3.000000
vt -5.000000 4.000000
vt -4.250000 3.000000
vt -5.000000 3.000000
vt 3.250000 -6.833333
vt 2.875000 -7.500000
vt 2.875000 -6.833333
vt 3.125000 -7.000000
vt 4.375000 -6.000000
vt 4.375000 -7.000000
vt 2.000000 -7.000000
vt -0.375000 -6.000000
vt 3.125000 -6.000000
vt 3.000000 -7.000000
vt -6.062500 2.333333
vt -5.312500 2.333333
vt -5.312500 3.000000
vt -5.312500 4.000000
vt -4.812500 3.000000
vt -4.812500 4.000000
vt -5.125000 4.000000
vt 3.000000 -7.166667
vt 3.000000 -7.833333
vt 2.000000 -7.833333
vt -6.062500 3.000000
vt 1.939967 2.666667
vt 2.992599 2.000000
vt 2.992599 2.666667
vt 2.000000 -7.166667
vt 1.939967 3.666667
vt 2.992599 3.666667
vt -2.500000 3.000000
vt -2.625000 4.000000
vt -3.000000 4.000000
vt -3.000000 4.625000
vt -3.500000 3.291667
vt -3.000000 3.291667
vt -4.500000 4.000000
vt -4.000000 4.000000
vt -4.500000 3.000000
vt -4.250000 4.000000
vt -3.875000 -7.000000
vt -2.875000 -6.000000
vt -2.500000 -6.000000
vt -3.875000 4.000000
vt 1.000000 1.500000
vt 1.500000 1.250000
vt 1.500000 1.500000
vt -0.500000 1.250000
vt 3.132813 -1.000000
vt 3.445313 -1.250000
vt 3.445313 -1.000000
vt 3.445313 1.250000
vt 3.632813 1.250000
vt 3.632813 1.625000
vt 3.632813 -1.000000
vt 3.632813 -0.750000
vt 3.632813 1.000000
vt 3.445313 1.000000
vt 3.132813 0.125000
vt 3.132813 1.250000
vt 3.632813 -1.750000
vt 3.632813 -1.250000
vt 4.000000 -1.750000
vt 3.945313 -1.750000
vt 3.945313 -0.250000
vt 3.945313 1.625000
vt 4.000000 1.625000
vt 4.000000 -0.000000
vt 3.945313 0.750000
vt 3.945313 -0.125000
vt 3.343750 1.625000
vt 3.562500 1.718750
vt 3.343750 1.718750
vt 3.250000 1.625000
vt 3.750000 1.625000
vt 3.250000 0.125000
vt 3.250000 0.500000
vt 3.562500 0.250000
vt 3.562500 0.500000
vt 3.250000 0.750000
vt 3.750000 0.500000
vt 3.250000 1.500000
vt 3.750000 1.500000
vt 0.750000 1.500000
vt 1.250000 1.250000
vt 3.250000 1.250000
vt 3.750000 0.250000
vt 3.750000 -0.250000
vt 3.343750 0.250000
vt 3.250000 0.250000
vt 3.562500 -0.250000
vt 3.562500 1.625000
vt 0.000000 1.718750
vt 0.500000 1.625000
vt 0.500000 1.718750
vt -1.250000 1.500000
vt -0.750000 1.250000
vt -1.250000 1.250000
vt 3.750000 -1.250000
vt 3.750000 -0.750000
vt 3.250000 -0.750000
vt 3.250000 -0.500000
vt 3.562500 -0.500000
vt 3.250000 -0.250000
vt 3.343750 -0.250000
vt 3.250000 -1.250000
vt 3.250000 -1.312500
vt 2.250000 -0.000000
vt 2.250000 1.500000
vt 2.437500 1.375000
vt 2.250000 1.250000
vt 2.437500 1.250000
vt 2.875000 1.250000
vt 2.875000 1.375000
vt 3.000000 1.875000
vt -0.500000 1.375000
vt -0.937500 1.500000
vt 2.625000 -1.187500
vt 2.250000 -0.750000
vt 2.250000 -1.187500
vt 2.625000 -0.750000
vt 2.437500 -1.187500
vt 2.132813 -0.000000
vt 3.132813 -0.750000
vt 3.132813 1.625000
vt 2.132813 1.500000
vt 2.132813 1.375000
vt -1.867188 -1.125000
vt -1.867188 -1.000000
vt -3.179688 -1.000000
vt -3.367188 1.750000
vt -3.367188 1.250000
vt -3.179688 1.250000
vt -3.367188 -0.750000
vt -3.367188 -1.000000
vt -1.867188 -0.250000
vt -3.179688 1.000000
vt -3.367188 -0.000000
vt -1.867188 1.000000
vt -3.179688 -1.250000
vt -3.367188 -1.750000
vt -1.867188 -1.750000
vt 1.000000 1.250000
vt -1.000000 1.250000
vt -1.750000 -1.750000
vt -2.750000 -1.250000
vt -2.750000 -0.750000
vt -2.750000 0.750000
vt -2.750000 1.250000
vt -1.750000 1.750000
vt -1.750000 -0.000000
vt -2.750000 -0.500000
vt -3.437500 -0.000000
vt -3.250000 -0.500000
vt -3.437500 -0.500000
vt -3.437500 1.750000
vt -3.250000 1.250000
vt -3.250000 0.750000
vt -3.062500 0.500000
vt -2.750000 -0.000000
vt -3.062500 -0.500000
vt -3.062500 0.250000
vt -3.250000 1.750000
vt -2.750000 1.750000
vt -3.250000 1.500000
vt -2.750000 1.500000
vt 1.250000 1.500000
vt -3.125000 -0.312500
vt -3.250000 -0.312500
vt -3.125000 0.312500
vt -2.812500 0.312500
vt -2.750000 0.312500
vt -3.250000 0.312500
vt -2.812500 1.625000
vt -3.125000 1.718750
vt -2.812500 1.718750
vt -3.125000 1.625000
vt 0.562500 1.625000
vt -0.062500 1.718750
vt 0.562500 1.718750
vt -2.812500 -0.312500
vt -0.750000 1.500000
vt -3.250000 -0.750000
vt -3.250000 -1.750000
vt -2.750000 -1.750000
vt -3.250000 -1.250000
vt -3.437500 -1.750000
vt -3.500000 -1.750000
vt -3.500000 1.750000
vt -3.500000 -0.000000
vt -3.437500 0.750000
vt -2.953125 2.906250
vt -2.015625 2.031250
vt -2.015625 2.906250
vt 1.500000 13.000000
vt -0.125000 11.000000
vt 1.500000 11.000000
vt -0.250000 11.000000
vt -0.250000 13.000000
vt 1.500000 1.000000
vt -0.250000 2.000000
vt -1.875000 1.000000
vt 1.500000 -0.000000
vt -0.875000 -0.000000
vt 1.625000 13.000000
vt -0.125000 13.000000
vt -1.875000 13.000000
vt -1.875000 2.000000
vt 0.375000 -0.000000
vt 0.314103 -26.417614
vt 0.378205 -26.219887
vt 0.188141 -26.076706
vt 0.538462 12.784091
vt 0.602564 12.475000
vt 0.602564 12.784091
vt 0.730769 12.475000
vt 0.794872 12.784091
vt 0.730769 12.784091
vt 14.882051 12.784091
vt 14.961539 12.329546
vt 14.912822 12.329546
vt 0.314103 -26.360796
vt 0.267384 -26.314573
vt 0.314103 -26.274433
vt 0.213371 -26.360796
vt 0.185897 -26.247160
vt 14.867629 12.784091
vt 14.993590 12.784091
vt 0.642949 12.503409
vt 0.746474 12.441478
vt 0.572070 12.545774
vt 0.604808 12.784091
vt 14.879068 12.609955
vt 14.801283 12.784091
vt 14.818087 12.545774
vt 14.900641 12.507387
vt 0.587821 12.434091
vt 0.646474 12.476705
vt 14.887821 12.476705
vt 14.825962 12.434091
vt 14.891987 12.500000
vt 14.910578 12.361363
vt 14.875961 12.329546
vt 0.314103 -26.209091
vt 4.000000 4.000000
vt 3.000000 5.000000
vt 4.000000 5.000000
vt 4.000000 -5.468750
vt 3.000000 -6.468750
vt 4.000000 -6.468750
vt -2.000000 5.000000
vt -1.000000 4.000000
vt -1.000000 5.000000
vt -4.166667 4.000000
vt -4.666667 4.000000
vt -4.666667 5.000000
vt -1.000000 6.031250
vt -2.000000 5.031250
vt -1.000000 5.031250
vt 0.314103 25.457388
vt 0.378205 25.600569
vt 0.314103 25.798296
vt 0.602564 12.329546
vt -14.350000 12.784091
vt -14.429488 12.329546
vt -14.461539 12.784091
vt 0.267384 25.695253
vt 0.314103 25.741478
vt 0.314103 25.655115
vt 0.185897 25.627842
vt 0.213370 25.741478
vt -14.335578 12.784091
vt -14.365385 12.329546
vt 0.666667 12.329546
vt 0.746154 12.438637
vt 0.250000 25.514206
vt 0.314103 25.572727
vt -14.355770 12.476705
vt -14.269232 12.784091
vt -14.368590 12.507387
vt -14.293591 12.438637
vt -14.378527 12.361363
vt -14.359936 12.499433
vt -14.343910 12.329546
vt 0.698718 11.013393
vt 0.602564 10.968751
vt 0.730769 10.968751
vt 0.602564 10.700893
vt 0.666667 10.611608
vt 0.730769 10.700893
vt 0.570513 10.745537
vt 0.570513 10.924108
vt 0.506410 10.834822
vt 0.762820 10.745537
vt 0.826923 10.834822
vt 0.762820 10.924108
vt 0.506410 11.013393
vt 0.506410 10.566965
vt 0.826923 10.566965
vt 0.826923 11.013393
vt 15.501604 10.611608
vt 15.758014 10.924108
vt 15.501604 10.924108
vt 0.628205 13.769887
vt 0.371795 13.769887
vt 0.339744 13.883523
vt 0.628205 13.315341
vt 0.371795 13.542614
vt 0.628205 13.542614
vt 12.993056 -0.232143
vt 12.993056 -0.142857
vt 12.770835 -0.410714
vt 12.993056 10.834822
vt 11.993056 10.566965
vt 11.993056 10.924108
vt 15.701923 0.409091
vt 15.701923 0.068182
vt 15.445514 -0.159091
vt 0.245192 10.924108
vt 0.693910 10.611608
vt 0.693910 10.924108
vt 12.770835 10.924108
vt 12.770835 10.611608
vt 12.548613 10.611608
vt 12.548613 10.924108
vt 12.770835 11.013393
vt 11.993056 11.013393
vt 12.770835 10.566965
vt 1.006410 -25.965910
vt 0.557692 -26.420456
vt 1.006410 -26.420456
vt -0.108974 -26.028410
vt 0.339744 -26.482956
vt -0.108974 -26.482956
vt 0.238095 11.013393
vt 0.148810 10.968751
vt 0.267857 10.968751
vt 0.148810 10.700893
vt 0.208333 10.611608
vt 0.267857 10.700893
vt 0.119048 10.745537
vt 0.119048 10.924108
vt 0.059524 10.834822
vt 0.297619 10.745537
vt 0.357143 10.834822
vt 0.297619 10.924108
vt 0.059524 11.013393
vt 0.059524 10.566965
vt 0.357143 10.566965
vt 0.357143 11.013393
vt -13.895834 13.559659
vt -13.639423 13.957387
vt -13.895834 13.957387
vt -12.961310 -0.232143
vt -12.961310 -0.142857
vt -13.199405 -0.410714
vt -12.982143 10.834822
vt -14.053572 10.566965
vt -14.053572 10.924108
vt -13.528847 0.409091
vt -13.528847 0.068182
vt -13.785257 -0.159091
vt 0.078526 13.957387
vt 0.527244 13.559659
vt 0.527244 13.957387
vt -13.220238 10.924108
vt -13.220238 10.611608
vt -13.458334 10.611608
vt -13.458334 10.924108
vt -13.220238 11.013393
vt -14.053572 11.013393
vt -13.220238 10.566965
vt -13.895834 -0.346591
vt -13.639423 -1.142045
vt -13.639423 -0.346591
vt -13.895834 -0.985795
vt -13.639423 -0.190341
vt -13.639423 -0.985795
vt -3.145833 6.656250
vt -2.250000 7.843750
vt -2.895833 8.125000
vt 3.833333 -5.468750
vt 4.000000 -4.500000
vt 4.979167 9.000000
vt 5.979167 10.000000
vt 5.979167 9.000000
vt -1.020833 9.000000
vt -0.020833 10.000000
vt -0.020833 9.000000
vt 7.000000 10.250000
vt 5.250000 11.000000
vt 7.000000 11.000000
vt 7.000000 12.000000
vt 5.250000 11.250000
vt 5.250000 12.000000
vt 7.000000 9.250000
vt 5.250000 10.000000
vt 7.000000 10.000000
vt 7.000000 -14.125000
vt 5.250000 -16.125000
vt 7.000000 -16.125000
vt 7.000000 -12.125000
vt 5.250000 -14.125000
vt 7.000000 -10.125000
vt 5.250000 -12.125000
vt 0.757813 -12.000000
vt 0.007813 -11.000000
vt 0.007813 -12.000000
vt 0.757813 -6.000000
vt 0.007813 -5.000000
vt 0.007813 -6.000000
vt -0.710938 8.000000
vt -1.335938 8.000000
vt -1.460938 9.000000
vt -0.125000 52.000000
vt 0.875000 51.000000
vt 0.875000 52.000000
vt 0.875000 39.000000
vt -0.125000 38.000000
vt 0.875000 38.000000
vt 0.875000 38.937500
vt 1.062500 37.937500
vt 1.062500 40.187500
vt 1.062500 52.000000
vt 1.062500 49.750000
vt 6.210938 2.000000
vt 5.742188 2.000000
vt 6.117188 3.000000
vt 38.000000 -28.000000
vt 40.000000 -27.000000
vt 40.000000 -28.000000
vt -41.000000 27.000000
vt -39.000000 28.000000
vt -39.000000 27.000000
vt 10.000000 -7.000000
vt 9.500000 -6.750000
vt 9.500000 -7.000000
vt -7.000000 9.250000
vt -6.750000 9.500000
vt -7.000000 9.750000
vt 10.000000 9.500000
vt 9.500000 9.250000
vt 9.500000 9.500000
vt 3.750000 10.562500
vt 3.250000 10.187500
vt 3.250000 10.562500
vt -0.781250 10.375000
vt -0.281250 10.000000
vt -0.281250 10.375000
vt -0.781250 10.000000
vt -2.281250 10.375000
vt -1.781250 10.000000
vt -2.281250 10.000000
vt 3.750000 10.187500
vt -1.781250 10.375000
vt -10.000000 21.750000
vt -8.000000 21.500000
vt -8.000000 21.750000
vt 22.000000 5.000000
vt 22.250000 4.750000
vt 22.250000 5.000000
vt -8.000000 4.750000
vt -10.000000 5.000000
vt -8.000000 5.000000
vt -1.250000 10.562500
vt -1.750000 10.187500
vt -1.750000 10.562500
vt -1.250000 10.187500
vt -9.875000 7.375000
vt -9.375000 7.125000
vt -9.375000 7.375000
vt 6.875000 4.250000
vt 7.125000 4.000000
vt 7.125000 4.500000
vt -9.875000 4.250000
vt -9.375000 4.000000
vt -9.375000 4.250000
vt 9.750000 4.687500
vt 9.250000 4.562500
vt 9.250000 4.687500
vt 14.218750 4.500000
vt 14.718750 4.375000
vt 14.718750 4.500000
vt 9.750000 14.531250
vt 9.250000 14.031250
vt 9.750000 14.031250
vt 14.218750 4.375000
vt 9.750000 4.562500
vt -8.750000 4.687500
vt -8.250000 4.562500
vt -8.250000 4.687500
vt -8.250000 14.531250
vt -8.750000 14.031250
vt -8.250000 14.031250
vt -8.750000 4.562500
vt -12.937500 4.000000
vt -14.937500 5.000000
vt -12.937500 5.000000
vt -11.437500 4.000000
vt -10.937500 4.000000
vt -10.937500 5.000000
vt -9.125000 6.375000
vt -7.000000 6.468750
vt -8.937500 6.718750
vt 14.062500 6.468750
vt 13.562500 6.093750
vt 13.312500 6.468750
vt 13.562500 -5.093750
vt 13.543125 -5.093750
vt 13.562500 -4.125000
vt 13.312500 6.718750
vt 13.543125 6.375000
vt 13.562500 6.375000
vt 4.000000 0.500000
vt 4.000000 2.500000
vt 3.500000 3.000000
vt -4.000000 3.500000
vt -3.000000 3.500000
vt -3.500000 4.000000
vt 4.958333 3.019302
vt 4.708333 4.048713
vt 4.958333 4.048713
vt 5.208333 3.019302
vt 5.208333 4.048713
vt 1.062500 3.019302
vt 0.875000 4.048713
vt 1.062500 4.048713
vt 0.875000 3.019302
vt 0.625000 4.048713
vt 0.625000 3.019302
vt 0.375000 4.048713
vt 0.375000 3.019302
vt 0.187500 4.048713
vt 4.708333 3.019302
vt 3.958333 3.019302
vt 3.708333 4.048713
vt 3.958333 4.048713
vt 4.208333 4.048713
vt 2.729167 3.019302
vt 2.541667 4.048713
vt 2.729167 4.048713
vt 2.541667 3.019302
vt 2.291667 4.048713
vt 2.125000 3.019302
vt 2.041667 3.019302
vt 2.041667 4.048713
vt 2.291667 3.019302
vt 1.854167 4.048713
vt 3.708333 3.019302
vt -3.812500 3.031250
vt -4.062500 4.031250
vt -3.812500 4.031250
vt -3.562500 3.031250
vt -3.562500 4.031250
vt 2.958333 3.031250
vt 2.770833 4.031250
vt 2.958333 4.031250
vt 2.770833 3.031250
vt 2.520833 4.031250
vt 2.520833 3.031250
vt 2.270833 4.031250
vt 2.270833 3.031250
vt 2.083333 4.031250
vt 2.166667 3.031250
vt -4.250000 3.031250
vt -4.000000 4.031250
vt -4.250000 4.031250
vt -4.000000 3.031250
vt -3.750000 4.031250
vt 0.166667 3.000000
vt 1.000000 4.000000
vt 0.166667 4.000000
vt 1.000000 3.000000
vt 3.000000 3.000000
vt 3.000000 4.000000
vt 0.666667 3.000000
vt -3.958333 3.000000
vt -4.000000 5.000000
vt -3.000000 5.000000
vt 0.166667 2.000000
vt -3.000000 3.666667
vt -4.000000 -1.000000
vt -3.000000 -2.000000
vt 0.000000 3.666667
vt -2.000000 4.000000
vt -1.000000 3.666667
vt 8.031250 -1.000000
vt 7.031250 -0.000000
vt 8.031250 -0.000000
vt 8.031250 -4.000000
vt 7.031250 -3.000000
vt 8.031250 -3.000000
vt -1.968750 -1.000000
vt -2.968750 -0.000000
vt -1.968750 -0.000000
vt -1.968750 -4.000000
vt -2.968750 -3.000000
vt -1.968750 -3.000000
vt 10.000000 7.000000
vt 9.000000 8.000000
vt 10.000000 8.000000
vt 0.000000 7.000000
vt -1.000000 8.000000
vt 0.000000 8.000000
vt 0.000000 -6.000000
vt -1.000000 -5.000000
vt 0.000000 -5.000000
vt -21.937500 23.000000
vt -22.937500 24.000000
vt -21.937500 24.000000
vt -12.937500 23.000000
vt -13.937500 24.000000
vt -12.937500 24.000000
vt -10.000000 -6.000000
vt -11.000000 -5.000000
vt -10.000000 -5.000000
vt 20.000000 29.000000
vt 19.000000 30.000000
vt 20.000000 30.000000
vt -17.000000 29.000000
vt -18.000000 30.000000
vt -17.000000 30.000000
vt 18.000000 9.000000
vt 17.000000 8.000000
vt 18.000000 8.000000
vt 15.500000 -0.000000
vt 17.000000 1.000000
vt -28.050596 12.994048
vt -29.002979 12.041667
vt -28.050596 12.041667
vt -28.982145 1.029762
vt -28.029762 1.982143
vt -28.982145 1.982143
vt 14.000000 1.029762
vt 14.952381 1.982143
vt 14.000000 1.982143
vt 0.750000 -10.625000
vt -0.250000 -10.500000
vt 0.750000 -10.500000
vt -9.125000 4.250000
vt -9.000000 2.750000
vt -9.000000 4.250000
vt -0.250000 -10.625000
vt -9.125000 2.750000
vt 0.750000 4.250000
vt -0.250000 2.750000
vt -0.250000 4.250000
vt 0.750000 16.375000
vt -0.250000 16.500000
vt 0.750000 16.500000
vt 16.875000 2.250000
vt 17.000000 0.750000
vt 17.000000 2.250000
vt -0.250000 16.375000
vt 16.875000 0.750000
vt 0.750000 2.250000
vt -0.250000 0.750000
vt -0.250000 2.250000
vt 10.000000 -4.500000
vt 9.000000 -4.656250
vt 9.000000 -4.500000
vt 10.000000 -4.656250
vt -6.937500 0.500000
vt -7.093750 6.000000
vt -6.937500 6.000000
vt -7.062500 0.500000
vt -6.906250 6.000000
vt -7.062500 6.000000
vt 10.000000 0.500000
vt 9.000000 6.000000
vt 10.000000 6.000000
vt 9.000000 0.500000
vt -37.000000 9.833334
vt -41.125000 10.000000
vt -37.000000 10.000000
vt 30.000000 5.333333
vt 29.500000 3.333333
vt 29.500000 5.333333
vt -41.125000 9.833334
vt 30.000000 3.333333
vt -37.000000 5.333333
vt -41.125000 3.333333
vt -41.125000 5.333333
vt -11.007813 2.000000
vt -9.976563 1.000000
vt -9.976563 2.000000
vt 17.000000 1.986111
vt 18.000000 3.027778
vt 17.000000 3.027778
vt -8.000000 3.000000
vt -9.000000 3.000000
vt 16.979166 2.989583
vt 15.937500 4.031250
vt 16.979166 4.031250
vt -0.031250 14.875000
vt 0.031250 15.000000
vt -0.031250 15.000000
vt 16.437500 15.062500
vt 17.250000 14.937500
vt 17.250000 15.062500
vt 16.437500 0.312500
vt 17.250000 0.437500
vt 17.250000 0.312500
vt 16.437500 14.937500
vt 16.437500 0.437500
vt 0.718750 14.500000
vt 0.781250 14.625000
vt 0.718750 14.625000
vt -12.062500 15.062500
vt -11.250000 14.937500
vt -11.250000 15.062500
vt -12.062500 0.312500
vt -11.250000 0.437500
vt -11.250000 0.312500
vt -12.062500 14.937500
vt -12.062500 0.437500
vt 0.750000 14.218750
vt 0.750000 14.343750
vt 0.625000 14.343750
vt 1.000000 14.343750
vt 1.000000 14.218750
vt 1.125000 14.218750
vt 0.750000 14.156250
vt 1.000000 14.406250
vt 0.750000 14.406250
vt 59.250000 0.531250
vt 61.875000 0.718750
vt 59.250000 0.781250
vt 59.250000 -0.718750
vt 61.875000 -0.718750
vt 59.250000 -0.656250
vt 61.875000 0.593750
vt 61.875000 -0.781250
vt 59.250000 14.156250
vt 61.875000 14.343750
vt 59.250000 14.406250
vt 59.250000 -1.031250
vt 61.875000 -0.906250
vt 61.875000 -0.968750
vt 59.250000 0.468750
vt 61.875000 0.531250
vt 54.625000 0.906250
vt 54.750000 0.406250
vt 54.750000 0.906250
vt 54.750000 0.968750
vt 54.375000 1.031250
vt 54.750000 0.343750
vt 54.625000 0.406250
vt 54.750000 13.906250
vt 54.750000 14.156250
vt 54.625000 14.156250
vt 54.375000 14.406250
vt 54.625000 14.406250
vt 54.375000 0.906250
vt 1.625000 13.906250
vt 1.375000 13.906250
vt 1.375000 14.156250
vt 54.750000 14.406250
vt 54.375000 13.906250
vt 54.375000 0.406250
vt 0.375000 14.156250
vt 0.125000 13.906250
vt 0.125000 14.406250
vt 54.375000 14.156250
vt 0.375000 14.406250
vt 1.375000 14.406250
vt 54.750000 13.968750
vt -54.750000 0.531250
vt -52.125000 0.718750
vt -54.750000 0.781250
vt -54.750000 -0.718750
vt -52.125000 -0.718750
vt -54.750000 -0.656250
vt -52.125000 0.593750
vt -52.125000 -0.781250
vt -54.750000 14.156250
vt -52.125000 14.343750
vt -54.750000 14.406250
vt -54.750000 -1.031250
vt -52.125000 -0.906250
vt -52.125000 -0.968750
vt -54.750000 0.468750
vt -52.125000 0.531250
vt -59.375000 0.906250
vt -59.250000 0.406250
vt -59.250000 0.906250
vt -59.250000 0.968750
vt -59.625000 1.031250
vt -59.250000 0.343750
vt -59.375000 0.406250
vt -59.250000 13.906250
vt -59.250000 14.156250
vt -59.375000 14.156250
vt -59.625000 14.406250
vt -59.375000 14.406250
vt -59.625000 0.906250
vt -59.250000 14.406250
vt -59.625000 13.906250
vt -59.625000 0.406250
vt -59.625000 14.156250
vt -59.250000 13.968750
vt 2.375000 -1.000000
vt 2.500000 -0.000000
vt 2.500000 -1.000000
vt 2.500000 -0.500000
vt 2.375000 -1.833333
vt 2.500000 -1.833333
vt 2.375000 -0.000000
vt 1.000000 2.666667
vt 0.000000 2.833333
vt 1.000000 2.833333
vt 1.000000 -0.000000
vt 0.000000 -1.000000
vt 1.000000 -1.000000
vt -5.500000 1.854167
vt -6.250000 2.020833
vt -5.500000 2.020833
vt 2.000000 1.854167
vt 3.000000 2.020833
vt 2.000000 2.020833
vt 3.000000 1.854167
vt 3.000000 -8.979167
vt 2.000000 -7.979167
vt 3.000000 -7.979167
vt -3.625000 3.000000
vt -3.750000 4.000000
vt -3.625000 4.000000
vt -2.875000 -5.000000
vt -3.875000 -5.166667
vt -2.875000 -5.166667
vt -3.875000 -5.000000
vt -3.875000 3.000000
vt -2.875000 4.000000
vt 4.625000 -1.071429
vt 4.875000 -1.348214
vt 4.875000 -1.071429
vt 9.541667 4.017858
vt 9.875000 3.178571
vt 9.875000 4.017858
vt 9.875000 3.857143
vt 9.541667 3.035714
vt 9.541667 3.857143
vt 3.868237 16.011230
vt 3.152500 17.055662
vt 3.147856 15.951415
vt 3.992936 4.003247
vt 4.983551 3.006697
vt 5.001470 4.017204
vt -0.010417 5.006945
vt 1.031250 4.000000
vt 1.031250 5.006945
vt -0.138889 -1.869048
vt 0.000000 -1.869048
vt 4.619792 0.982143
vt 4.619792 -0.160714
vt -0.069444 -3.059524
vt 1.041667 -3.297619
vt 1.041667 -2.107143
vt 0.833333 -2.107143
vt 0.833333 -1.869048
vt 0.416667 -1.869048
vt 0.972222 -1.869048
vt 0.972222 -3.178571
vt 0.164931 -1.869048
vt 0.034722 -1.869048
vt -0.004340 -1.869048
vt -0.043403 -1.869048
vt -0.095486 -1.869048
vt -0.833333 -1.869048
vt -0.972222 -2.107143
vt 0.347222 -3.297619
vt 0.486111 -3.178571
vt 5.536458 -0.160714
vt 4.369792 0.982143
vt 4.369792 -0.160714
vt -3.296875 -0.160714
vt -4.796875 -0.160714
vt -1.041667 -3.297619
vt -0.763889 -1.869048
vt -0.069444 -3.178571
vt -0.208333 -3.178571
vt 1.041667 -2.583333
vt 0.763889 -3.000000
vt 1.041667 -2.642857
vt 1.041667 -3.000000
vt -0.416667 -2.166667
vt -0.972222 -2.166667
vt -0.071429 0.879630
vt -0.071429 -0.000000
vt 2.478572 -0.000000
vt 5.043750 2.000000
vt 5.443750 1.000000
vt 4.893750 1.000000
vt 6.318750 1.312500
vt 6.843750 2.000000
vt 6.318750 2.000000
vt 5.968750 1.312500
vt -0.640179 0.740741
vt -0.640179 0.833333
vt 1.038393 -0.000000
vt -0.283036 -0.000000
vt 1.038393 0.879630
vt 1.618750 0.879630
vt 0.406250 1.000000
vt 0.406250 1.125000
vt 1.543750 1.375000
vt 2.443750 2.000000
vt 2.443750 1.625000
vt 2.743750 1.000000
vt 3.043750 1.000000
vt 2.443750 1.000000
vt 3.243750 2.000000
vt 3.443750 1.000000
vt 1.443750 1.437500
vt -0.056250 2.000000
vt 1.243750 1.343750
vt 1.643750 1.531250
vt 0.306250 2.000000
vt 0.406250 3.000000
vt 0.600000 2.000000
vt 1.462500 -0.000000
vt 0.656250 -0.000000
vt 0.656250 1.000000
vt 1.656250 0.250000
vt 1.656250 1.000000
vt 1.556250 0.125000
vt 1.498296 1.000000
vt 1.498296 0.250000
vt 0.589205 1.000000
vt 1.407386 0.125000
vt 0.589205 -1.750000
vt -0.006250 1.000000
vt 0.543750 1.000000
vt 0.498295 1.000000
vt 0.556250 1.000000
vt 0.456250 1.000000
vt 0.456250 -0.000000
vt -0.756250 -0.000000
vt -0.756250 1.000000
vt 0.443750 1.000000
vt 0.643750 1.000000
vt -0.107143 0.879630
vt -1.000000 0.879630
vt 2.466072 -0.000000
vt -5.331250 2.000000
vt -5.856250 2.000000
vt -5.331250 1.312500
vt -4.981250 1.312500
vt -6.956250 2.000000
vt -5.856250 1.000000
vt -4.156250 2.000000
vt -4.456250 1.000000
vt -0.488393 0.851852
vt -1.738393 0.833333
vt -1.738393 0.879630
vt -0.818750 0.879630
vt -0.675893 0.879630
vt -1.738393 -0.000000
vt -0.488393 0.833333
vt -0.488393 -0.000000
vt 2.343750 -0.000000
vt 1.643750 0.875000
vt 1.693750 -0.000000
vt 1.643750 -0.000000
vt -0.600000 2.875000
vt 1.806250 -0.000000
vt -1.456250 0.125000
vt -1.056250 1.000000
vt -1.356250 -0.000000
vt 1.306250 1.000000
vt 0.640179 -0.000000
vt 0.640179 0.740741
vt -0.145536 0.740741
vt -0.645536 0.740741
vt -1.456250 -1.000000
vt -1.556250 -1.000000
vt -0.256250 0.250000
vt 13.000000 -0.000000
vt 9.000000 19.000000
vt 9.000000 18.000000
vt 22.015625 -0.000000
vt 8.484375 19.265625
vt 9.859375 19.265625
vt 9.984375 19.265625
vt 9.859375 18.265625
vt 8.484375 18.265625
vt 11.984375 13.015625
vt 9.984375 15.015625
vt 9.984375 13.015625
vt 14.984375 2.000000
vt 14.234375 -0.000000
vt 12.984375 -0.000000
vt 11.984375 1.500000
vt 11.500000 13.000000
vt 10.000000 13.000000
vt 10.000000 15.000000
vt 9.000000 15.000000
vt 20.640625 -0.000000
vt 20.765625 -0.000000
vt 19.765625 -0.000000
vt 8.000000 18.000000
vt 7.984375 22.015625
vt 7.984375 -0.000000
vt 2.000000 23.000000
vt 1.000000 23.000000
vt 1.000000 22.500000
vt 1.906250 -0.000000
vt 22.500000 1.000000
vt 20.500000 -0.000000
vt 23.000000 0.905000
vt 2.000000 19.000000
vt 0.500000 23.000000
vt 0.000000 20.000000
vt 40.015625 1.015625
vt 0.000000 1.015625
vt 41.000000 -0.000000
vt 7.109375 14.000000
vt 6.984375 14.000000
vt 7.984375 14.000000
vt 7.000000 10.984375
vt 6.984375 -0.000000
vt 1.875000 -0.000000
vt -0.015625 14.000000
vt 1.984375 14.000000
vt 1.984375 15.000000
vt 0.734375 12.000000
vt -0.015625 12.000000
vt 1.984375 12.000000
vt 1.234375 12.000000
vt 14.250000 -0.000000
vt 12.750000 -0.000000
vt -4.937500 -0.000000
vt -3.750000 1.000000
vt 15.984375 -4.000000
vt 13.984375 -5.000000
vt 15.000000 -4.000000
vt 1.984375 -6.000000
vt -0.937500 23.750000
vt 20.750000 2.000000
vt -1.015625 -0.000000
vt 40.250000 1.015625
vt -1.000000 1.015625
vt 40.000000 1.000000
vt -3.000000 42.000000
vt 42.000000 -1.000000
vt -5.000000 22.000000
vt 24.000000 -0.000000
vt 23.062500 -0.000000
vt 46.000000 11.031250
vt 46.000000 -1.000000
vt -11.000000 -1.000000
vt -12.562500 -0.859375
vt 46.000000 -0.145089
vt 46.000000 -0.859375
vt 43.250000 -1.000000
vt -9.000000 43.000000
vt -2.000000 19.000000
vt -2.500000 -0.000000
vt -6.015625 19.312500
vt -5.015625 19.250000
vt -5.015625 19.000000
vt -7.984375 21.984375
vt -8.984375 21.984375
vt -7.015625 1.000000
vt 46.000000 2.000000
vt 45.000000 2.000000
vt 45.000000 1.000000
vt -18.000000 45.000000
vt -18.015625 2.250000
vt 45.062500 0.747768
vt 44.750000 1.750000
vt -18.437500 0.747768
vt -16.500000 1.250000
vt -8.000000 21.000000
vt 20.765625 1.000000
vt 20.015625 1.000000
vt -7.000000 19.500000
vt -8.000000 19.500000
vt -8.000000 20.500000
vt -6.000000 19.312500
vt -6.000000 20.000000
vt -8.750000 19.750000
vt -2.015625 16.000000
vt 13.625000 -0.000000
vt 11.500000 1.000000
vt -1.000000 12.000000
vt -2.000000 14.000000
vt -3.000000 14.000000
vt -2.000000 11.000000
vt -6.000000 15.000000
vt -8.000000 14.000000
vt -8.000000 12.000000
vt -8.015625 -0.000000
vt -8.015625 4.000000
vt -6.015625 4.000000
vt -8.906250 2.000000
vt -8.906250 -0.000000
vt -8.031250 -0.000000
vt -8.000000 4.000000
vt 13.000000 4.000000
vt 12.500000 2.000000
vt 13.500000 3.000000
vt -9.250000 12.500000
vt -16.015625 28.984375
vt -16.015625 29.984375
vt -18.015625 27.984375
vt 27.984375 7.000000
vt 25.984375 5.000000
vt 25.984375 7.000000
vt -18.031250 2.000000
vt -18.046875 -0.000000
vt -18.046875 22.000000
vt -9.984375 -0.000000
vt -10.000000 19.000000
vt -10.000000 12.000000
vt -9.875000 12.000000
vt -9.375000 12.000000
vt -19.000000 24.000000
vt -19.031250 2.000000
vt 23.250000 2.000000
vt 17.015625 -0.984375
vt -19.000000 17.000000
vt -19.000000 -0.000000
vt -2.015625 -5.375000
vt -1.015625 -5.375000
vt -2.015625 -5.000000
vt -4.000000 0.984375
vt -4.000000 -0.015625
vt -5.000000 0.984375
vt -15.234375 5.015625
vt -14.984375 5.015625
vt -14.984375 6.015625
vt -16.000000 -4.000000
vt -15.984375 7.015625
vt -15.750000 3.000000
vt -14.984375 4.015625
vt -15.750000 1.000000
vt -15.000000 -3.500000
vt -16.000000 -3.000000
vt -16.000000 -3.250000
vt -7.984375 19.750000
vt 18.875000 -0.000000
vt 4.900000 6.600000
vt 4.900000 7.200000
vt -0.100000 4.400000
vt -0.100000 9.400001
vt 2.600000 3.200000
vt 2.800000 3.200000
vt 4.600000 3.700000
vt 4.600000 3.200000
vt 3.200000 3.200000
vt 2.400000 3.200000
vt 0.000000 3.200000
vt -0.200000 3.200000
vt 3.400000 4.100000
vt 3.400000 3.000000
vt -3.700000 9.400001
vt -4.000000 6.600000
vt -4.000000 9.400001
vt -4.500000 3.600000
vt -4.500000 3.200000
vt -4.500000 4.600000
vt -4.800000 4.200000
vt -1.700000 4.600000
vt 2.578125 -6.125000
vt 8.585938 9.375000
vt 6.492188 7.875000
vt 6.492188 9.375000
vt 7.117188 7.875000
vt 7.398438 4.250000
vt 7.398438 6.125000
vt 8.585938 6.125000
vt 8.585938 4.250000
vt 2.578125 -1.125000
vt 2.578125 -2.062500
vt 8.117188 1.875000
vt 8.117188 2.562500
vt 7.867188 2.562500
vt 1.875000 -1.695313
vt 1.875000 1.304688
vt 1.875000 0.054688
vt 2.578125 1.375000
vt 2.578125 2.500000
vt -5.687500 9.375000
vt -4.937500 9.375000
vt -7.031250 7.625000
vt -7.031250 9.375000
vt -6.312500 7.875000
vt -6.312500 6.125000
vt -5.843750 6.125000
vt -1.375000 1.679688
vt -0.812500 1.679688
vt -1.875000 0.054688
vt 6.335938 1.789063
vt -3.039063 0.437500
vt -3.039063 3.375000
vt -3.039063 0.562500
vt 3.101563 3.039063
vt 3.000000 0.687500
vt 4.304688 2.011752
vt 8.429688 2.011752
vt 10.679688 2.011752
vt 11.804688 2.011752
vt 11.804688 0.996795
vt 6.429688 0.302350
vt 6.179688 0.302350
vt 6.679688 0.516026
vt 11.179688 -0.125000
vt 8.875000 -5.408186
vt 0.679688 0.516026
vt -0.070313 0.302350
vt 0.429688 0.302350
vt 1.179688 -0.125000
vt 2.554688 2.011752
vt 3.304688 -0.125000
vt 2.992188 -0.125000
vt 1.679688 -0.125000
vt 2.062500 4.552417
vt -0.320313 0.302350
vt -1.820313 0.729701
vt -1.820313 2.011752
vt -2.320313 -0.125000
vt -2.320313 0.261752
vt -1.945313 2.011752
vt -1.945313 0.996795
vt -4.335938 -0.125000
vt -4.085938 -0.125000
vt -1.445313 -0.125000
vt -0.945313 0.516026
vt -0.695313 0.302350
vt 8.875000 4.062567
vt 11.679688 0.729701
vt 10.179688 0.302350
vt 6.250000 11.867188
vt 4.375000 11.867188
vt 4.375000 11.367188
vt 4.375000 11.242188
vt 5.125000 9.492188
vt 6.250000 9.617188
vt 6.250000 6.242188
vt 6.156250 6.242188
vt 4.375000 6.242188
vt 4.375000 5.617188
vt 5.250000 7.367188
vt 4.750000 7.367188
vt 4.375000 6.742188
vt 6.375000 7.992188
vt 8.500000 9.492188
vt 7.000000 6.242188
vt 7.000000 4.367188
vt 0.750000 9.867188
vt 0.000000 11.367188
vt 0.000000 10.867188
vt 1.875000 10.242188
vt 1.250000 10.242188
vt 4.125000 10.554688
vt 3.000000 10.617188
vt 1.750000 5.617188
vt 3.375000 5.617188
vt 0.000000 6.117188
vt 0.187500 7.742188
vt 0.000000 7.492188
vt 4.031250 6.742188
vt 1.312500 9.367188
vt 1.750000 9.117188
vt 3.250000 7.367188
vt 1.187500 7.242188
vt 3.750000 7.367188
vt 2.937500 4.367188
vt 2.625000 10.117188
vt 0.812500 9.867188
vt 8.500000 1.992188
vt 7.930547 1.929688
vt 4.500000 1.929688
vt 7.375000 0.179688
vt 8.000000 0.179688
vt 0.625000 2.617188
vt 0.000000 2.617188
vt 0.625000 3.117188
vt 0.750000 -0.882813
vt 0.750000 1.492188
vt 1.875000 0.867188
vt 1.875000 1.492188
vt 3.750000 -0.070313
vt 1.250000 2.054688
vt 1.250000 2.929688
vt 0.000000 2.054688
vt 2.875000 2.054688
vt 2.875000 2.929688
vt 2.000000 2.054688
vt 3.000000 1.929688
vt 2.000000 1.929688
vt 0.500000 -1.257813
vt 0.750000 0.679688
vt 0.750000 0.617188
vt 1.125000 -0.820313
vt 1.125000 -1.070313
vt 1.875000 -1.445313
vt -0.125000 0.617188
vt -0.125000 0.554688
vt -0.062500 0.554688
vt -0.125000 0.992188
vt 1.875000 1.070313
vt 0.937500 0.179688
vt 0.937500 -0.195313
vt 0.000000 1.054688
vt 2.250000 -2.632813
vt 2.250000 -3.070313
vt 1.562500 -3.070313
vt 1.562500 -2.632813
vt 3.750000 -3.070313
vt 1.625000 -1.945313
vt -0.125000 -2.382813
vt -0.125000 -1.945313
vt -0.125000 -2.632813
vt -0.187500 10.554688
vt -0.750000 10.367188
vt -2.250000 10.554688
vt -2.875000 11.398438
vt -2.875000 11.367188
vt -2.843750 11.398438
vt -0.750000 11.367188
vt -2.125000 11.367188
vt -2.125000 10.867188
vt -1.750000 11.367188
vt -3.375000 9.742188
vt -3.375000 10.742188
vt -1.375000 5.617188
vt -4.015625 5.617188
vt -1.375000 6.242188
vt -3.875000 6.242188
vt -0.375000 5.617188
vt -0.875000 6.117188
vt -2.875000 6.929688
vt -0.875000 6.742188
vt -4.500000 9.242188
vt -2.875000 7.742188
vt -4.500000 7.742188
vt -0.250000 7.492188
vt -0.875000 6.929688
vt -0.187500 6.929688
vt -0.750000 10.242188
vt -2.250000 10.242188
vt -1.125000 9.617188
vt -2.875000 9.617188
vt -2.875000 9.742188
vt -0.750000 9.867188
vt -4.500000 11.625000
vt -2.375000 11.281250
vt -2.718750 11.750000
vt -7.125000 7.867188
vt -5.375000 7.992188
vt -7.125000 9.492188
vt -5.500000 5.000000
vt -5.500000 6.250000
vt -5.500000 8.000000
vt -5.000000 11.625000
vt -4.875000 7.742188
vt -4.875000 5.742188
vt -4.875000 5.617188
vt -0.500000 -0.882813
vt -0.500000 0.867188
vt -0.500000 2.617188
vt -0.500000 3.117188
vt -0.625000 3.117188
vt -1.875000 2.929688
vt -3.000000 2.554688
vt -3.000000 2.679688
vt -3.750000 3.304688
vt -1.312500 -0.695313
vt -1.312500 -0.320313
vt -0.750000 -0.195313
vt -0.750000 1.351563
vt -0.843750 1.328125
vt -0.750000 1.429688
vt -1.500000 -0.320313
vt -1.500000 -0.695313
vt -1.312500 -1.695313
vt -0.312500 0.179688
vt -0.312500 -0.195313
vt -3.750000 0.054688
vt -2.000000 0.054688
vt -2.000000 1.804688
vt -4.625000 4.304688
vt -2.000000 -2.382813
vt -2.000000 -1.945313
vt -2.000000 -2.632813
vt -3.750000 -3.070313
vt -6.500000 3.679688
vt -8.250000 -0.945313
vt -7.625000 -0.945313
vt -8.250000 0.804688
vt -8.250000 2.554688
vt -6.500000 -2.570313
vt 4.156250 -6.632813
vt 4.906250 -7.757813
vt 4.156250 -6.132813
vt 4.156250 -7.257813
vt 12.500000 0.875000
vt 12.500000 -1.125000
vt 14.000000 -0.132813
vt 14.000000 -0.757813
vt 14.000000 -1.757813
vt 14.000000 1.617188
vt 14.000000 1.242188
vt 1.000000 0.937500
vt 5.984285 -0.756396
vt 4.000000 1.000000
vt 14.000000 0.750000
vt 5.083219 -0.592382
vt 0.968750 0.937500
vt -0.968750 0.937500
vt 14.000000 -1.000000
vt 13.000000 -1.875000
vt 6.034807 1.122143
vt 6.066057 1.122143
vt 16.000000 1.617188
vt 4.156250 4.992188
vt 4.906250 7.085938
vt 8.000000 1.992188
vt 8.000000 2.117188
vt 8.000000 2.804688
vt -13.500000 -1.125000
vt -13.500000 0.875000
vt -14.000000 -0.007813
vt -14.000000 -1.757813
vt -14.000000 -1.257813
vt -14.000000 1.742188
vt -12.937500 1.750000
vt -13.843750 0.250000
vt -12.062500 -0.875000
vt -12.937500 -1.750000
vt -16.000000 -1.757813
vt -16.000000 1.742188
vt 6.968750 -6.562500
vt 14.000000 -30.000000
vt 10.000000 -30.000000
vt 5.000000 -30.000000
vt 3.000000 -10.000000
vt 13.000000 25.000000
vt 12.000000 25.000000
vt 17.000000 25.000000
vt 16.000000 25.000000
vt -1.000000 -10.000000
vt -3.000000 -10.000000
vt -3.000000 -11.000000
vt -4.000000 -11.000000
vt 18.734375 3.000000
vt 18.734375 2.000000
vt 14.734375 -0.000000
vt 19.002977 36.979168
vt 37.005955 4.038691
vt 22.086309 0.020833
vt 23.994049 2.029762
vt 22.958334 2.029762
vt 22.026787 24.988096
vt 22.955359 0.020833
vt 22.023809 22.997025
vt 6.020833 24.979168
vt 27.006580 2.029762
vt 1.943453 1.029762
vt 42.997025 1.029762
vt 0.991071 43.059525
vt 12.997025 26.979168
vt 15.011906 25.982145
vt 26.026787 2.029762
vt 22.005955 4.017858
vt 2.952381 4.017858
vt 1.000000 24.000000
vt -7.041667 0.041667
vt 30.000000 -7.952381
vt -6.008929 37.065479
vt -6.008929 0.973214
vt -6.008929 0.020833
vt -7.062500 25.062500
vt -7.062500 25.979168
vt 28.981483 1.050595
vt -7.062500 1.050595
vt -16.000000 37.059525
vt 36.997025 2.029762
vt -1.979167 16.958334
vt -2.997024 22.029762
vt -2.997024 2.029762
vt 21.994049 2.029762
vt -9.002977 1.035714
vt -4.047619 1.035714
vt -6.000000 -8.961310
vt -6.000000 1.035714
vt -29.041668 3.038691
vt -29.994049 12.994048
vt 14.973215 3.038691
vt -28.982145 10.985119
vt 12.922619 -0.937500
vt -28.029762 -0.937500
vt -29.997025 0.029762
vt -29.997025 -9.970239
vt -8.011906 0.029762
vt -31.988096 -9.973215
vt -7.994048 -1.958333
vt 100.437500 17.000000
vt 93.562500 -5.078125
vt 34.562500 -16.046875
vt 47.000000 0.031250
vt 93.562500 3.984375
vt -80.500000 17.000000
vt 80.500000 11.937500
vt 47.000000 0.968750
vt -48.500000 6.031250
vt -49.500000 6.031250
vt 9.265625 1.812500
vt 2.875000 9.265625
vt 0.000000 9.265625
vt 7.515625 1.812500
vt 2.875000 7.515625
vt 0.000000 7.515625
vt -2.875000 9.265625
vt -2.875000 7.515625
vt 3.250000 -0.000000
vt 3.000000 -0.000000
vt 5.000000 1.000000
vt 3.812500 20.000000
vt 3.812500 18.000000
vt 5.000000 20.000000
vt 3.000000 20.000000
vt 19.500000 -0.000000
vt 0.000000 21.000000
vt 1.859375 -0.000000
vt -0.500000 2.000000
vt 17.984375 -0.000000
vt 1.968750 -0.000000
vt -5.984375 -0.000000
vt 22.250000 -0.000000
vt -1.000000 21.000000
vt -5.000000 21.000000
vt -5.000000 19.000000
vt -7.000000 20.031250
vt 23.015625 1.000000
vt 23.140625 1.000000
vt -9.000000 22.656250
vt -6.000000 22.656250
vt -6.000000 23.031250
vt -9.000000 22.031250
vt 20.015625 2.000000
vt -9.000000 23.000000
vt -7.000000 18.000000
vt -2.015625 14.000000
vt 13.968750 1.000000
vt -16.031250 6.000000
vt 27.000000 6.000000
vt -17.000000 6.000000
vt -18.000000 26.000000
vt 25.000000 4.000000
vt -17.031250 4.000000
vt -9.031250 1.000000
vt 11.250000 1.000000
vt -10.250000 -0.000000
vt -10.015625 13.031250
vt -10.031250 1.000000
vt -9.015625 6.984375
vt -9.000000 7.015625
vt -13.984375 6.015625
vt -9.750000 -0.000000
vt -14.500000 1.000000
vt 20.437500 -0.000000
vt 3.656250 -0.000000
vt 7.000000 13.500000
vt 19.984375 -0.000000
vt 3.062500 13.500000
vt 3.062500 -0.000000
vt 20.687500 -0.000000
vt 2.609375 9.083334
vt 13.453125 -0.000000
vt -0.625000 13.916667
vt -1.250000 13.916667
vt -1.250000 13.500000
vt 20.406250 1.000000
vt 20.156250 3.812500
vt 20.781250 1.333333
vt -0.984375 3.812500
vt -0.359375 1.479167
vt -0.484375 -0.000000
vt -0.359375 -0.000000
vt -0.625000 1.333333
vt 21.625000 1.479167
vt -4.750000 13.500000
vt -4.750000 13.916667
vt -5.375000 13.500000
vt -4.359375 1.479167
vt -4.609375 -0.000000
vt -4.984375 3.812500
vt -4.921875 0.666667
vt 20.250000 1.000000
vt -0.953125 -0.000000
vt -1.515625 9.083334
vt -0.890625 -0.000000
vt -5.640625 9.083334
vt -5.015625 -0.000000
vt 2.989583 1.000000
vt 3.906250 -0.000000
vt 14.072917 0.062500
vt 0.020833 8.023438
vt 0.973214 7.523438
vt 0.020833 7.273438
vt 3.906250 11.250000
vt 3.958333 -0.000000
vt 2.961805 -0.000000
vt 25.375000 5.020833
vt 20.708334 5.020833
vt 12.833334 -0.000000
vt 12.763888 0.062500
vt 12.833334 0.062500
vt 5.992559 7.523438
vt 6.944941 7.273438
vt 2.989583 14.000000
vt 3.958333 14.000000
vt 19.953125 -2.005556
vt 19.968750 -0.000000
vt 16.937500 -2.005556
vt 15.968750 -0.000000
vt 19.968750 3.005556
vt 15.968750 3.005556
vt 0.000000 -14.000000
vt 0.000000 -21.937500
vt 5.875000 11.000000
vt 3.500000 10.000000
vt 3.250000 11.000000
vt 0.000000 14.000000
vt 0.000000 23.000000
vt -3.250000 10.000000
vt -5.625000 9.000000
vt -5.875000 10.000000
vt -5.750000 10.000000
vt 14.750000 -0.015625
vt 15.000000 -0.015625
vt 7.984375 0.984375
vt 7.984375 -0.015625
vt 6.984375 0.984375
vt 7.000000 0.984375
vt 8.000000 -0.015625
vt 8.000000 0.984375
vt 4.000000 25.000000
vt 4.000000 29.000000
vt 0.000000 25.000000
vt 28.125000 12.218750
vt 30.000000 12.218750
vt -0.103125 13.568125
vt 28.614374 0.828125
vt 28.476875 0.621250
vt 28.480000 0.616875
vt -0.026250 13.593750
vt -27.000000 12.218750
vt -29.062500 12.218750
vt 0.101875 13.563750
vt -28.292500 0.616875
vt -28.293125 0.695625
vt 0.750000 4.000000
vt 1.250000 3.000000
vt 11.984375 3.000000
vt 1.750000 5.500000
vt 2.812500 5.500000
vt 0.125000 -0.000000
vt 11.281250 -0.062500
vt 2.812500 3.062500
vt 0.187500 3.062500
vt 0.500000 3.062500
vt 0.625000 -1.000000
vt -0.062500 -0.000000
vt 0.062500 1.125000
vt 1.437500 -2.812500
vt -0.343750 -0.000000
vt -0.187500 3.125000
vt -1.062500 3.062500
vt -1.062500 4.250000
vt -0.187500 3.062500
vt -0.437500 3.000000
vt 3.500000 1.109375
vt -1.375000 -0.750000
vt -1.750000 -0.375000
vt -1.375000 -0.625000
vt -1.750000 -1.000000
vt -2.000000 -0.375000
vt 0.125000 -0.187500
vt 0.500000 11.992188
vt 7.625000 1.600000
vt 6.750000 1.375000
vt 7.375000 -1.900000
vt 6.750000 2.375000
vt 4.500000 1.875000
vt 6.250000 2.500000
vt 8.210938 1.000000
vt 5.960938 1.000000
vt 1.585938 1.312500
vt 1.585938 2.000000
vt 3.500000 2.000000
vt 3.750000 -1.625000
vt 3.750000 0.125000
vt 3.750000 2.375000
vt 3.750000 1.000000
vt 2.000000 0.937500
vt 3.000000 0.250000
vt 2.000000 0.250000
vt 3.750000 0.687500
vt 2.187500 1.625000
vt 3.695313 1.625000
vt 3.500000 1.625000
vt 2.000000 2.437500
vt 4.000000 2.000000
vt 4.250000 2.500000
vt 0.500000 1.000000
vt 0.500000 1.125000
vt 2.750000 2.625000
vt 2.000000 1.531250
vt 1.500000 1.343750
vt 1.750000 1.437500
vt -0.125000 1.250000
vt 1.750000 2.000000
vt 1.875000 0.250000
vt 0.000000 0.250000
vt 0.625000 0.250000
vt 0.625000 1.125000
vt 2.750000 2.375000
vt -1.750000 0.750000
vt -1.875000 2.500000
vt -2.687500 1.625000
vt 1.437500 1.632813
vt -2.726563 1.625000
vt -0.343750 -0.187500
vt 0.031250 11.992188
vt -3.500000 3.875000
vt -4.625000 -2.000000
vt 1.750000 0.750000
vt 1.750000 -0.000000
vt -2.000000 0.687500
vt -2.000000 0.250000
vt -3.750000 0.250000
vt -3.750000 0.937500
vt -2.000000 1.125000
vt -3.687500 1.375000
vt -2.000000 1.625000
vt -3.750000 1.625000
vt -2.000000 2.625000
vt -1.875000 1.125000
vt 3.000000 2.625000
vt 2.875000 1.125000
vt -1.875000 2.875000
vt -1.750000 1.125000
vt 1.000000 0.250000
vt 1.250000 0.250000
vt -0.250000 0.250000
vt -1.125000 0.250000
vt -2.250000 2.195313
vt -3.500000 0.687500
vt -2.812500 1.125000
vt -2.812500 0.250000
vt -3.125000 1.000000
vt 3.585938 1.000000
vt -9.039063 2.000000
vt -7.875000 -2.250000
vt -7.625000 2.125000
vt -7.875000 2.125000
vt 6.562500 0.687500
vt -0.312500 1.781250
vt 3.645833 -0.125000
vt 14.145834 3.625000
vt 11.479167 3.625000
vt -2.520833 2.906250
vt 0.958333 -1.109375
vt -3.604167 -2.078125
vt 2.046875 -13.901041
vt -1.203125 -13.067708
vt -2.953125 -13.901041
vt -2.914063 7.091146
vt -5.164063 7.924479
vt -6.914063 7.091146
vt -6.632813 7.924479
vt -6.914063 7.924479
vt -4.039063 -4.919271
vt 2.195313 14.085938
vt 0.445313 14.085938
vt -3.054688 14.919271
vt -9.039063 -4.919271
vt -10.000000 -8.257813
vt -10.000000 -8.539063
vt -11.000000 -8.539063
vt -11.000000 -7.882813
vt -10.000000 -7.789063
vt -11.000000 -6.789063
vt -10.000000 -6.789063
vt 54.062500 0.960938
vt 68.062500 -0.039063
vt 15.000000 2.125000
vt -9.000000 1.125000
vt 6.117188 -0.062500
vt 6.804688 -0.062500
vt 6.804688 0.826389
vt 5.179688 -0.062500
vt 5.492188 -0.062500
vt 7.759375 0.826389
vt 8.554688 0.826389
vt -1.320313 -0.062500
vt -3.070313 -0.062500
vt -3.070313 0.826389
vt -2.570313 -0.062500
vt -2.539063 -0.062500
vt -1.570313 -0.062500
vt 1.554688 0.826389
vt 3.429688 0.826389
vt 0.803047 -0.062500
vt 1.679688 0.159722
vt 3.054688 0.159722
vt 3.804688 0.048611
vt 4.054688 0.048611
vt 1.679688 0.048611
vt -7.320313 -0.062500
vt -1.070313 0.826389
vt -2.820313 0.826389
vt -1.820313 2.493056
vt 2.929688 0.826389
vt 1.179688 0.826389
vt -2.320313 0.826389
vt -1.568672 -0.062500
vt 14.562500 -10.041667
vt 10.562500 -10.625000
vt 9.000000 -4.468750
vt 9.000000 -0.635417
vt 10.562500 -6.416667
vt 37.500000 8.791667
vt 10.562500 8.208334
vt -22.000000 2.000000
vt 9.000000 -0.135417
vt 22.437500 1.533333
vt -23.000000 2.500000
vt -17.000000 2.666667
vt 16.000000 2.166667
vt -17.000000 -0.166667
vt -22.000000 -0.166667
vt -0.437500 -3.312500
vt -0.437500 -2.645833
vt 23.062500 3.854167
vt 20.375000 0.666667
vt -0.250000 2.554688
vt 1.375000 2.554688
vt -1.625000 2.304688
vt 0.000000 2.554688
vt 1.500000 2.554688
vt -7.625000 2.304688
vt 5.666667 -1.166667
vt 4.916667 -1.083333
vt 3.000000 -1.333333
vt 3.000000 -1.416667
vt 4.666667 -1.083333
vt 4.041667 1.250000
vt 4.041667 1.083333
vt 5.666667 1.250000
vt 5.583333 1.250000
vt 3.625000 1.250000
vt 3.416667 1.250000
vt 5.666667 -0.333333
vt 5.250000 -1.166667
vt 4.916667 -1.729167
vt 5.666667 -1.750000
vt 3.000000 -2.083333
vt 5.666667 -2.083333
vt 5.250000 -1.333333
vt 4.416667 -0.145833
vt 4.000000 0.229167
vt 2.666667 -0.500000
vt 2.666667 -0.000000
vt 2.500000 -1.166667
vt 1.333333 -2.083333
vt -0.083333 -1.333333
vt -2.000000 2.833333
vt -2.000000 3.166667
vt -5.833333 3.166667
vt -4.447552 3.166667
vt -4.833333 3.166667
vt -3.833333 3.166667
vt -2.000000 1.333333
vt -1.791667 1.333333
vt -1.333333 1.333333
vt -1.250000 1.916667
vt -2.666667 2.750000
vt -2.666667 2.416667
vt -2.500000 1.166667
vt -3.000000 2.416667
vt -1.000000 -1.375000
vt -3.083333 -2.083333
vt -2.416667 -2.083333
vt -3.083333 -1.416667
vt -0.750000 -2.083333
vt -5.083333 -1.416667
vt -5.833333 1.083333
vt -5.500000 1.833333
vt -3.250000 2.750000
vt -5.000000 2.166667
vt -5.000000 1.128854
vt -5.166667 2.000000
vt -5.416667 -1.166667
vt -4.750000 -1.750000
vt -5.833333 -2.083333
vt -5.416667 -1.333333
vt 9.000000 -0.125000
vt 1.000000 2.906250
vt -1.000000 4.031250
vt -1.000000 2.906250
vt 4.375000 4.000000
vt 3.250000 -7.500000
vt -0.375000 -7.000000
vt -6.062500 4.000000
vt -5.125000 3.000000
vt 3.000000 -8.833334
vt 2.000000 -8.833334
vt -4.687500 4.000000
vt -4.687500 3.000000
vt 1.939967 2.000000
vt -2.500000 4.000000
vt -2.625000 3.000000
vt -3.500000 4.625000
vt -3.875000 -6.000000
vt 3.132813 -1.250000
vt 3.132813 1.000000
vt 3.632813 -0.125000
vt 3.132813 -1.750000
vt 4.000000 -0.125000
vt 3.750000 -0.500000
vt 3.250000 -1.750000
vt 2.250000 0.125000
vt 2.437500 -1.312500
vt 2.250000 -1.312500
vt 2.875000 -1.312500
vt 2.250000 0.625000
vt 2.250000 1.875000
vt 3.250000 1.875000
vt 2.875000 1.500000
vt 2.437500 1.500000
vt 2.375000 1.875000
vt -0.937500 1.375000
vt 2.437500 -0.750000
vt 2.132813 0.125000
vt 2.132813 -1.750000
vt 2.132813 0.625000
vt 2.132813 0.750000
vt 3.132813 1.875000
vt 2.132813 1.875000
vt -1.867188 -1.250000
vt -1.867188 1.250000
vt -2.679688 1.750000
vt -1.867188 1.500000
vt -1.867188 1.750000
vt -1.867188 -0.750000
vt -1.867188 -0.375000
vt -3.367188 1.000000
vt -3.367188 -1.250000
vt -2.750000 0.500000
vt -2.562500 1.750000
vt -2.750000 -0.312500
vt -0.062500 1.625000
vt -2.953125 2.031250
vt -1.875000 11.000000
vt 1.625000 11.000000
vt 0.121795 -26.194319
vt 0.121795 -26.417614
vt 0.185897 -26.417614
vt 0.378205 -26.417614
vt 0.121795 -26.076706
vt 0.378205 -26.076706
vt 0.730769 12.329546
vt 0.185897 -26.360796
vt 14.897437 12.329546
vt 14.825321 12.441478
vt 0.250000 -26.133524
vt 3.000000 -5.468750
vt -2.000000 6.031250
vt 0.121795 25.575001
vt 0.121795 25.457388
vt 0.188141 25.457388
vt 0.378205 25.457388
vt 0.185897 25.798296
vt 0.121795 25.798296
vt 0.378205 25.798296
vt -14.380771 12.329546
vt 0.185897 25.741478
vt 0.686859 12.472728
vt -14.293910 12.434091
vt 0.634615 11.013393
vt 0.634615 10.566965
vt 15.758014 10.611608
vt 0.339744 13.769887
vt 0.660256 13.883523
vt 0.660256 13.769887
vt 0.371795 13.315341
vt 12.993056 0.035714
vt 11.993056 0.035714
vt 11.993056 -0.410714
vt 12.993056 -0.410714
vt 12.993056 11.013393
vt 12.993056 10.566965
vt 15.701923 -0.159091
vt 14.548079 -0.159091
vt 14.548079 -0.102273
vt 14.548079 0.352273
vt 14.548079 0.409091
vt 0.245192 10.611608
vt 11.993056 10.611608
vt 0.557692 -25.965910
vt 0.339744 -26.028410
vt 0.178571 11.013393
vt 0.178571 10.566965
vt -13.639423 13.559659
vt -12.961310 0.035714
vt -14.032738 0.035714
vt -14.032738 -0.410714
vt -12.961310 -0.410714
vt -12.982143 11.013393
vt -12.982143 10.566965
vt -13.528847 -0.159091
vt -14.682693 -0.159091
vt -14.682693 -0.102273
vt -14.682693 0.352273
vt -14.682693 0.409091
vt 0.078526 13.559659
vt -14.053572 10.611608
vt -13.895834 -1.142045
vt -13.895834 -0.190341
vt -2.500000 6.406250
vt 3.833333 -4.500000
vt 4.979167 10.000000
vt -1.020833 10.000000
vt 5.250000 10.250000
vt 7.000000 11.250000
vt 5.250000 9.250000
vt 5.250000 -10.125000
vt 0.757813 -11.000000
vt 0.757813 -5.000000
vt -1.460938 8.000000
vt -0.585938 9.000000
vt -0.585938 8.000000
vt -0.125000 51.000000
vt -0.125000 39.000000
vt 0.875000 37.937500
vt 6.554688 3.000000
vt 7.210938 3.000000
vt 6.929688 2.000000
vt 7.210938 2.000000
vt 5.460938 2.000000
vt 5.460938 3.000000
vt 6.460938 2.000000
vt 38.000000 -27.000000
vt -41.000000 28.000000
vt 10.000000 -6.750000
vt -6.750000 9.250000
vt 10.000000 9.250000
vt -10.000000 21.500000
vt 22.000000 4.750000
vt -10.000000 4.750000
vt -9.875000 7.125000
vt 6.875000 4.000000
vt -9.875000 4.000000
vt 9.250000 14.531250
vt -8.750000 14.531250
vt -14.937500 4.000000
vt -7.187500 6.093750
vt 14.062500 6.093750
vt 14.062500 6.375000
vt 14.062500 6.718750
vt 4.750000 0.062500
vt 4.937500 0.250000
vt 4.937500 0.750000
vt 4.750000 0.937500
vt 4.250000 0.937500
vt 4.062500 0.750000
vt 4.062500 0.250000
vt 4.250000 0.062500
vt 4.500000 -0.000000
vt 3.750000 2.062500
vt 3.937500 2.250000
vt 3.937500 2.750000
vt 3.750000 2.937500
vt 3.250000 2.937500
vt 3.062500 2.750000
vt 3.062500 2.250000
vt 3.250000 2.062500
vt -3.250000 3.062500
vt -3.062500 3.250000
vt -3.062500 3.750000
vt -3.250000 3.937500
vt -3.750000 3.937500
vt -3.937500 3.750000
vt -3.937500 3.250000
vt -3.750000 3.062500
vt -3.500000 3.000000
vt 0.187500 3.019302
vt 4.208333 3.019302
vt 1.854167 3.019302
vt -4.062500 3.031250
vt 2.083333 3.031250
vt -3.750000 3.031250
vt 0.333333 3.000000
vt -4.000000 -2.000000
vt 1.000000 5.000000
vt 0.000000 5.000000
vt -2.000000 3.666667
vt 7.031250 -1.000000
vt 7.031250 -4.000000
vt -2.968750 -1.000000
vt -2.968750 -4.000000
vt 9.000000 7.000000
vt -1.000000 7.000000
vt -1.000000 -6.000000
vt -22.937500 23.000000
vt -13.937500 23.000000
vt -11.000000 -6.000000
vt 19.000000 29.000000
vt -18.000000 29.000000
vt 17.000000 9.000000
vt -29.002979 12.994048
vt -28.029762 1.029762
vt 14.952381 1.029762
vt 0.750000 2.750000
vt -7.093750 0.500000
vt -6.906250 0.500000
vt -37.000000 3.333333
vt -11.007813 1.000000
vt 18.000000 1.986111
vt 15.937500 2.989583
vt 0.031250 14.875000
vt 0.781250 14.500000
vt 0.625000 14.218750
vt 1.000000 14.156250
vt 1.125000 14.343750
vt 61.875000 14.218750
vt 59.250000 -0.968750
vt 54.375000 0.281250
vt 1.625000 14.406250
vt 0.375000 13.906250
vt -52.125000 14.218750
vt -54.750000 -0.968750
vt -59.625000 0.281250
vt 2.375000 -0.500000
vt 0.000000 2.666667
vt -6.250000 1.854167
vt 2.000000 -8.979167
vt -3.750000 3.000000
vt -2.875000 3.000000
vt 4.625000 -1.348214
vt 9.541667 3.178571
vt 9.875000 3.035714
vt 3.867104 17.029236
vt 3.983106 3.012863
vt -0.010417 4.000000
s 0
usemtl material_0
f 2/1/1 1/2/1 7/3/1
f 261/4/2 260/5/2 259/6/2
f 267/7/2 266/8/2 265/9/2
f 272/10/3 271/11/3 270/12/3
f 277/13/3 276/14/3 275/8/3
f 281/15/3 279/16/3 282/17/3
f 308/9/4 306/7/4 305/18/4
f 325/8/1 324/12/1 323/19/1
f 331/15/1 329/16/1 328/20/1
f 2079/17/1 2077/21/1 2076/16/1
f 2083/22/1 2082/23/1 2081/24/1
f 2087/17/3 2085/21/3 2088/25/3
f 2091/24/3 2090/23/3 2089/22/3
f 2911/26/4 2909/27/4 2908/28/4
f 2962/28/4 2961/27/4 2960/29/4
f 2965/30/4 2969/28/4 2966/31/4
f 4369/32/2 4367/33/2 4370/2/2
f 4375/34/2 4374/35/2 4372/32/2
f 4380/36/2 4378/37/2 4377/38/2
f 4384/39/1 4383/40/1 4382/41/1
f 4390/41/3 4388/39/3 4387/42/3
f 4394/42/5 4392/43/5 4395/44/5
f 4403/45/2 4402/31/2 4401/46/2
f 4412/47/3 4410/43/3 4413/48/3
f 4416/43/6 4414/42/6 4417/44/6
f 4429/47/1 4427/43/1 4426/40/1
f 4440/1/1 4439/2/1 4445/3/1
f 4454/49/3 4453/50/3 4451/51/3
f 4466/51/3 4464/52/3 4467/53/3
f 4471/54/3 4469/55/3 4468/56/3
f 4474/53/3 4473/52/3 4472/57/3
f 4483/58/3 4482/59/3 4481/55/3
f 4618/60/2 4616/61/2 4619/62/2
f 4622/63/2 4620/64/2 4623/65/2
f 4627/62/2 4626/65/2 4624/66/2
f 4631/63/2 4630/61/2 4634/67/2
f 4656/68/3 4655/3/3 4659/69/3
f 4673/65/4 4672/62/4 4670/70/4
f 4678/64/4 4676/63/4 4679/65/4
f 4682/61/4 4680/60/4 4683/62/4
f 4697/61/4 4696/63/4 4700/31/4
f 7413/71/1 7411/11/1 7414/10/1
f 7417/14/1 7416/12/1 7420/71/1
f 7424/72/1 7423/73/1 7422/20/1
f 7453/74/2 7451/75/2 7454/76/2
f 7457/77/2 7455/74/2 7458/76/2
f 7471/19/3 7470/12/3 7469/14/3
f 7475/20/3 7474/73/3 7473/72/3
f 7492/74/4 7491/78/4 7490/79/4
f 7902/80/4 7900/81/4 7899/82/4
f 7939/83/4 7938/84/4 7942/85/4
f 7946/86/4 7944/87/4 7947/88/4
f 7950/34/4 7949/89/4 7948/90/4
f 7955/82/4 7953/90/4 7956/85/4
f 8604/91/4 8601/92/4 8600/93/4
f 8610/94/4 8609/95/4 8607/96/4
f 8615/97/4 8613/93/4 8616/94/4
f 8619/92/4 8617/98/4 8620/95/4
f 8623/99/2 8621/34/2 8624/80/2
f 8626/100/1 8625/101/1 8629/102/1
f 8632/103/1 8631/104/1 8635/105/1
f 8638/104/3 8637/103/3 8640/105/3
f 8643/100/3 8646/102/3 8644/101/3
f 8652/106/5 8651/102/5 8649/43/5
f 8663/107/7 8659/108/7 8658/109/7
f 8675/110/7 8673/52/7 8676/87/7
f 8681/111/7 8680/88/7 8677/112/7
f 8687/109/7 8685/88/7 8688/111/7
f 8691/113/7 8689/114/7 8692/115/7
f 8697/111/7 8696/88/7 8693/112/7
f 8715/107/7 8711/108/7 8710/109/7
f 8719/110/7 8717/52/7 8720/87/7
f 8723/109/7 8721/88/7 8724/111/7
f 8727/113/7 8725/114/7 8728/115/7
f 8731/116/2 8729/82/2 8732/117/2
f 8735/118/2 8733/119/2 8736/120/2
f 8739/121/2 8737/96/2 8740/122/2
f 8743/123/3 8741/124/3 8744/125/3
f 8747/26/1 8745/125/1 8748/124/1
f 8751/123/3 8749/124/3 8752/125/3
f 8759/126/4 8757/120/4 8760/119/4
f 8763/26/1 8761/125/1 8764/124/1
f 8771/127/4 8769/117/4 8772/82/4
f 8775/128/2 8773/129/2 8776/130/2
f 8779/130/2 8777/131/2 8780/121/2
f 8783/107/8 8781/112/8 8784/132/8
f 8787/132/8 8785/133/8 8788/112/8
f 8791/52/2 8789/134/2 8792/128/2
f 8795/135/2 8794/136/2 8793/115/2
f 8804/44/6 8800/106/6 8799/105/6
f 8847/137/1 8844/44/1 8842/138/1
f 8920/68/3 8919/3/3 8923/69/3
f 8933/95/2 8932/94/2 8930/80/2
f 8938/93/2 8936/97/2 8939/94/2
f 8942/98/2 8940/92/2 8943/95/2
f 8957/93/2 8956/92/2 8960/136/2
f 8992/138/1 8991/2/1 8990/99/1
f 9006/134/1 9005/96/1 9004/120/1
f 9032/52/1 9031/139/1 9036/114/1
f 1/2/1 8/99/1 7/3/1
f 7/3/1 6/68/1 2/1/1
f 6/68/1 5/4734/1 3/69/1
f 2/1/1 6/68/1 3/69/1
f 5/4734/1 4/4735/1 3/69/1
f 259/6/2 263/19/2 261/4/2
f 263/19/2 262/12/2 261/4/2
f 264/12/2 268/19/2 265/9/2
f 268/19/2 267/7/2 265/9/2
f 269/14/3 273/13/3 270/12/3
f 273/13/3 272/10/3 270/12/3
f 274/20/3 278/15/3 275/8/3
f 278/15/3 277/13/3 275/8/3
f 281/15/3 280/20/3 279/16/3
f 305/18/4 310/4736/4 309/4737/4
f 308/9/4 307/8/4 306/7/4
f 305/18/4 309/4737/4 308/9/4
f 323/19/1 327/15/1 325/8/1
f 327/15/1 326/20/1 325/8/1
f 331/15/1 330/17/1 329/16/1
f 2079/17/1 2078/25/1 2077/21/1
f 2080/21/1 2084/25/1 2081/24/1
f 2084/25/1 2083/22/1 2081/24/1
f 2087/17/3 2086/16/3 2085/21/3
f 2089/22/3 2093/25/3 2091/24/3
f 2093/25/3 2092/21/3 2091/24/3
f 2907/4738/4 2912/80/4 2908/28/4
f 2912/80/4 2911/26/4 2908/28/4
f 2911/26/4 2910/4739/4 2909/27/4
f 2959/4740/4 2963/4741/4 2960/29/4
f 2963/4741/4 2962/28/4 2960/29/4
f 2964/34/4 2970/4738/4 2965/30/4
f 2970/4738/4 2969/28/4 2965/30/4
f 2968/4741/4 2967/4742/4 2966/31/4
f 2969/28/4 2968/4741/4 2966/31/4
f 4369/32/2 4368/36/2 4367/33/2
f 4371/2/2 4376/80/2 4372/32/2
f 4376/80/2 4375/34/2 4372/32/2
f 4374/35/2 4373/4735/2 4372/32/2
f 4377/38/2 4381/33/2 4380/36/2
f 4380/36/2 4379/4743/2 4378/37/2
f 4382/41/1 4386/4739/1 4385/42/1
f 4385/42/1 4384/39/1 4382/41/1
f 4387/42/3 4391/4739/3 4390/41/3
f 4390/41/3 4389/40/3 4388/39/3
f 4394/42/5 4393/39/5 4392/43/5
f 4401/46/2 4405/4744/2 4404/4745/2
f 4404/4745/2 4403/45/2 4401/46/2
f 4412/47/3 4411/40/3 4410/43/3
f 4416/43/6 4415/39/6 4414/42/6
f 4429/47/1 4428/48/1 4427/43/1
f 4439/2/1 4446/99/1 4445/3/1
f 4445/3/1 4444/68/1 4440/1/1
f 4444/68/1 4443/4734/1 4441/69/1
f 4440/1/1 4444/68/1 4441/69/1
f 4443/4734/1 4442/4735/1 4441/69/1
f 4451/51/3 4463/53/3 4454/49/3
f 4463/53/3 4462/56/3 4454/49/3
f 4462/56/3 4461/55/3 4460/59/3
f 4460/59/3 4459/4746/3 4462/56/3
f 4459/4746/3 4458/4747/3 4462/56/3
f 4458/4747/3 4457/4748/3 4462/56/3
f 4457/4748/3 4456/4749/3 4462/56/3
f 4456/4749/3 4455/4750/3 4462/56/3
f 4455/4750/3 4454/49/3 4462/56/3
f 4453/50/3 4452/4751/3 4451/51/3
f 4466/51/3 4465/4752/3 4464/52/3
f 4471/54/3 4470/4753/3 4469/55/3
f 4472/57/3 4479/122/3 4478/99/3
f 4477/2/3 4476/54/3 4475/56/3
f 4472/57/3 4478/99/3 4474/53/3
f 4478/99/3 4477/2/3 4475/56/3
f 4474/53/3 4478/99/3 4475/56/3
f 4480/4753/3 4485/44/3 4481/55/3
f 4485/44/3 4484/43/3 4481/55/3
f 4484/43/3 4483/58/3 4481/55/3
f 4618/60/2 4617/4754/2 4616/61/2
f 4622/63/2 4621/45/2 4620/64/2
f 4624/66/2 4629/70/2 4627/62/2
f 4629/70/2 4628/60/2 4627/62/2
f 4626/65/2 4625/64/2 4624/66/2
f 4630/61/2 4635/4754/2 4634/67/2
f 4634/67/2 4633/31/2 4631/63/2
f 4633/31/2 4632/45/2 4631/63/2
f 4654/99/3 4661/2/3 4660/1/3
f 4659/69/3 4658/4735/3 4657/4734/3
f 4654/99/3 4660/1/3 4655/3/3
f 4660/1/3 4659/69/3 4655/3/3
f 4657/4734/3 4656/68/3 4659/69/3
f 4670/70/4 4675/66/4 4673/65/4
f 4675/66/4 4674/64/4 4673/65/4
f 4672/62/4 4671/60/4 4670/70/4
f 4678/64/4 4677/45/4 4676/63/4
f 4682/61/4 4681/4754/4 4680/60/4
f 4696/63/4 4701/45/4 4700/31/4
f 4700/31/4 4699/67/4 4697/61/4
f 4699/67/4 4698/4754/4 4697/61/4
f 7413/71/1 7412/4755/1 7411/11/1
f 7415/4755/1 7420/71/1 7416/12/1
f 7420/71/1 7419/4756/1 7417/14/1
f 7419/4756/1 7418/4757/1 7417/14/1
f 7421/4757/1 7425/4756/1 7422/20/1
f 7425/4756/1 7424/72/1 7422/20/1
f 7453/74/2 7452/4758/2 7451/75/2
f 7457/77/2 7456/4759/2 7455/74/2
f 7468/4757/3 7472/4756/3 7469/14/3
f 7472/4756/3 7471/19/3 7469/14/3
f 7473/72/3 7477/4756/3 7475/20/3
f 7477/4756/3 7476/4757/3 7475/20/3
f 7490/79/4 7494/75/4 7492/74/4
f 7494/75/4 7493/4758/4 7492/74/4
f 7898/84/4 7903/4760/4 7899/82/4
f 7903/4760/4 7902/80/4 7899/82/4
f 7902/80/4 7901/4738/4 7900/81/4
f 7938/84/4 7943/82/4 7942/85/4
f 7942/85/4 7941/88/4 7940/87/4
f 7940/87/4 7939/83/4 7942/85/4
f 7946/86/4 7945/4761/4 7944/87/4
f 7948/90/4 7952/81/4 7951/4738/4
f 7951/4738/4 7950/34/4 7948/90/4
f 7955/82/4 7954/81/4 7953/90/4
f 8600/93/4 8606/4762/4 8605/34/4
f 8604/91/4 8603/136/4 8601/92/4
f 8603/136/4 8602/4763/4 8601/92/4
f 8600/93/4 8605/34/4 8604/91/4
f 8607/96/4 8612/80/4 8610/94/4
f 8612/80/4 8611/97/4 8610/94/4
f 8609/95/4 8608/98/4 8607/96/4
f 8615/97/4 8614/4762/4 8613/93/4
f 8619/92/4 8618/4763/4 8617/98/4
f 8623/99/2 8622/4734/2 8621/34/2
f 8625/101/1 8630/106/1 8629/102/1
f 8629/102/1 8628/29/1 8626/100/1
f 8628/29/1 8627/4764/1 8626/100/1
f 8631/104/1 8636/4765/1 8635/105/1
f 8635/105/1 8634/4766/1 8632/103/1
f 8634/4766/1 8633/4767/1 8632/103/1
f 8637/103/3 8642/4767/3 8641/4766/3
f 8641/4766/3 8640/105/3 8637/103/3
f 8640/105/3 8639/4765/3 8638/104/3
f 8643/100/3 8648/4764/3 8647/29/3
f 8647/29/3 8646/102/3 8643/100/3
f 8646/102/3 8645/106/3 8644/101/3
f 8649/43/5 8656/44/5 8652/106/5
f 8656/44/5 8655/42/5 8654/4765/5
f 8654/4765/5 8653/105/5 8656/44/5
f 8653/105/5 8652/106/5 8656/44/5
f 8651/102/5 8650/39/5 8649/43/5
f 8657/4768/7 8664/113/7 8663/107/7
f 8663/107/7 8662/132/7 8659/108/7
f 8662/132/7 8661/4769/7 8660/110/7
f 8662/132/7 8660/110/7 8659/108/7
f 8658/109/7 8657/4768/7 8663/107/7
f 8675/110/7 8674/4769/7 8673/52/7
f 8677/112/7 8684/133/7 8681/111/7
f 8684/133/7 8683/115/7 8682/114/7
f 8684/133/7 8682/114/7 8681/111/7
f 8679/87/7 8678/52/7 8677/112/7
f 8680/88/7 8679/87/7 8677/112/7
f 8687/109/7 8686/108/7 8685/88/7
f 8691/113/7 8690/4768/7 8689/114/7
f 8693/112/7 8700/133/7 8697/111/7
f 8700/133/7 8699/115/7 8698/114/7
f 8700/133/7 8698/114/7 8697/111/7
f 8695/87/7 8694/52/7 8693/112/7
f 8696/88/7 8695/87/7 8693/112/7
f 8709/4768/7 8716/113/7 8715/107/7
f 8715/107/7 8714/132/7 8711/108/7
f 8714/132/7 8713/4769/7 8712/110/7
f 8714/132/7 8712/110/7 8711/108/7
f 8710/109/7 8709/4768/7 8715/107/7
f 8719/110/7 8718/4769/7 8717/52/7
f 8723/109/7 8722/108/7 8721/88/7
f 8727/113/7 8726/4768/7 8725/114/7
f 8731/116/2 8730/127/2 8729/82/2
f 8735/118/2 8734/126/2 8733/119/2
f 8739/121/2 8738/131/2 8737/96/2
f 8743/123/3 8742/26/3 8741/124/3
f 8747/26/1 8746/123/1 8745/125/1
f 8751/123/3 8750/26/3 8749/124/3
f 8759/126/4 8758/118/4 8757/120/4
f 8763/26/1 8762/123/1 8761/125/1
f 8771/127/4 8770/116/4 8769/117/4
f 8775/128/2 8774/134/2 8773/129/2
f 8779/130/2 8778/129/2 8777/131/2
f 8783/107/8 8782/133/8 8781/112/8
f 8787/132/8 8786/107/8 8785/133/8
f 8791/52/2 8790/115/2 8789/134/2
f 8793/115/2 8797/52/2 8795/135/2
f 8797/52/2 8796/139/2 8795/135/2
f 8798/4765/6 8805/42/6 8804/44/6
f 8804/44/6 8803/43/6 8800/106/6
f 8803/43/6 8802/39/6 8801/102/6
f 8803/43/6 8801/102/6 8800/106/6
f 8799/105/6 8798/4765/6 8804/44/6
f 8842/138/1 8848/4735/1 8847/137/1
f 8847/137/1 8846/58/1 8844/44/1
f 8846/58/1 8845/43/1 8844/44/1
f 8844/44/1 8843/2/1 8842/138/1
f 8918/99/3 8925/2/3 8924/1/3
f 8923/69/3 8922/4735/3 8921/4734/3
f 8918/99/3 8924/1/3 8919/3/3
f 8924/1/3 8923/69/3 8919/3/3
f 8921/4734/3 8920/68/3 8923/69/3
f 8930/80/2 8935/96/2 8933/95/2
f 8935/96/2 8934/98/2 8933/95/2
f 8932/94/2 8931/97/2 8930/80/2
f 8938/93/2 8937/4762/2 8936/97/2
f 8942/98/2 8941/4763/2 8940/92/2
f 8956/92/2 8961/4763/2 8960/136/2
f 8960/136/2 8959/34/2 8957/93/2
f 8959/34/2 8958/4762/2 8957/93/2
f 8989/96/1 8993/134/1 8990/99/1
f 8993/134/1 8992/138/1 8990/99/1
f 9004/120/1 9008/114/1 9006/134/1
f 9008/114/1 9007/115/1 9006/134/1
f 9031/139/1 9037/135/1 9036/114/1
f 9036/114/1 9035/120/1 9033/57/1
f 9035/120/1 9034/122/1 9033/57/1
f 9033/57/1 9032/52/1 9036/114/1
usemtl material_1
f 12/140/2 10/141/2 9/142/2
f 1884/143/1 1882/144/1 1885/145/1
f 1888/146/1 1886/147/1 1889/148/1
f 1892/145/3 1890/149/3 1893/150/3
f 2011/151/2 2010/152/2 2013/153/2
f 2021/154/2 2019/155/2 2018/156/2
f 2027/157/2 2025/158/2 2023/159/2
f 2032/160/2 2030/161/2 2029/152/2
f 2036/159/2 2034/162/2 2037/160/2
f 2831/163/4 2830/164/4 2829/165/4
f 2839/166/4 2837/167/4 2835/165/4
f 2843/164/4 2841/168/4 2840/169/4
f 2852/149/3 2851/170/3 2850/171/3
f 2973/172/2 2972/173/2 2971/174/2
f 3004/175/3 3002/176/3 3001/177/3
f 3007/178/3 3005/179/3 3008/180/3
f 3038/181/2 3037/182/2 3041/183/2
f 3047/184/2 3046/185/2 3044/186/2
f 3054/187/2 3053/188/2 3051/189/2
f 3059/190/2 3057/191/2 3060/154/2
f 3075/178/6 3073/176/6 3076/192/6
f 3764/193/3 3762/194/3 3765/195/3
f 3824/196/2 3822/195/2 3825/194/2
f 3827/197/2 3826/198/2 3830/199/2
f 3835/200/2 3834/201/2 3833/202/2
f 3840/198/2 3838/203/2 3837/202/2
f 3845/196/2 3843/204/2 3842/199/2
f 3893/205/8 3891/206/8 3890/207/8
f 3897/208/8 3895/209/8 3898/205/8
f 3911/210/7 3909/211/7 3912/212/7
f 3916/213/3 3915/214/3 3914/215/3
f 4420/216/7 4418/217/7 4421/218/7
f 4741/219/2 4739/220/2 4742/221/2
f 4747/222/2 4744/223/2 4743/224/2
f 4753/225/2 4752/219/2 4751/221/2
f 4757/226/8 4755/227/8 4758/228/8
f 4787/229/4 4784/230/4 4783/231/4
f 4793/232/3 4791/233/3 4790/234/3
f 4796/235/4 4795/236/4 4794/233/4
f 4801/237/4 4799/236/4 4802/235/4
f 4805/236/3 4803/238/3 4806/239/3
f 4809/240/8 4807/227/8 4810/241/8
f 4814/242/4 4812/243/4 4811/244/4
f 4908/233/4 4907/236/4 4905/245/4
f 4915/246/2 4913/219/2 4912/225/2
f 4921/247/3 4919/248/3 4918/249/3
f 4924/250/3 4923/251/3 4927/252/3
f 5239/253/2 5236/254/2 5235/255/2
f 7078/256/3 7076/257/3 7079/258/3
f 7082/145/3 7080/259/3 7083/143/3
f 7086/150/1 7084/144/1 7087/145/1
f 7090/260/3 7088/261/3 7091/262/3
f 7105/263/2 7103/264/2 7106/265/2
f 7218/266/2 7216/267/2 7219/268/2
f 7224/269/2 7222/270/2 7220/267/2
f 7229/268/2 7227/271/2 7226/272/2
f 7255/273/2 7253/274/2 7252/270/2
f 7260/271/2 7259/275/2 7257/276/2
f 8087/260/3 8085/265/3 8084/277/3
f 8098/278/2 8097/279/2 8096/280/2
f 8106/171/1 8105/170/1 8104/149/1
f 8127/281/4 8126/282/4 8130/283/4
f 8133/284/4 8132/285/4 8131/286/4
f 8168/287/4 8167/284/4 8166/288/4
f 8179/283/4 8177/289/4 8175/290/4
f 8238/291/3 8237/292/3 8236/293/3
f 8249/294/7 8247/295/7 8250/296/7
f 8257/297/2 8256/298/2 8255/299/2
f 8276/300/1 8275/301/1 8274/302/1
f 8291/303/4 8290/304/4 8289/280/4
f 8310/305/2 8309/306/2 8308/298/2
f 8324/265/5 8322/305/5 8321/307/5
f 9041/308/4 9039/309/4 9038/310/4
f 9045/311/4 9043/308/4 9046/312/4
f 9052/313/4 9051/314/4 9049/315/4
f 9059/316/1 9057/317/1 9056/318/1
f 9062/319/1 9061/320/1 9064/321/1
f 9126/322/1 9124/251/1 9123/323/1
f 9132/310/2 9130/315/2 9128/324/2
f 9136/325/8 9134/326/8 9137/327/8
f 9140/306/2 9138/312/2 9141/308/2
f 9145/309/2 9144/306/2 9143/308/2
f 9150/325/8 9149/328/8 9148/329/8
f 9155/323/1 9153/330/1 9152/322/1
f 9/142/2 14/4770/2 13/4771/2
f 12/140/2 11/4694/2 10/141/2
f 9/142/2 13/4771/2 12/140/2
f 1884/143/1 1883/259/1 1882/144/1
f 1888/146/1 1887/4772/1 1886/147/1
f 1892/145/3 1891/144/3 1890/149/3
f 2010/152/2 2015/161/2 2014/4773/2
f 2014/4773/2 2013/153/2 2010/152/2
f 2013/153/2 2012/4774/2 2011/151/2
f 2016/153/2 2022/4773/2 2017/4775/2
f 2022/4773/2 2021/154/2 2018/156/2
f 2017/4775/2 2022/4773/2 2018/156/2
f 2021/154/2 2020/191/2 2019/155/2
f 2023/159/2 2028/4776/2 2027/157/2
f 2027/157/2 2026/4777/2 2025/158/2
f 2025/158/2 2024/4778/2 2023/159/2
f 2029/152/2 2033/4779/2 2032/160/2
f 2032/160/2 2031/162/2 2030/161/2
f 2036/159/2 2035/4778/2 2034/162/2
f 2829/165/4 2833/4780/4 2831/163/4
f 2833/4780/4 2832/4781/4 2831/163/4
f 2834/164/4 2839/166/4 2835/165/4
f 2839/166/4 2838/4782/4 2837/167/4
f 2837/167/4 2836/4783/4 2835/165/4
f 2840/169/4 2845/4784/4 2844/166/4
f 2843/164/4 2842/163/4 2841/168/4
f 2840/169/4 2844/166/4 2843/164/4
f 2850/171/3 2854/4785/3 2853/150/3
f 2853/150/3 2852/149/3 2850/171/3
f 2971/174/2 2975/4786/2 2974/4787/2
f 2974/4787/2 2973/172/2 2971/174/2
f 3004/175/3 3003/4788/3 3002/176/3
f 3007/178/3 3006/192/3 3005/179/3
f 3037/182/2 3042/187/2 3041/183/2
f 3041/183/2 3040/4789/2 3038/181/2
f 3040/4789/2 3039/4790/2 3038/181/2
f 3043/4791/2 3050/4792/2 3047/184/2
f 3050/4792/2 3049/188/2 3048/3067/2
f 3050/4792/2 3048/3067/2 3047/184/2
f 3046/185/2 3045/4793/2 3044/186/2
f 3044/186/2 3043/4791/2 3047/184/2
f 3051/189/2 3056/4794/2 3054/187/2
f 3056/4794/2 3055/183/2 3054/187/2
f 3053/188/2 3052/4792/2 3051/189/2
f 3059/190/2 3058/4795/2 3057/191/2
f 3075/178/6 3074/177/6 3073/176/6
f 3764/193/3 3763/196/3 3762/194/3
f 3824/196/2 3823/193/2 3822/195/2
f 3826/198/2 3831/4796/2 3830/199/2
f 3830/199/2 3829/204/2 3828/178/2
f 3828/178/2 3827/197/2 3830/199/2
f 3832/203/2 3836/4797/2 3833/202/2
f 3836/4797/2 3835/200/2 3833/202/2
f 3837/202/2 3841/4798/2 3840/198/2
f 3840/198/2 3839/197/2 3838/203/2
f 3842/199/2 3846/4799/2 3845/196/2
f 3845/196/2 3844/194/2 3843/204/2
f 3890/207/8 3894/4800/8 3893/205/8
f 3893/205/8 3892/209/8 3891/206/8
f 3897/208/8 3896/4801/8 3895/209/8
f 3911/210/7 3910/4802/7 3909/211/7
f 3913/4803/3 3917/247/3 3914/215/3
f 3917/247/3 3916/213/3 3914/215/3
f 4420/216/7 4419/2299/7 4418/217/7
f 4741/219/2 4740/4804/2 4739/220/2
f 4743/224/2 4749/4805/2 4748/225/2
f 4747/222/2 4746/4806/2 4745/4807/2
f 4743/224/2 4748/225/2 4747/222/2
f 4747/222/2 4745/4807/2 4744/223/2
f 4750/4808/2 4754/222/2 4751/221/2
f 4754/222/2 4753/225/2 4751/221/2
f 4757/226/8 4756/241/8 4755/227/8
f 4783/231/4 4789/4809/4 4787/229/4
f 4789/4809/4 4788/4810/4 4787/229/4
f 4787/229/4 4786/233/4 4784/230/4
f 4786/233/4 4785/4811/4 4784/230/4
f 4793/232/3 4792/236/3 4791/233/3
f 4794/233/4 4798/229/4 4796/235/4
f 4798/229/4 4797/4812/4 4796/235/4
f 4801/237/4 4800/239/4 4799/236/4
f 4805/236/3 4804/232/3 4803/238/3
f 4809/240/8 4808/4813/8 4807/227/8
f 4811/244/4 4816/314/4 4815/4814/4
f 4814/242/4 4813/4815/4 4812/243/4
f 4811/244/4 4815/4814/4 4814/242/4
f 4904/4816/4 4909/4811/4 4908/233/4
f 4907/236/4 4906/239/4 4905/245/4
f 4904/4816/4 4908/233/4 4905/245/4
f 4910/4817/2 4917/4818/2 4912/225/2
f 4917/4818/2 4916/4819/2 4912/225/2
f 4915/246/2 4914/4804/2 4913/219/2
f 4916/4819/2 4915/246/2 4912/225/2
f 4912/225/2 4911/4805/2 4910/4817/2
f 4921/247/3 4920/4803/3 4919/248/3
f 4922/4820/3 4928/4821/3 4923/251/3
f 4928/4821/3 4927/252/3 4923/251/3
f 4927/252/3 4926/4822/3 4924/250/3
f 4926/4822/3 4925/4823/3 4924/250/3
f 5234/4771/2 5241/4770/2 5240/4824/2
f 5239/253/2 5238/4825/2 5237/2372/2
f 5234/4771/2 5240/4824/2 5235/255/2
f 5240/4824/2 5239/253/2 5235/255/2
f 5239/253/2 5237/2372/2 5236/254/2
f 7078/256/3 7077/4826/3 7076/257/3
f 7082/145/3 7081/144/3 7080/259/3
f 7086/150/1 7085/149/1 7084/144/1
f 7090/260/3 7089/277/3 7088/261/3
f 7105/263/2 7104/276/2 7103/264/2
f 7218/266/2 7217/4827/2 7216/267/2
f 7220/267/2 7225/4827/2 7224/269/2
f 7224/269/2 7223/4828/2 7222/270/2
f 7222/270/2 7221/4829/2 7220/267/2
f 7226/272/2 7230/266/2 7229/268/2
f 7229/268/2 7228/4830/2 7227/271/2
f 7251/4828/2 7256/4831/2 7252/270/2
f 7256/4831/2 7255/273/2 7252/270/2
f 7255/273/2 7254/4832/2 7253/274/2
f 7257/276/2 7263/263/2 7262/4833/2
f 7262/4833/2 7261/272/2 7260/271/2
f 7259/275/2 7258/4834/2 7257/276/2
f 7262/4833/2 7260/271/2 7257/276/2
f 8087/260/3 8086/264/3 8085/265/3
f 8096/280/2 8100/304/2 8099/303/2
f 8099/303/2 8098/278/2 8096/280/2
f 8104/149/1 8108/150/1 8106/171/1
f 8108/150/1 8107/4785/1 8106/171/1
f 8125/4835/4 8130/283/4 8126/282/4
f 8130/283/4 8129/4836/4 8127/281/4
f 8129/4836/4 8128/4837/4 8127/281/4
f 8131/286/4 8136/4838/4 8133/284/4
f 8136/4838/4 8135/4839/4 8134/288/4
f 8133/284/4 8136/4838/4 8134/288/4
f 8165/4781/4 8169/4780/4 8166/288/4
f 8169/4780/4 8168/287/4 8166/288/4
f 8174/4840/4 8180/4836/4 8175/290/4
f 8180/4836/4 8179/283/4 8175/290/4
f 8179/283/4 8178/4841/4 8177/289/4
f 8177/289/4 8176/4842/4 8175/290/4
f 8236/293/3 8242/4843/3 8239/4844/3
f 8242/4843/3 8241/4845/3 8239/4844/3
f 8241/4845/3 8240/4846/3 8239/4844/3
f 8239/4844/3 8238/291/3 8236/293/3
f 8249/294/7 8248/4847/7 8247/295/7
f 8255/299/2 8259/200/2 8258/4797/2
f 8258/4797/2 8257/297/2 8255/299/2
f 8274/302/1 8279/316/1 8277/4848/1
f 8279/316/1 8278/318/1 8277/4848/1
f 8277/4848/1 8276/300/1 8274/302/1
f 8289/280/4 8293/279/4 8292/278/4
f 8292/278/4 8291/303/4 8289/280/4
f 8307/297/2 8311/307/2 8308/298/2
f 8311/307/2 8310/305/2 8308/298/2
f 8324/265/5 8323/264/5 8322/305/5
f 9038/310/4 9042/4849/4 9041/308/4
f 9041/308/4 9040/306/4 9039/309/4
f 9045/311/4 9044/306/4 9043/308/4
f 9047/310/4 9055/309/4 9054/4850/4
f 9047/310/4 9054/4850/4 9053/324/4
f 9049/315/4 9048/4851/4 9047/310/4
f 9051/314/4 9050/244/4 9049/315/4
f 9047/310/4 9053/324/4 9049/315/4
f 9053/324/4 9052/313/4 9049/315/4
f 9059/316/1 9058/4852/1 9057/317/1
f 9060/4853/1 9066/4854/1 9061/320/1
f 9066/4854/1 9065/4855/1 9061/320/1
f 9064/321/1 9063/4856/1 9062/319/1
f 9065/4855/1 9064/321/1 9061/320/1
f 9126/322/1 9125/4820/1 9124/251/1
f 9127/4850/2 9133/309/2 9132/310/2
f 9132/310/2 9131/4851/2 9130/315/2
f 9130/315/2 9129/313/2 9128/324/2
f 9128/324/2 9127/4850/2 9132/310/2
f 9136/325/8 9135/4857/8 9134/326/8
f 9140/306/2 9139/311/2 9138/312/2
f 9142/4849/2 9146/310/2 9143/308/2
f 9146/310/2 9145/309/2 9143/308/2
f 9147/4858/8 9151/4857/8 9148/329/8
f 9151/4857/8 9150/325/8 9148/329/8
f 9155/323/1 9154/4859/1 9153/330/1
usemtl material_2
f 19/331/1 17/332/1 15/333/1
f 397/334/2 395/335/2 398/336/2
f 400/337/8 399/338/8 403/339/8
f 407/335/4 405/334/4 408/336/4
f 411/340/1 409/341/1 412/342/1
f 414/343/1 413/340/1 418/344/1
f 426/345/8 425/346/8 424/347/8
f 434/348/8 432/349/8 431/350/8
f 439/351/8 437/352/8 440/353/8
f 443/348/8 441/354/8 444/355/8
f 446/351/8 445/354/8 449/356/8
f 514/357/8 512/358/8 510/359/8
f 517/360/3 515/361/3 518/362/3
f 520/363/3 519/364/3 523/362/3
f 535/365/2 534/366/2 533/367/2
f 540/367/2 538/368/2 541/369/2
f 545/370/4 544/371/4 543/365/4
f 549/372/8 547/373/8 550/374/8
f 553/375/8 552/376/8 551/372/8
f 581/377/8 580/378/8 579/379/8
f 879/380/7 877/381/7 880/382/7
f 984/341/3 982/340/3 985/342/3
f 989/383/3 988/384/3 987/385/3
f 998/386/8 996/387/8 999/339/8
f 1006/388/8 1005/389/8 1004/390/8
f 1012/334/4 1010/391/4 1013/336/4
f 1016/390/8 1014/392/8 1017/393/8
f 1021/393/8 1019/394/8 1018/349/8
f 1033/391/2 1031/334/2 1034/336/2
f 1277/395/8 1276/396/8 1275/397/8
f 1335/398/2 1333/399/2 1336/400/2
f 1339/401/2 1338/402/2 1337/403/2
f 1347/404/3 1345/405/3 1343/406/3
f 1351/407/3 1349/408/3 1352/409/3
f 1355/410/3 1354/407/3 1353/409/3
f 1360/405/3 1358/406/3 1361/411/3
f 1364/412/2 1362/413/2 1365/414/2
f 1366/415/1 1373/406/1 1369/416/1
f 1378/396/8 1377/417/8 1376/418/8
f 1382/419/1 1381/405/1 1380/411/1
f 1388/420/4 1386/421/4 1389/422/4
f 1396/423/8 1394/424/8 1397/425/8
f 1401/423/8 1399/426/8 1398/395/8
f 1417/427/2 1415/412/2 1418/403/2
f 1421/428/8 1419/429/8 1422/430/8
f 1425/430/8 1424/429/8 1423/431/8
f 1444/432/1 1442/433/1 1441/434/1
f 1447/435/2 1445/436/2 1448/437/2
f 1451/438/8 1449/439/8 1452/440/8
f 1455/405/1 1454/411/1 1453/406/1
f 1628/441/8 1627/442/8 1626/443/8
f 1633/444/8 1632/445/8 1631/446/8
f 1638/447/8 1636/443/8 1639/444/8
f 1668/448/3 1667/449/3 1666/450/3
f 1673/451/8 1671/452/8 1674/453/8
f 1677/454/4 1675/455/4 1678/456/4
f 1779/457/4 1777/458/4 1780/459/4
f 1782/460/2 1781/461/2 1785/462/2
f 1791/463/8 1789/464/8 1788/465/8
f 1795/466/8 1794/467/8 1793/468/8
f 1800/469/8 1799/470/8 1798/471/8
f 1805/468/8 1803/470/8 1806/469/8
f 1852/472/3 1850/473/3 1849/474/3
f 1854/475/3 1853/476/3 1858/474/3
f 1863/472/1 1861/473/1 1860/477/1
f 1868/478/1 1867/479/1 1874/476/1
f 2150/480/8 2148/481/8 2151/482/8
f 2427/483/1 2425/484/1 2428/485/1
f 2431/484/1 2430/486/1 2429/487/1
f 2436/488/1 2435/489/1 2434/490/1
f 2442/491/1 2440/492/1 2439/493/1
f 2446/494/1 2444/490/1 2447/491/1
f 2486/495/4 2484/496/4 2487/497/4
f 2544/488/3 2542/485/3 2545/486/3
f 2548/474/4 2547/498/4 2546/499/4
f 2553/497/4 2551/477/4 2554/500/4
f 2557/473/2 2555/497/2 2558/496/2
f 2560/501/8 2559/502/8 2563/503/8
f 2567/492/3 2565/486/3 2568/493/3
f 2571/504/8 2570/505/8 2569/506/8
f 2576/507/7 2574/508/7 2577/509/7
f 2580/484/3 2579/485/3 2578/510/3
f 2585/496/2 2583/500/2 2586/477/2
f 2589/495/2 2588/497/2 2587/496/2
f 2595/484/1 2593/488/1 2592/486/1
f 2598/495/4 2596/496/4 2599/497/4
f 5189/511/1 5187/485/1 5186/510/1
f 5208/485/3 5206/511/3 5209/510/3
f 5212/512/4 5210/413/4 5213/513/4
f 5216/514/8 5214/515/8 5217/516/8
f 5220/517/2 5218/513/2 5221/413/2
f 5253/518/4 5251/519/4 5254/520/4
f 5257/521/1 5255/522/1 5258/523/1
f 5600/524/7 5598/525/7 5601/380/7
f 5703/406/1 5701/526/1 5699/411/1
f 5714/527/1 5712/528/1 5711/529/1
f 5717/530/1 5716/531/1 5715/532/1
f 5727/533/1 5726/534/1 5725/404/1
f 5735/535/1 5733/405/1 5732/411/1
f 5740/535/1 5738/529/1 5737/406/1
f 5747/536/4 5745/492/4 5748/537/4
f 5751/421/4 5749/538/4 5752/422/4
f 5765/539/2 5763/427/2 5766/403/2
f 5769/425/8 5768/424/8 5767/540/8
f 5803/541/3 5801/542/3 5804/543/3
f 5811/544/3 5810/406/3 5809/545/3
f 5817/546/3 5815/416/3 5814/547/3
f 5829/548/8 5827/549/8 5830/428/8
f 5833/550/2 5831/435/2 5834/437/2
f 5838/439/8 5837/551/8 5836/552/8
f 5842/539/2 5840/553/2 5843/554/2
f 5880/555/8 5878/556/8 5881/557/8
f 5885/558/1 5883/559/1 5882/560/1
f 5888/559/3 5886/558/3 5889/560/3
f 5892/561/2 5890/537/2 5893/492/2
f 5917/493/2 5915/562/2 5918/563/2
f 5923/510/2 5921/564/2 5920/565/2
f 5939/566/8 5937/567/8 5940/568/8
f 5947/569/8 5945/570/8 5948/571/8
f 5950/533/3 5949/415/3 5953/572/3
f 5957/573/8 5955/574/8 5958/575/8
f 5962/576/1 5960/577/1 5959/578/1
f 5965/579/2 5963/580/2 5966/581/2
f 5969/582/4 5967/583/4 5970/584/4
f 5973/585/3 5972/586/3 5971/587/3
f 5986/486/2 5984/563/2 5987/487/2
f 5996/570/8 5994/588/8 5997/589/8
f 6001/590/1 5999/591/1 5998/592/1
f 6005/410/1 6003/534/1 6002/415/1
f 6008/567/8 6006/588/8 6009/593/8
f 6013/533/3 6012/416/3 6011/404/3
f 6017/594/8 6015/595/8 6018/596/8
f 6021/597/3 6019/560/3 6022/598/3
f 6025/599/4 6023/600/4 6026/601/4
f 6029/602/2 6027/601/2 6030/600/2
f 6040/603/8 6038/604/8 6036/605/8
f 6044/562/4 6042/493/4 6045/563/4
f 6048/588/8 6046/606/8 6049/593/8
f 6052/607/2 6050/608/2 6053/609/2
f 6058/609/2 6056/537/2 6055/610/2
f 6075/608/2 6074/563/2 6078/486/2
f 6108/605/8 6106/611/8 6109/612/8
f 6112/411/3 6110/529/3 6113/613/3
f 6116/614/8 6114/605/8 6117/588/8
f 6120/493/4 6118/487/4 6121/563/4
f 6135/615/4 6133/616/4 6136/617/4
f 6190/618/8 6188/619/8 6191/620/8
f 6194/621/8 6193/622/8 6192/618/8
f 6208/530/1 6206/544/1 6205/406/1
f 6251/620/8 6250/619/8 6249/623/8
f 6256/624/1 6254/625/1 6257/530/1
f 6260/626/2 6258/485/2 6261/627/2
f 6264/628/8 6263/629/8 6262/630/8
f 6273/631/2 6272/632/2 6271/633/2
f 6278/634/2 6276/635/2 6279/636/2
f 6291/633/4 6289/631/4 6292/637/4
f 6301/638/2 6299/632/2 6298/631/2
f 6309/410/3 6307/639/3 6310/640/3
f 6323/632/2 6321/637/2 6324/631/2
f 6331/616/4 6329/641/4 6332/642/4
f 6362/613/1 6360/404/1 6359/410/1
f 6365/633/4 6363/631/4 6366/637/4
f 6371/631/4 6369/643/4 6368/638/4
f 6376/644/1 6374/645/1 6373/646/1
f 6381/647/8 6379/648/8 6382/649/8
f 6385/650/4 6383/651/4 6386/652/4
f 6393/653/3 6391/654/3 6394/655/3
f 6397/656/3 6395/657/3 6398/658/3
f 6401/659/2 6399/660/2 6402/661/2
f 6405/662/2 6403/663/2 6406/664/2
f 6410/665/1 6408/666/1 6407/667/1
f 6413/668/8 6411/669/8 6414/670/8
f 6420/671/1 6419/672/1 6416/673/1
f 6424/406/3 6423/529/3 6427/411/3
f 6441/674/3 6440/530/3 6438/675/3
f 6444/676/1 6447/677/1 6445/678/1
f 6453/679/7 6452/680/7 6450/681/7
f 6458/682/8 6457/683/8 6456/684/8
f 6464/544/3 6462/624/3 6465/406/3
f 6472/685/8 6470/686/8 6473/687/8
f 6476/688/8 6474/689/8 6477/690/8
f 6482/689/8 6480/683/8 6479/691/8
f 6488/685/8 6486/692/8 6485/684/8
f 6697/693/8 6695/694/8 6698/695/8
f 6715/332/3 6714/696/3 6712/450/3
f 6725/475/1 6724/697/1 6723/698/1
f 6731/698/1 6729/450/1 6728/699/1
f 6732/476/1 6738/700/1 6735/478/1
f 6791/449/1 6789/700/1 6792/701/1
f 6795/702/8 6793/703/8 6796/704/8
f 6799/704/8 6798/705/8 6797/706/8
f 6812/537/4 6811/610/4 6810/707/4
f 6816/703/8 6815/708/8 6818/709/8
f 6823/537/4 6821/563/4 6824/562/4
f 6877/710/8 6876/711/8 6874/712/8
f 6883/713/4 6882/601/4 6881/714/4
f 6888/715/4 6886/716/4 6889/717/4
f 6893/717/4 6892/716/4 6891/718/4
f 6899/719/2 6896/720/2 6895/721/2
f 6904/722/2 6902/723/2 6905/724/2
f 6908/601/2 6906/725/2 6909/713/2
f 6913/631/2 6911/725/2 6910/726/2
f 6916/475/3 6915/727/3 6919/728/3
f 6925/729/3 6923/730/3 6922/477/3
f 6929/731/3 6928/732/3 6927/733/3
f 6935/734/3 6933/732/3 6932/731/3
f 6938/474/1 6937/473/1 6936/735/1
f 6945/736/1 6943/730/1 6946/727/1
f 6949/737/8 6948/738/8 6947/739/8
f 6955/738/8 6953/740/8 6952/741/8
f 6961/742/8 6959/743/8 6958/744/8
f 6966/745/8 6964/746/8 6967/747/8
f 6971/748/2 6969/749/2 6968/750/2
f 6975/751/2 6973/752/2 6976/748/2
f 6983/749/4 6981/753/4 6984/750/4
f 6987/754/8 6986/755/8 6985/756/8
f 6992/755/8 6990/757/8 6993/756/8
f 7010/758/3 7008/759/3 7006/760/3
f 7030/761/8 7028/762/8 7031/763/8
f 7035/404/1 7033/533/1 7032/534/1
f 7042/764/2 7040/765/2 7043/766/2
f 7047/767/1 7045/768/1 7044/769/1
f 7050/770/3 7049/416/3 7048/404/3
f 7055/771/4 7053/772/4 7056/773/4
f 7059/774/8 7057/775/8 7060/776/8
f 7392/777/2 7390/634/2 7393/636/2
f 7397/687/8 7396/686/8 7394/778/8
f 7507/779/2 7505/780/2 7504/781/2
f 7511/724/2 7509/782/2 7512/779/2
f 7515/783/2 7514/784/2 7513/781/2
f 7520/714/4 7518/785/4 7521/786/4
f 7530/739/8 7529/741/8 7528/787/8
f 7552/788/8 7550/789/8 7553/761/8
f 7565/790/2 7563/764/2 7566/766/2
f 7569/791/3 7567/792/3 7570/793/3
f 7692/794/3 7690/795/3 7693/796/3
f 7696/797/8 7694/798/8 7697/799/8
f 7700/800/4 7698/801/4 7701/802/4
f 7716/523/1 7714/803/1 7713/521/1
f 10075/804/8 10073/805/8 10076/806/8
f 10079/807/8 10077/808/8 10080/809/8
f 10082/804/8 10081/808/8 10085/810/8
f 10090/806/8 10088/811/8 10087/812/8
f 10177/813/3 10176/814/3 10179/815/3
f 10184/816/2 10182/817/2 10185/818/2
f 10187/814/1 10186/813/1 10190/815/1
f 10194/819/4 10192/818/4 10195/817/4
f 10313/820/8 10311/821/8 10310/822/8
f 10318/823/8 10316/824/8 10315/825/8
f 10323/826/8 10321/825/8 10324/820/8
f 10328/827/8 10326/828/8 10325/829/8
f 10484/830/1 10482/831/1 10485/832/1
f 10487/833/8 10486/824/8 10490/834/8
f 10494/835/3 10492/832/3 10495/831/3
f 10498/836/2 10496/837/2 10499/838/2
f 10503/838/2 10501/518/2 10500/520/2
f 10507/839/2 10506/840/2 10505/837/2
f 10672/841/4 10671/842/4 10670/843/4
f 10712/799/8 10710/844/8 10713/845/8
f 10717/796/3 10715/846/3 10714/847/3
f 10726/830/3 10724/848/3 10723/849/3
f 10745/850/2 10744/840/2 10748/843/2
f 10770/848/1 10769/851/1 10768/852/1
f 10776/853/1 10774/854/1 10773/830/1
f 10813/855/8 10811/822/8 10810/856/8
f 10874/485/1 10872/488/1 10871/486/1
f 10877/486/3 10875/510/3 10878/487/3
f 10883/490/3 10881/483/3 10879/486/3
f 10887/492/3 10886/857/3 10885/491/3
f 10892/858/3 10891/494/3 10890/491/3
f 10897/859/4 10896/860/4 10895/861/4
f 10903/862/4 10901/843/4 10900/839/4
f 10907/840/4 10905/861/4 10908/862/4
f 10911/863/4 10909/859/4 10912/864/4
f 10915/492/1 10914/493/1 10913/858/1
f 10919/865/8 10918/866/8 10923/867/8
f 10927/868/8 10925/866/8 10928/869/8
f 10932/865/8 10931/870/8 10930/871/8
f 10953/510/1 10951/486/1 10950/487/1
f 10956/872/2 10954/864/2 10957/859/2
f 10960/868/8 10958/873/8 10961/874/8
f 10965/859/2 10963/839/2 10962/843/2
f 11010/875/7 11008/876/7 11011/877/7
f 11014/878/4 11012/497/4 11015/879/4
f 11018/482/8 11016/880/8 11019/881/8
f 11022/495/2 11020/879/2 11023/497/2
f 11026/488/3 11024/485/3 11027/486/3
f 11031/485/1 11029/488/1 11028/486/1
f 11106/882/7 11104/883/7 11107/884/7
f 11110/885/1 11108/406/1 11111/886/1
f 11114/887/8 11112/888/8 11115/889/8
f 11118/890/3 11116/891/3 11119/624/3
f 11122/892/4 11120/635/4 11123/893/4
f 11126/894/2 11124/893/2 11127/635/2
f 15/333/1 20/450/1 19/331/1
f 19/331/1 18/449/1 17/332/1
f 17/332/1 16/4860/1 15/333/1
f 397/334/2 396/371/2 395/335/2
f 399/338/8 404/4861/8 403/339/8
f 403/339/8 402/387/8 400/337/8
f 402/387/8 401/4862/8 400/337/8
f 407/335/4 406/371/4 405/334/4
f 411/340/1 410/4863/1 409/341/1
f 413/340/1 419/342/1 418/344/1
f 418/344/1 417/385/1 414/343/1
f 417/385/1 416/384/1 415/383/1
f 414/343/1 417/385/1 415/383/1
f 424/347/8 430/4864/8 426/345/8
f 430/4864/8 429/352/8 426/345/8
f 428/4865/8 427/4866/8 426/345/8
f 429/352/8 428/4865/8 426/345/8
f 431/350/8 436/356/8 435/4867/8
f 434/348/8 433/4868/8 432/349/8
f 431/350/8 435/4867/8 434/348/8
f 439/351/8 438/4865/8 437/352/8
f 443/348/8 442/4867/8 441/354/8
f 445/354/8 450/4867/8 449/356/8
f 449/356/8 448/4866/8 446/351/8
f 448/4866/8 447/4865/8 446/351/8
f 509/4869/8 514/357/8 510/359/8
f 514/357/8 513/4870/8 512/358/8
f 512/358/8 511/4871/8 510/359/8
f 517/360/3 516/4872/3 515/361/3
f 519/364/3 524/360/3 523/362/3
f 523/362/3 522/4873/3 521/4874/3
f 521/4874/3 520/363/3 523/362/3
f 533/367/2 537/369/2 536/335/2
f 536/335/2 535/365/2 533/367/2
f 540/367/2 539/4875/2 538/368/2
f 542/335/4 546/368/4 543/365/4
f 546/368/4 545/370/4 543/365/4
f 549/372/8 548/376/8 547/373/8
f 551/372/8 555/4876/8 554/4877/8
f 554/4877/8 553/375/8 551/372/8
f 579/379/8 583/4878/8 582/4879/8
f 582/4879/8 581/377/8 579/379/8
f 879/380/7 878/525/7 877/381/7
f 984/341/3 983/4863/3 982/340/3
f 986/344/3 995/342/3 992/4880/3
f 995/342/3 994/340/3 993/4881/3
f 986/344/3 992/4880/3 991/678/3
f 993/4881/3 992/4880/3 995/342/3
f 991/678/3 990/4882/3 986/344/3
f 990/4882/3 989/383/3 986/344/3
f 986/344/3 989/383/3 987/385/3
f 998/386/8 997/4883/8 996/387/8
f 1004/390/8 1009/4864/8 1006/388/8
f 1009/4864/8 1008/347/8 1006/388/8
f 1008/347/8 1007/4884/8 1006/388/8
f 1012/334/4 1011/4885/4 1010/391/4
f 1016/390/8 1015/389/8 1014/392/8
f 1018/349/8 1022/4868/8 1021/393/8
f 1021/393/8 1020/392/8 1019/394/8
f 1033/391/2 1032/4885/2 1031/334/2
f 1275/397/8 1280/4886/8 1277/395/8
f 1280/4886/8 1279/4887/8 1278/4888/8
f 1280/4886/8 1278/4888/8 1277/395/8
f 1335/398/2 1334/4889/2 1333/399/2
f 1337/403/2 1341/554/2 1340/553/2
f 1340/553/2 1339/401/2 1337/403/2
f 1342/529/3 1348/410/3 1347/404/3
f 1347/404/3 1346/416/3 1345/405/3
f 1345/405/3 1344/544/3 1343/406/3
f 1343/406/3 1342/529/3 1347/404/3
f 1351/407/3 1350/415/3 1349/408/3
f 1353/409/3 1357/4890/3 1356/404/3
f 1356/404/3 1355/410/3 1353/409/3
f 1360/405/3 1359/544/3 1358/406/3
f 1364/412/2 1363/517/2 1362/413/2
f 1366/415/1 1374/529/1 1373/406/1
f 1373/406/1 1372/544/1 1371/2384/1
f 1371/2384/1 1370/4891/1 1373/406/1
f 1370/4891/1 1369/416/1 1373/406/1
f 1369/416/1 1368/533/1 1367/4892/1
f 1367/4892/1 1366/415/1 1369/416/1
f 1375/4893/8 1379/397/8 1376/418/8
f 1379/397/8 1378/396/8 1376/418/8
f 1380/411/1 1385/406/1 1383/4891/1
f 1385/406/1 1384/544/1 1383/4891/1
f 1383/4891/1 1382/419/1 1380/411/1
f 1388/420/4 1387/2080/4 1386/421/4
f 1396/423/8 1395/4894/8 1394/424/8
f 1398/395/8 1402/4888/8 1401/423/8
f 1401/423/8 1400/425/8 1399/426/8
f 1417/427/2 1416/4694/2 1415/412/2
f 1421/428/8 1420/549/8 1419/429/8
f 1423/431/8 1427/4895/8 1425/430/8
f 1427/4895/8 1426/2349/8 1425/430/8
f 1444/432/1 1443/4896/1 1442/433/1
f 1447/435/2 1446/4897/2 1445/436/2
f 1451/438/8 1450/4898/8 1449/439/8
f 1453/406/1 1457/624/1 1456/890/1
f 1456/890/1 1455/405/1 1453/406/1
f 1626/443/8 1630/4899/8 1629/4900/8
f 1629/4900/8 1628/441/8 1626/443/8
f 1631/446/8 1635/4901/8 1633/444/8
f 1635/4901/8 1634/447/8 1633/444/8
f 1638/447/8 1637/4899/8 1636/443/8
f 1666/450/3 1670/333/3 1668/448/3
f 1670/333/3 1669/4860/3 1668/448/3
f 1673/451/8 1672/4902/8 1671/452/8
f 1677/454/4 1676/4903/4 1675/455/4
f 1779/457/4 1778/2080/4 1777/458/4
f 1781/461/2 1786/2955/2 1785/462/2
f 1785/462/2 1784/4904/2 1782/460/2
f 1784/4904/2 1783/3079/2 1782/460/2
f 1787/4905/8 1792/4906/8 1791/463/8
f 1791/463/8 1790/4907/8 1789/464/8
f 1788/465/8 1787/4905/8 1791/463/8
f 1793/468/8 1797/4908/8 1796/4909/8
f 1796/4909/8 1795/466/8 1793/468/8
f 1798/471/8 1802/4910/8 1800/469/8
f 1802/4910/8 1801/4911/8 1800/469/8
f 1805/468/8 1804/467/8 1803/470/8
f 1852/472/3 1851/477/3 1850/473/3
f 1853/476/3 1859/472/3 1858/474/3
f 1858/474/3 1857/696/3 1854/475/3
f 1857/696/3 1856/449/3 1855/450/3
f 1854/475/3 1857/696/3 1855/450/3
f 1863/472/1 1862/474/1 1861/473/1
f 1864/474/1 1875/472/1 1865/4912/1
f 1875/472/1 1874/476/1 1865/4912/1
f 1873/475/1 1872/450/1 1871/449/1
f 1874/476/1 1873/475/1 1869/4860/1
f 1865/4912/1 1874/476/1 1866/498/1
f 1866/498/1 1874/476/1 1867/479/1
f 1873/475/1 1871/449/1 1870/4913/1
f 1873/475/1 1870/4913/1 1869/4860/1
f 1868/478/1 1874/476/1 1869/4860/1
f 2150/480/8 2149/505/8 2148/481/8
f 2427/483/1 2426/4914/1 2425/484/1
f 2429/487/1 2433/510/1 2431/484/1
f 2433/510/1 2432/485/1 2431/484/1
f 2434/490/1 2438/4915/1 2437/486/1
f 2437/486/1 2436/488/1 2434/490/1
f 2439/493/1 2443/494/1 2442/491/1
f 2442/491/1 2441/857/1 2440/492/1
f 2446/494/1 2445/4915/1 2444/490/1
f 2486/495/4 2485/473/4 2484/496/4
f 2544/488/3 2543/483/3 2542/485/3
f 2546/499/4 2550/496/4 2548/474/4
f 2550/496/4 2549/473/4 2548/474/4
f 2553/497/4 2552/496/4 2551/477/4
f 2557/473/2 2556/495/2 2555/497/2
f 2559/502/8 2564/4916/8 2563/503/8
f 2563/503/8 2562/480/8 2560/501/8
f 2562/480/8 2561/482/8 2560/501/8
f 2567/492/3 2566/488/3 2565/486/3
f 2569/506/8 2573/480/8 2572/4917/8
f 2572/4917/8 2571/504/8 2569/506/8
f 2576/507/7 2575/4918/7 2574/508/7
f 2578/510/3 2582/487/3 2580/484/3
f 2582/487/3 2581/486/3 2580/484/3
f 2585/496/2 2584/497/2 2583/500/2
f 2587/496/2 2591/499/2 2590/498/2
f 2590/498/2 2589/495/2 2587/496/2
f 2595/484/1 2594/4914/1 2593/488/1
f 2598/495/4 2597/473/4 2596/496/4
f 5189/511/1 5188/627/1 5187/485/1
f 5208/485/3 5207/627/3 5206/511/3
f 5212/512/4 5211/517/4 5210/413/4
f 5216/514/8 5215/4919/8 5214/515/8
f 5220/517/2 5219/512/2 5218/513/2
f 5253/518/4 5252/839/4 5251/519/4
f 5257/521/1 5256/2346/1 5255/522/1
f 5600/524/7 5599/4920/7 5598/525/7
f 5698/613/1 5705/529/1 5704/528/1
f 5703/406/1 5702/544/1 5701/526/1
f 5698/613/1 5704/528/1 5699/411/1
f 5704/528/1 5703/406/1 5699/411/1
f 5701/526/1 5700/405/1 5699/411/1
f 5714/527/1 5713/532/1 5712/528/1
f 5715/532/1 5720/527/1 5719/675/1
f 5719/675/1 5718/624/1 5715/532/1
f 5718/624/1 5717/530/1 5715/532/1
f 5725/404/1 5730/411/1 5729/405/1
f 5729/405/1 5728/416/1 5725/404/1
f 5728/416/1 5727/533/1 5725/404/1
f 5731/613/1 5736/4921/1 5735/535/1
f 5735/535/1 5734/419/1 5733/405/1
f 5732/411/1 5731/613/1 5735/535/1
f 5740/535/1 5739/4921/1 5738/529/1
f 5747/536/4 5746/561/4 5745/492/4
f 5751/421/4 5750/4922/4 5749/538/4
f 5765/539/2 5764/2372/2 5763/427/2
f 5767/540/8 5771/2371/8 5769/425/8
f 5771/2371/8 5770/426/8 5769/425/8
f 5803/541/3 5802/4923/3 5801/542/3
f 5809/545/3 5813/535/3 5812/419/3
f 5812/419/3 5811/544/3 5809/545/3
f 5817/546/3 5816/404/3 5815/416/3
f 5829/548/8 5828/2381/8 5827/549/8
f 5833/550/2 5832/4924/2 5831/435/2
f 5835/4925/8 5839/440/8 5836/552/8
f 5839/440/8 5838/439/8 5836/552/8
f 5842/539/2 5841/2372/2 5840/553/2
f 5880/555/8 5879/4926/8 5878/556/8
f 5885/558/1 5884/4927/1 5883/559/1
f 5888/559/3 5887/4927/3 5886/558/3
f 5892/561/2 5891/536/2 5890/537/2
f 5917/493/2 5916/610/2 5915/562/2
f 5919/488/2 5924/487/2 5920/565/2
f 5924/487/2 5923/510/2 5920/565/2
f 5923/510/2 5922/483/2 5921/564/2
f 5939/566/8 5938/589/8 5937/567/8
f 5947/569/8 5946/4928/8 5945/570/8
f 5949/415/3 5954/768/3 5953/572/3
f 5953/572/3 5952/4929/3 5951/4930/3
f 5951/4930/3 5950/533/3 5953/572/3
f 5957/573/8 5956/4931/8 5955/574/8
f 5962/576/1 5961/4932/1 5960/577/1
f 5965/579/2 5964/4933/2 5963/580/2
f 5969/582/4 5968/4934/4 5967/583/4
f 5971/587/3 5975/4935/3 5973/585/3
f 5975/4935/3 5974/4936/3 5973/585/3
f 5986/486/2 5985/493/2 5984/563/2
f 5996/570/8 5995/614/8 5994/588/8
f 6001/590/1 6000/4937/1 5999/591/1
f 6005/410/1 6004/404/1 6003/534/1
f 6008/567/8 6007/589/8 6006/588/8
f 6010/410/3 6014/415/3 6011/404/3
f 6014/415/3 6013/533/3 6011/404/3
f 6017/594/8 6016/4938/8 6015/595/8
f 6021/597/3 6020/559/3 6019/560/3
f 6025/599/4 6024/602/4 6023/600/4
f 6029/602/2 6028/599/2 6027/601/2
f 6036/605/8 6041/612/8 6040/603/8
f 6040/603/8 6039/4939/8 6038/604/8
f 6038/604/8 6037/606/8 6036/605/8
f 6044/562/4 6043/610/4 6042/493/4
f 6048/588/8 6047/605/8 6046/606/8
f 6052/607/2 6051/563/2 6050/608/2
f 6054/562/2 6059/607/2 6055/610/2
f 6059/607/2 6058/609/2 6055/610/2
f 6058/609/2 6057/4940/2 6056/537/2
f 6074/563/2 6079/487/2 6078/486/2
f 6078/486/2 6077/488/2 6075/608/2
f 6077/488/2 6076/492/2 6075/608/2
f 6108/605/8 6107/2386/8 6106/611/8
f 6112/411/3 6111/406/3 6110/529/3
f 6116/614/8 6115/2386/8 6114/605/8
f 6120/493/4 6119/486/4 6118/487/4
f 6135/615/4 6134/715/4 6133/616/4
f 6190/618/8 6189/4941/8 6188/619/8
f 6192/618/8 6196/620/8 6195/4942/8
f 6195/4942/8 6194/621/8 6192/618/8
f 6208/530/1 6207/625/1 6206/544/1
f 6249/623/8 6253/4943/8 6251/620/8
f 6253/4943/8 6252/4942/8 6251/620/8
f 6256/624/1 6255/890/1 6254/625/1
f 6260/626/2 6259/483/2 6258/485/2
f 6262/630/8 6266/4944/8 6265/4945/8
f 6265/4945/8 6264/628/8 6262/630/8
f 6271/633/2 6275/627/2 6274/511/2
f 6274/511/2 6273/631/2 6271/633/2
f 6278/634/2 6277/894/2 6276/635/2
f 6291/633/4 6290/632/4 6289/631/4
f 6297/4572/2 6302/4573/2 6301/638/2
f 6301/638/2 6300/643/2 6299/632/2
f 6298/631/2 6297/4572/2 6301/638/2
f 6309/410/3 6308/529/3 6307/639/3
f 6323/632/2 6322/633/2 6321/637/2
f 6331/616/4 6330/4946/4 6329/641/4
f 6362/613/1 6361/411/1 6360/404/1
f 6365/633/4 6364/632/4 6363/631/4
f 6367/4573/4 6372/4572/4 6371/631/4
f 6371/631/4 6370/632/4 6369/643/4
f 6368/638/4 6367/4573/4 6371/631/4
f 6373/646/1 6378/4947/1 6377/4948/1
f 6376/644/1 6375/4949/1 6374/645/1
f 6373/646/1 6377/4948/1 6376/644/1
f 6381/647/8 6380/4950/8 6379/648/8
f 6385/650/4 6384/4951/4 6383/651/4
f 6393/653/3 6392/4952/3 6391/654/3
f 6397/656/3 6396/4953/3 6395/657/3
f 6401/659/2 6400/4954/2 6399/660/2
f 6405/662/2 6404/4955/2 6403/663/2
f 6410/665/1 6409/341/1 6408/666/1
f 6413/668/8 6412/4956/8 6411/669/8
f 6415/341/1 6422/665/1 6421/2413/1
f 6415/341/1 6421/2413/1 6420/671/1
f 6418/676/1 6417/4863/1 6419/672/1
f 6417/4863/1 6416/673/1 6419/672/1
f 6416/673/1 6415/341/1 6420/671/1
f 6423/529/3 6428/613/3 6427/411/3
f 6427/411/3 6426/405/3 6424/406/3
f 6426/405/3 6425/544/3 6424/406/3
f 6438/675/3 6443/529/3 6441/674/3
f 6443/529/3 6442/406/3 6441/674/3
f 6440/530/3 6439/624/3 6438/675/3
f 6444/676/1 6449/672/1 6448/4957/1
f 6448/4957/1 6447/677/1 6444/676/1
f 6447/677/1 6446/4958/1 6445/678/1
f 6450/681/7 6455/4959/7 6453/679/7
f 6455/4959/7 6454/4960/7 6453/679/7
f 6452/680/7 6451/4961/7 6450/681/7
f 6456/684/8 6461/2417/8 6458/682/8
f 6461/2417/8 6460/4962/8 6458/682/8
f 6460/4962/8 6459/4963/8 6458/682/8
f 6464/544/3 6463/890/3 6462/624/3
f 6472/685/8 6471/4964/8 6470/686/8
f 6476/688/8 6475/679/8 6474/689/8
f 6478/2414/8 6484/686/8 6479/691/8
f 6484/686/8 6483/4964/8 6479/691/8
f 6482/689/8 6481/679/8 6480/683/8
f 6483/4964/8 6482/689/8 6479/691/8
f 6485/684/8 6490/688/8 6489/690/8
f 6488/685/8 6487/687/8 6486/692/8
f 6485/684/8 6489/690/8 6488/685/8
f 6697/693/8 6696/4965/8 6695/694/8
f 6712/450/3 6718/476/3 6715/332/3
f 6718/476/3 6717/498/3 6716/4966/3
f 6715/332/3 6718/476/3 6716/4966/3
f 6714/696/3 6713/449/3 6712/450/3
f 6723/698/1 6727/4967/1 6726/700/1
f 6726/700/1 6725/475/1 6723/698/1
f 6731/698/1 6730/697/1 6729/450/1
f 6732/476/1 6739/475/1 6738/700/1
f 6738/700/1 6737/2715/1 6736/332/1
f 6735/478/1 6734/4966/1 6732/476/1
f 6734/4966/1 6733/498/1 6732/476/1
f 6738/700/1 6736/332/1 6735/478/1
f 6791/449/1 6790/2715/1 6789/700/1
f 6795/702/8 6794/708/8 6793/703/8
f 6797/706/8 6801/4968/8 6799/704/8
f 6801/4968/8 6800/702/8 6799/704/8
f 6810/707/4 6814/539/4 6813/2372/4
f 6813/2372/4 6812/537/4 6810/707/4
f 6815/708/8 6820/4969/8 6819/4970/8
f 6819/4970/8 6818/709/8 6815/708/8
f 6818/709/8 6817/4971/8 6816/703/8
f 6823/537/4 6822/492/4 6821/563/4
f 6874/712/8 6880/4972/8 6877/710/8
f 6880/4972/8 6879/740/8 6878/4973/8
f 6880/4972/8 6878/4973/8 6877/710/8
f 6876/711/8 6875/4974/8 6874/712/8
f 6881/714/4 6885/786/4 6883/713/4
f 6885/786/4 6884/631/4 6883/713/4
f 6888/715/4 6887/4975/4 6886/716/4
f 6890/4976/4 6894/4977/4 6891/718/4
f 6894/4977/4 6893/717/4 6891/718/4
f 6895/721/2 6901/4978/2 6900/722/2
f 6899/719/2 6898/4979/2 6896/720/2
f 6898/4979/2 6897/4980/2 6896/720/2
f 6895/721/2 6900/722/2 6899/719/2
f 6904/722/2 6903/4978/2 6902/723/2
f 6908/601/2 6907/626/2 6906/725/2
f 6910/726/2 6914/4981/2 6913/631/2
f 6913/631/2 6912/713/2 6911/725/2
f 6915/727/3 6921/4982/3 6920/734/3
f 6919/728/3 6918/333/3 6917/4983/3
f 6915/727/3 6920/734/3 6919/728/3
f 6917/4983/3 6916/475/3 6919/728/3
f 6922/477/3 6926/476/3 6925/729/3
f 6925/729/3 6924/733/3 6923/730/3
f 6927/733/3 6931/729/3 6929/731/3
f 6931/729/3 6930/4984/3 6929/731/3
f 6935/734/3 6934/4982/3 6933/732/3
f 6936/735/1 6942/736/1 6940/479/1
f 6942/736/1 6941/2715/1 6940/479/1
f 6936/735/1 6940/479/1 6939/498/1
f 6939/498/1 6938/474/1 6936/735/1
f 6945/736/1 6944/735/1 6943/730/1
f 6947/739/8 6951/4985/8 6949/737/8
f 6951/4985/8 6950/742/8 6949/737/8
f 6952/741/8 6956/739/8 6955/738/8
f 6955/738/8 6954/4973/8 6953/740/8
f 6957/4974/8 6963/745/8 6962/747/8
f 6961/742/8 6960/4985/8 6959/743/8
f 6957/4974/8 6962/747/8 6958/744/8
f 6962/747/8 6961/742/8 6958/744/8
f 6966/745/8 6965/711/8 6964/746/8
f 6968/750/2 6972/751/2 6971/748/2
f 6971/748/2 6970/2441/2 6969/749/2
f 6975/751/2 6974/753/2 6973/752/2
f 6983/749/4 6982/2442/4 6981/753/4
f 6985/756/8 6989/4986/8 6988/4987/8
f 6988/4987/8 6987/754/8 6985/756/8
f 6992/755/8 6991/4988/8 6990/757/8
f 7006/760/3 7011/4989/3 7010/758/3
f 7010/758/3 7009/4990/3 7008/759/3
f 7008/759/3 7007/4991/3 7006/760/3
f 7030/761/8 7029/789/8 7028/762/8
f 7035/404/1 7034/416/1 7033/533/1
f 7042/764/2 7041/4992/2 7040/765/2
f 7047/767/1 7046/415/1 7045/768/1
f 7048/404/3 7052/534/3 7050/770/3
f 7052/534/3 7051/533/3 7050/770/3
f 7055/771/4 7054/4993/4 7053/772/4
f 7059/774/8 7058/4994/8 7057/775/8
f 7392/777/2 7391/4995/2 7390/634/2
f 7394/778/8 7399/4996/8 7397/687/8
f 7399/4996/8 7398/692/8 7397/687/8
f 7396/686/8 7395/2414/8 7394/778/8
f 7504/781/2 7508/2446/2 7507/779/2
f 7507/779/2 7506/782/2 7505/780/2
f 7511/724/2 7510/723/2 7509/782/2
f 7513/781/2 7517/780/2 7516/2457/2
f 7516/2457/2 7515/783/2 7513/781/2
f 7520/714/4 7519/2482/4 7518/785/4
f 7528/787/8 7535/4997/8 7530/739/8
f 7535/4997/8 7534/4998/8 7531/4985/8
f 7530/739/8 7535/4997/8 7531/4985/8
f 7533/4999/8 7532/743/8 7531/4985/8
f 7534/4998/8 7533/4999/8 7531/4985/8
f 7552/788/8 7551/5000/8 7550/789/8
f 7565/790/2 7564/5001/2 7563/764/2
f 7569/791/3 7568/5002/3 7567/792/3
f 7692/794/3 7691/5003/3 7690/795/3
f 7696/797/8 7695/5004/8 7694/798/8
f 7700/800/4 7699/5005/4 7698/801/4
f 7716/523/1 7715/4509/1 7714/803/1
f 10075/804/8 10074/5006/8 10073/805/8
f 10079/807/8 10078/5007/8 10077/808/8
f 10081/808/8 10086/5007/8 10085/810/8
f 10085/810/8 10084/5008/8 10082/804/8
f 10084/5008/8 10083/5006/8 10082/804/8
f 10087/812/8 10092/807/8 10091/809/8
f 10090/806/8 10089/805/8 10088/811/8
f 10087/812/8 10091/809/8 10090/806/8
f 10176/814/3 10181/5009/3 10180/5010/3
f 10180/5010/3 10179/815/3 10176/814/3
f 10179/815/3 10178/5011/3 10177/813/3
f 10184/816/2 10183/819/2 10182/817/2
f 10186/813/1 10191/5011/1 10190/815/1
f 10190/815/1 10189/5010/1 10187/814/1
f 10189/5010/1 10188/5009/1 10187/814/1
f 10194/819/4 10193/816/4 10192/818/4
f 10310/822/8 10314/826/8 10313/820/8
f 10313/820/8 10312/833/8 10311/821/8
f 10315/825/8 10320/5012/8 10319/5013/8
f 10318/823/8 10317/5014/8 10316/824/8
f 10315/825/8 10319/5013/8 10318/823/8
f 10323/826/8 10322/5012/8 10321/825/8
f 10325/829/8 10330/868/8 10329/869/8
f 10328/827/8 10327/5015/8 10326/828/8
f 10325/829/8 10329/869/8 10328/827/8
f 10484/830/1 10483/835/1 10482/831/1
f 10486/824/8 10491/5014/8 10490/834/8
f 10490/834/8 10489/5016/8 10487/833/8
f 10489/5016/8 10488/821/8 10487/833/8
f 10494/835/3 10493/830/3 10492/832/3
f 10498/836/2 10497/5017/2 10496/837/2
f 10500/520/2 10504/836/2 10503/838/2
f 10503/838/2 10502/850/2 10501/518/2
f 10505/837/2 10509/5017/2 10508/519/2
f 10508/519/2 10507/839/2 10505/837/2
f 10670/843/4 10674/859/4 10672/841/4
f 10674/859/4 10673/872/4 10672/841/4
f 10712/799/8 10711/798/8 10710/844/8
f 10717/796/3 10716/795/3 10715/846/3
f 10726/830/3 10725/2461/3 10724/848/3
f 10744/840/2 10749/839/2 10748/843/2
f 10748/843/2 10747/859/2 10745/850/2
f 10747/859/2 10746/518/2 10745/850/2
f 10768/852/1 10772/853/1 10771/849/1
f 10771/849/1 10770/848/1 10768/852/1
f 10776/853/1 10775/852/1 10774/854/1
f 10810/856/8 10814/5018/8 10813/855/8
f 10813/855/8 10812/5013/8 10811/822/8
f 10874/485/1 10873/483/1 10872/488/1
f 10877/486/3 10876/485/3 10875/510/3
f 10879/486/3 10884/4915/3 10883/490/3
f 10883/490/3 10882/489/3 10881/483/3
f 10881/483/3 10880/485/3 10879/486/3
f 10885/491/3 10889/494/3 10888/493/3
f 10888/493/3 10887/492/3 10885/491/3
f 10890/491/3 10894/490/3 10892/858/3
f 10894/490/3 10893/4915/3 10892/858/3
f 10895/861/4 10899/850/4 10898/518/4
f 10898/518/4 10897/859/4 10895/861/4
f 10900/839/4 10904/840/4 10903/862/4
f 10903/862/4 10902/5019/4 10901/843/4
f 10907/840/4 10906/850/4 10905/861/4
f 10911/863/4 10910/872/4 10909/859/4
f 10913/858/1 10917/486/1 10916/488/1
f 10916/488/1 10915/492/1 10913/858/1
f 10918/866/8 10924/5020/8 10923/867/8
f 10923/867/8 10922/5021/8 10919/865/8
f 10922/5021/8 10921/5022/8 10919/865/8
f 10921/5022/8 10920/870/8 10919/865/8
f 10927/868/8 10926/5020/8 10925/866/8
f 10929/5015/8 10933/827/8 10930/871/8
f 10933/827/8 10932/865/8 10930/871/8
f 10953/510/1 10952/485/1 10951/486/1
f 10956/872/2 10955/863/2 10954/864/2
f 10960/868/8 10959/829/8 10958/873/8
f 10962/843/2 10967/842/2 10966/872/2
f 10965/859/2 10964/518/2 10963/839/2
f 10962/843/2 10966/872/2 10965/859/2
f 11010/875/7 11009/508/7 11008/876/7
f 11014/878/4 11013/495/4 11012/497/4
f 11018/482/8 11017/481/8 11016/880/8
f 11022/495/2 11021/878/2 11020/879/2
f 11026/488/3 11025/483/3 11024/485/3
f 11031/485/1 11030/483/1 11029/488/1
f 11106/882/7 11105/5023/7 11104/883/7
f 11110/885/1 11109/544/1 11108/406/1
f 11114/887/8 11113/684/8 11112/888/8
f 11118/890/3 11117/5024/3 11116/891/3
f 11122/892/4 11121/894/4 11120/635/4
f 11126/894/2 11125/892/2 11124/893/2
usemtl material_3
f 23/895/7 22/896/7 21/897/7
f 30/898/7 29/899/7 28/900/7
f 883/901/7 881/902/7 884/903/7
f 887/904/7 885/901/7 888/903/7
f 892/903/7 891/902/7 890/905/7
f 896/906/7 895/904/7 894/903/7
f 3773/907/7 3770/908/7 3769/909/7
f 3783/910/7 3780/911/7 3779/912/7
f 3786/913/7 3784/914/7 3787/915/7
f 3790/910/7 3788/916/7 3791/917/7
f 3794/918/7 3792/919/7 3795/910/7
f 3804/920/7 3803/921/7 3802/922/7
f 3808/923/7 3806/924/7 3809/925/7
f 3995/926/7 3993/909/7 3996/908/7
f 5604/927/7 5602/928/7 5605/929/7
f 5608/930/7 5606/927/7 5609/929/7
f 5613/929/7 5612/928/7 5611/931/7
f 5617/932/7 5616/930/7 5615/929/7
f 7203/933/7 7202/934/7 7201/935/7
f 7209/936/7 7207/937/7 7206/938/7
f 8183/939/7 8182/940/7 8181/941/7
f 8188/942/7 8187/943/7 8186/944/7
f 8191/941/7 8189/924/7 8192/918/7
f 8195/945/7 8193/946/7 8196/947/7
f 8199/948/7 8198/949/7 8197/946/7
f 8205/947/7 8203/943/7 8202/942/7
f 8211/950/7 8210/940/7 8208/951/7
f 8214/952/7 8220/953/7 8219/954/7
f 8229/955/7 8228/950/7 8227/956/7
f 21/897/7 25/901/7 23/895/7
f 25/901/7 24/5025/7 23/895/7
f 26/5025/7 31/901/7 27/5026/7
f 31/901/7 30/898/7 28/900/7
f 27/5026/7 31/901/7 28/900/7
f 883/901/7 882/897/7 881/902/7
f 887/904/7 886/898/7 885/901/7
f 889/5027/7 893/927/7 890/905/7
f 893/927/7 892/903/7 890/905/7
f 894/903/7 898/927/7 896/906/7
f 898/927/7 897/5028/7 896/906/7
f 3766/5029/7 3775/910/7 3767/5030/7
f 3775/910/7 3774/917/7 3767/5030/7
f 3773/907/7 3772/5031/7 3770/908/7
f 3772/5031/7 3771/5032/7 3770/908/7
f 3774/917/7 3773/907/7 3769/909/7
f 3767/5030/7 3774/917/7 3768/5033/7
f 3768/5033/7 3774/917/7 3769/909/7
f 3776/918/7 3783/910/7 3779/912/7
f 3783/910/7 3782/5029/7 3781/5034/7
f 3783/910/7 3781/5034/7 3780/911/7
f 3778/5035/7 3777/5036/7 3776/918/7
f 3779/912/7 3778/5035/7 3776/918/7
f 3786/913/7 3785/5037/7 3784/914/7
f 3790/910/7 3789/919/7 3788/916/7
f 3794/918/7 3793/924/7 3792/919/7
f 3800/919/7 3805/923/7 3801/916/7
f 3805/923/7 3804/920/7 3802/922/7
f 3801/916/7 3805/923/7 3802/922/7
f 3808/923/7 3807/919/7 3806/924/7
f 3995/926/7 3994/5038/7 3993/909/7
f 5604/927/7 5603/5027/7 5602/928/7
f 5608/930/7 5607/5028/7 5606/927/7
f 5610/933/7 5614/936/7 5611/931/7
f 5614/936/7 5613/929/7 5611/931/7
f 5615/929/7 5619/936/7 5617/932/7
f 5619/936/7 5618/5039/7 5617/932/7
f 7200/5040/7 7204/936/7 7201/935/7
f 7204/936/7 7203/933/7 7201/935/7
f 7205/5041/7 7210/5039/7 7206/938/7
f 7210/5039/7 7209/936/7 7206/938/7
f 7209/936/7 7208/5040/7 7207/937/7
f 8181/941/7 8185/918/7 8184/5036/7
f 8184/5036/7 8183/939/7 8181/941/7
f 8191/941/7 8190/955/7 8189/924/7
f 8195/945/7 8194/5042/7 8193/946/7
f 8197/946/7 8201/5042/7 8200/5043/7
f 8200/5043/7 8199/948/7 8197/946/7
f 8202/942/7 8207/5044/7 8206/945/7
f 8205/947/7 8204/5045/7 8203/943/7
f 8202/942/7 8206/945/7 8205/947/7
f 8208/951/7 8213/5046/7 8211/950/7
f 8213/5046/7 8212/956/7 8211/950/7
f 8210/940/7 8209/939/7 8208/951/7
f 8214/952/7 8222/5046/7 8221/951/7
f 8214/952/7 8221/951/7 8220/953/7
f 8216/945/7 8215/5044/7 8214/952/7
f 8219/954/7 8218/5043/7 8217/5042/7
f 8217/5042/7 8216/945/7 8219/954/7
f 8216/945/7 8214/952/7 8219/954/7
f 8227/956/7 8231/925/7 8229/955/7
f 8231/925/7 8230/924/7 8229/955/7
usemtl material_4
f 34/957/2 32/958/2 35/959/2
f 226/960/3 224/961/3 223/962/3
f 230/960/3 229/962/3 228/963/3
f 233/964/3 232/965/3 237/966/3
f 242/967/3 240/965/3 239/968/3
f 313/969/7 311/970/7 314/971/7
f 315/969/7 320/972/7 319/973/7
f 336/974/7 334/975/7 333/976/7
f 340/977/7 338/972/7 341/978/7
f 348/979/7 346/980/7 349/981/7
f 359/982/7 357/976/7 356/975/7
f 365/973/7 363/983/7 362/984/7
f 368/985/7 367/974/7 372/986/7
f 380/987/7 377/988/7 376/977/7
f 606/958/4 604/957/4 607/959/4
f 949/989/2 947/957/2 950/959/2
f 954/990/2 953/991/2 952/992/2
f 961/993/2 959/994/2 958/995/2
f 1519/959/4 1517/996/4 1520/989/4
f 1525/989/4 1524/996/4 1523/997/4
f 1529/990/4 1527/998/4 1530/993/4
f 2096/999/7 2094/1000/7 2097/1001/7
f 2099/1002/7 2098/979/7 2103/1003/7
f 2111/1004/7 2109/1005/7 2112/1006/7
f 2118/1007/7 2116/1008/7 2115/1009/7
f 2124/1000/7 2122/1010/7 2121/1004/7
f 2128/1002/7 2126/1008/7 2129/979/7
f 2691/1011/7 2689/1012/7 2692/1013/7
f 2697/1014/7 2696/1015/7 2694/1012/7
f 2702/1016/7 2701/1017/7 2699/1018/7
f 2706/1019/7 2704/1020/7 2707/1021/7
f 2711/1022/7 2709/1023/7 2708/1024/7
f 2716/1025/7 2715/1026/7 2713/1027/7
f 2726/1028/7 2725/1029/7 2722/1030/7
f 2733/1027/7 2731/1011/7 2730/1013/7
f 2737/1029/7 2735/1031/7 2738/1032/7
f 5671/1033/2 5670/1034/2 5669/1035/2
f 5678/1036/2 5676/1037/2 5675/1038/2
f 5682/1039/2 5680/1040/2 5683/1036/2
f 6597/993/4 6595/1034/4 6598/1033/4
f 6603/1033/4 6602/1034/4 6601/1041/4
f 6607/1036/4 6605/1042/4 6608/1039/4
f 7285/1043/2 7283/1042/2 7286/1039/2
f 7297/1039/4 7295/1044/4 7298/1043/4
f 7305/960/1 7303/961/1 7306/1045/1
f 7310/1046/1 7309/1047/1 7308/963/1
f 7314/964/1 7313/1048/1 7317/966/1
f 7321/967/1 7319/965/1 7322/1049/1
f 7481/1050/7 7479/1051/7 7478/1052/7
f 7583/1053/7 7581/1054/7 7584/1055/7
f 7590/1056/7 7587/1057/7 7586/1058/7
f 7597/1059/7 7594/1060/7 7593/1061/7
f 7611/1062/7 7609/1063/7 7612/1064/7
f 7617/1052/7 7616/1065/7 7614/1062/7
f 7622/1066/7 7621/1067/7 7620/1068/7
f 7624/1069/7 7628/1070/7 7627/1071/7
f 7634/1070/7 7633/1057/7 7632/1072/7
f 7639/1067/7 7638/1073/7 7637/1053/7
f 7772/1074/7 7770/1075/7 7773/1076/7
f 7776/1077/7 7774/1078/7 7777/1079/7
f 7780/1080/7 7778/1081/7 7781/1082/7
f 7784/1083/7 7782/1084/7 7785/1085/7
f 7789/1086/7 7788/1087/7 7786/1085/7
f 7798/1084/7 7795/1082/7 7793/1018/7
f 11226/1088/3 11224/1089/3 11227/1090/3
f 11230/1091/7 11228/1092/7 11231/1093/7
f 11234/1094/1 11232/1090/1 11235/1089/1
f 11250/1095/2 11248/1096/2 11251/1097/2
f 11254/1098/7 11252/1099/7 11255/1100/7
f 11258/1101/4 11256/1102/4 11259/1103/4
f 11262/1104/8 11260/1105/8 11263/1106/8
f 11266/1107/1 11264/1108/1 11267/1109/1
f 34/957/2 33/5047/2 32/958/2
f 226/960/3 225/1045/3 224/961/3
f 227/1047/3 231/1046/3 228/963/3
f 231/1046/3 230/960/3 228/963/3
f 232/965/3 238/1049/3 237/966/3
f 237/966/3 236/1046/3 234/1048/3
f 236/1046/3 235/1047/3 234/1048/3
f 234/1048/3 233/964/3 237/966/3
f 242/967/3 241/1049/3 240/965/3
f 313/969/7 312/5048/7 311/970/7
f 315/969/7 322/971/7 321/978/7
f 315/969/7 321/978/7 320/972/7
f 317/5049/7 316/5050/7 318/5051/7
f 316/5050/7 315/969/7 319/973/7
f 318/5051/7 316/5050/7 319/973/7
f 332/984/7 337/988/7 336/974/7
f 336/974/7 335/985/7 334/975/7
f 333/976/7 332/984/7 336/974/7
f 340/977/7 339/983/7 338/972/7
f 348/979/7 347/1008/7 346/980/7
f 354/1008/7 360/5052/7 355/980/7
f 360/5052/7 359/982/7 356/975/7
f 355/980/7 360/5052/7 356/975/7
f 359/982/7 358/5053/7 357/976/7
f 361/976/7 366/5053/7 362/984/7
f 366/5053/7 365/973/7 362/984/7
f 365/973/7 364/972/7 363/983/7
f 367/974/7 373/5054/7 372/986/7
f 372/986/7 371/5055/7 368/985/7
f 371/5055/7 370/979/7 369/981/7
f 371/5055/7 369/981/7 368/985/7
f 374/971/7 381/970/7 380/987/7
f 380/987/7 379/5054/7 377/988/7
f 379/5054/7 378/974/7 377/988/7
f 375/978/7 374/971/7 376/977/7
f 374/971/7 380/987/7 376/977/7
f 606/958/4 605/5047/4 604/957/4
f 949/989/2 948/996/2 947/957/2
f 951/996/2 955/989/2 952/992/2
f 955/989/2 954/990/2 952/992/2
f 956/991/2 962/990/2 957/5056/2
f 962/990/2 961/993/2 958/995/2
f 957/5056/2 962/990/2 958/995/2
f 961/993/2 960/998/2 959/994/2
f 1519/959/4 1518/957/4 1517/996/4
f 1521/991/4 1526/990/4 1522/5057/4
f 1526/990/4 1525/989/4 1523/997/4
f 1522/5057/4 1526/990/4 1523/997/4
f 1529/990/4 1528/991/4 1527/998/4
f 2096/999/7 2095/5058/7 2094/1000/7
f 2098/979/7 2104/5055/7 2103/1003/7
f 2103/1003/7 2102/1001/7 2099/1002/7
f 2102/1001/7 2101/1000/7 2100/5059/7
f 2102/1001/7 2100/5059/7 2099/1002/7
f 2111/1004/7 2110/1010/7 2109/1005/7
f 2113/1004/7 2119/1006/7 2114/5060/7
f 2119/1006/7 2118/1007/7 2115/1009/7
f 2114/5060/7 2119/1006/7 2115/1009/7
f 2118/1007/7 2117/5052/7 2116/1008/7
f 2120/5060/7 2125/5059/7 2124/1000/7
f 2124/1000/7 2123/5058/7 2122/1010/7
f 2121/1004/7 2120/5060/7 2124/1000/7
f 2128/1002/7 2127/1009/7 2126/1008/7
f 2691/1011/7 2690/5061/7 2689/1012/7
f 2693/1793/7 2698/1031/7 2697/1014/7
f 2696/1015/7 2695/1013/7 2694/1012/7
f 2693/1793/7 2697/1014/7 2694/1012/7
f 2699/1018/7 2703/1541/7 2702/1016/7
f 2701/1017/7 2700/1030/7 2699/1018/7
f 2706/1019/7 2705/1023/7 2704/1020/7
f 2708/1024/7 2712/1511/7 2711/1022/7
f 2711/1022/7 2710/1020/7 2709/1023/7
f 2713/1027/7 2719/1022/7 2716/1025/7
f 2719/1022/7 2718/1511/7 2716/1025/7
f 2718/1511/7 2717/5062/7 2716/1025/7
f 2715/1026/7 2714/5063/7 2713/1027/7
f 2720/1020/7 2728/1022/7 2721/1021/7
f 2728/1022/7 2727/1027/7 2722/1030/7
f 2728/1022/7 2722/1030/7 2721/1021/7
f 2727/1027/7 2726/1028/7 2722/1030/7
f 2724/1032/7 2723/1018/7 2725/1029/7
f 2723/1018/7 2722/1030/7 2725/1029/7
f 2729/1015/7 2734/1028/7 2733/1027/7
f 2733/1027/7 2732/5063/7 2731/1011/7
f 2730/1013/7 2729/1015/7 2733/1027/7
f 2737/1029/7 2736/1014/7 2735/1031/7
f 5668/998/2 5672/993/2 5669/1035/2
f 5672/993/2 5671/1033/2 5669/1035/2
f 5673/1034/2 5679/1033/2 5674/5064/2
f 5679/1033/2 5678/1036/2 5675/1038/2
f 5674/5064/2 5679/1033/2 5675/1038/2
f 5678/1036/2 5677/1040/2 5676/1037/2
f 5682/1039/2 5681/1042/2 5680/1040/2
f 6597/993/4 6596/998/4 6595/1034/4
f 6599/1040/4 6604/1036/4 6600/5065/4
f 6604/1036/4 6603/1033/4 6601/1041/4
f 6600/5065/4 6604/1036/4 6601/1041/4
f 6607/1036/4 6606/1040/4 6605/1042/4
f 7285/1043/2 7284/1044/2 7283/1042/2
f 7297/1039/4 7296/1042/4 7295/1044/4
f 7305/960/1 7304/962/1 7303/961/1
f 7307/962/1 7311/960/1 7308/963/1
f 7311/960/1 7310/1046/1 7308/963/1
f 7312/1047/1 7318/1046/1 7313/1048/1
f 7318/1046/1 7317/966/1 7313/1048/1
f 7317/966/1 7316/1049/1 7315/965/1
f 7315/965/1 7314/964/1 7317/966/1
f 7321/967/1 7320/968/1 7319/965/1
f 7478/1052/7 7482/5066/7 7481/1050/7
f 7481/1050/7 7480/5067/7 7479/1051/7
f 7583/1053/7 7582/1073/7 7581/1054/7
f 7585/1053/7 7591/1055/7 7586/1058/7
f 7591/1055/7 7590/1056/7 7586/1058/7
f 7590/1056/7 7589/5068/7 7588/1072/7
f 7590/1056/7 7588/1072/7 7587/1057/7
f 7592/1072/7 7598/5068/7 7593/1061/7
f 7598/5068/7 7597/1059/7 7593/1061/7
f 7597/1059/7 7596/5069/7 7595/1063/7
f 7597/1059/7 7595/1063/7 7594/1060/7
f 7611/1062/7 7610/1060/7 7609/1063/7
f 7613/1064/7 7618/5066/7 7614/1062/7
f 7618/5066/7 7617/1052/7 7614/1062/7
f 7616/1065/7 7615/5070/7 7614/1062/7
f 7619/5071/7 7623/5072/7 7620/1068/7
f 7623/5072/7 7622/1066/7 7620/1068/7
f 7624/1069/7 7630/5072/7 7629/5071/7
f 7624/1069/7 7629/5071/7 7628/1070/7
f 7626/5070/7 7625/1065/7 7627/1071/7
f 7625/1065/7 7624/1069/7 7627/1071/7
f 7631/1061/7 7635/1071/7 7632/1072/7
f 7635/1071/7 7634/1070/7 7632/1072/7
f 7636/1058/7 7640/1068/7 7637/1053/7
f 7640/1068/7 7639/1067/7 7637/1053/7
f 7772/1074/7 7771/5073/7 7770/1075/7
f 7776/1077/7 7775/5074/7 7774/1078/7
f 7780/1080/7 7779/1762/7 7778/1081/7
f 7784/1083/7 7783/5075/7 7782/1084/7
f 7786/1085/7 7792/1031/7 7791/1793/7
f 7791/1793/7 7790/1773/7 7789/1086/7
f 7788/1087/7 7787/1083/7 7786/1085/7
f 7791/1793/7 7789/1086/7 7786/1085/7
f 7793/1018/7 7799/1032/7 7798/1084/7
f 7798/1084/7 7797/5075/7 7796/1080/7
f 7795/1082/7 7794/1541/7 7793/1018/7
f 7798/1084/7 7796/1080/7 7795/1082/7
f 11226/1088/3 11225/1094/3 11224/1089/3
f 11230/1091/7 11229/5076/7 11228/1092/7
f 11234/1094/1 11233/1088/1 11232/1090/1
f 11250/1095/2 11249/5077/2 11248/1096/2
f 11254/1098/7 11253/5078/7 11252/1099/7
f 11258/1101/4 11257/5079/4 11256/1102/4
f 11262/1104/8 11261/5080/8 11260/1105/8
f 11266/1107/1 11265/5081/1 11264/1108/1
usemtl material_5
f 38/1110/2 36/1111/2 39/1112/2
f 43/1112/2 42/1111/2 41/1113/2
f 146/1114/3 144/1115/3 143/1116/3
f 148/1117/3 147/1118/3 151/1119/3
f 158/1120/3 155/1121/3 153/1116/3
f 162/1122/3 161/1123/3 166/1124/3
f 172/1124/3 170/1125/3 169/1126/3
f 176/1127/3 175/1128/3 174/1129/3
f 181/1130/3 180/1131/3 179/1132/3
f 186/1113/3 185/1126/3 184/1133/3
f 192/1126/3 191/1125/3 190/1134/3
f 196/1135/3 195/1136/3 194/1137/3
f 202/1138/3 201/1139/3 200/1140/3
f 208/1141/3 207/1123/3 206/1140/3
f 213/1142/3 212/1143/3 211/1144/3
f 218/1145/3 217/1121/3 216/1118/3
f 247/1146/3 245/1122/3 244/1147/3
f 487/1148/8 485/1149/8 488/1150/8
f 491/1151/3 489/1114/3 492/1116/3
f 495/1152/2 493/1153/2 496/1154/2
f 503/1113/4 501/1154/4 504/1153/4
f 612/1111/4 610/1155/4 609/1156/4
f 618/1157/4 616/1158/4 615/1113/4
f 916/1159/2 914/1160/2 917/1161/2
f 920/1160/2 919/1162/2 918/1163/2
f 925/1164/2 924/1163/2 923/1165/2
f 930/1166/2 928/1110/2 931/1112/2
f 934/1167/2 933/1168/2 932/1166/2
f 939/1169/2 937/1170/2 940/1166/2
f 944/1171/2 943/1159/2 942/1161/2
f 1481/1167/4 1478/1172/4 1477/1173/4
f 1485/1174/4 1484/1175/4 1483/1176/4
f 1490/1171/4 1488/1177/4 1491/1165/4
f 1494/1178/4 1492/1179/4 1495/1174/4
f 1506/1180/4 1504/1157/4 1507/1181/4
f 1510/1173/4 1509/1172/4 1508/1180/4
f 1515/1176/4 1513/1182/4 1516/1177/4
f 1539/1183/3 1537/1184/3 1540/1185/3
f 1543/1186/8 1541/1187/8 1544/1188/8
f 1682/1184/1 1680/1183/1 1679/1185/1
f 1689/1189/4 1687/1174/4 1690/1179/4
f 5630/1190/2 5629/1191/2 5628/1192/2
f 5638/1165/2 5637/1193/2 5636/1194/2
f 5643/1195/2 5641/1196/2 5640/1197/2
f 5648/1198/2 5647/1199/2 5646/1200/2
f 5653/1197/2 5651/1201/2 5650/1198/2
f 5658/1202/2 5657/1203/2 5656/1204/2
f 5662/1201/2 5660/1202/2 5663/1198/2
f 5666/1205/2 5664/1195/2 5667/1190/2
f 6517/1206/4 6515/1207/4 6518/1208/4
f 6521/1208/4 6520/1209/4 6519/1210/4
f 6529/1201/4 6527/1211/4 6526/1212/4
f 6540/1213/4 6535/1214/4 6534/1215/4
f 6559/1216/4 6557/1212/4 6560/1217/4
f 6563/1218/4 6562/1219/4 6561/1216/4
f 6569/1217/4 6567/1211/4 6566/1220/4
f 6573/1182/4 6572/1221/4 6571/1222/4
f 6579/1223/4 6577/1224/4 6576/1225/4
f 6583/1215/4 6581/1226/4 6584/1223/4
f 6587/1226/4 6586/1214/4 6585/1227/4
f 6593/1228/4 6591/1229/4 6590/1222/4
f 7276/1230/2 7274/1203/2 7277/1202/2
f 7281/1231/2 7280/1232/2 7279/1233/2
f 7293/1231/4 7291/1233/4 7294/1232/4
f 7302/1114/1 7300/1151/1 7299/1116/1
f 7328/1124/1 7326/1123/1 7325/1122/1
f 7333/1234/1 7332/1235/1 7331/1113/1
f 7337/1118/1 7336/1236/1 7339/1119/1
f 7343/1237/1 7349/1120/1 7344/1121/1
f 7353/1115/1 7351/1114/1 7354/1116/1
f 7357/1238/4 7355/1239/4 7358/1240/4
f 7361/1233/2 7359/1240/2 7362/1239/2
f 7365/1241/8 7363/1242/8 7366/1243/8
f 7377/1244/1 7376/1143/1 7375/1142/1
f 7387/1118/1 7386/1245/1 7385/1246/1
f 7403/1246/1 7401/1237/1 7400/1247/1
f 7407/1248/1 7406/1249/1 7405/1247/1
f 7462/1250/1 7460/1145/1 7459/1121/1
f 7465/1130/1 7464/1251/1 7463/1252/1
f 7484/1146/1 7483/1253/1 7487/1147/1
f 7501/1254/1 7500/1255/1 7499/1129/1
f 7526/1140/1 7524/1138/1 7523/1256/1
f 7538/1141/1 7537/1113/1 7536/1257/1
f 7543/1258/4 7541/1218/4 7544/1203/4
f 7577/1259/1 7576/1135/1 7575/1257/1
f 38/1110/2 37/1135/2 36/1111/2
f 40/1158/2 44/5082/2 41/1113/2
f 44/5082/2 43/1112/2 41/1113/2
f 146/1114/3 145/5083/3 144/1115/3
f 147/1118/3 152/5084/3 151/1119/3
f 151/1119/3 150/5085/3 148/1117/3
f 150/5085/3 149/5086/3 148/1117/3
f 153/1116/3 159/1115/3 158/1120/3
f 158/1120/3 157/5084/3 155/1121/3
f 157/5084/3 156/1118/3 155/1121/3
f 155/1121/3 154/1151/3 153/1116/3
f 160/1141/3 166/1124/3 161/1123/3
f 166/1124/3 165/5083/3 162/1122/3
f 165/5083/3 164/1114/3 162/1122/3
f 164/1114/3 163/1147/3 162/1122/3
f 167/1235/3 173/1234/3 168/1113/3
f 173/1234/3 172/1124/3 169/1126/3
f 172/1124/3 171/1141/3 170/1125/3
f 169/1126/3 168/1113/3 173/1234/3
f 174/1129/3 178/1255/3 177/1254/3
f 177/1254/3 176/1127/3 174/1129/3
f 179/1132/3 183/1252/3 181/1130/3
f 183/1252/3 182/1251/3 181/1130/3
f 184/1133/3 188/5087/3 187/5088/3
f 187/5088/3 186/1113/3 184/1133/3
f 189/5089/3 193/1133/3 190/1134/3
f 193/1133/3 192/1126/3 190/1134/3
f 194/1137/3 199/1235/3 197/5088/3
f 199/1235/3 198/1113/3 197/5088/3
f 197/5088/3 196/1135/3 194/1137/3
f 200/1140/3 205/1123/3 203/1256/3
f 205/1123/3 204/1122/3 203/1256/3
f 203/1256/3 202/1138/3 200/1140/3
f 206/1140/3 210/1134/3 208/1141/3
f 210/1134/3 209/1125/3 208/1141/3
f 211/1144/3 215/1117/3 213/1142/3
f 215/1117/3 214/5086/3 213/1142/3
f 216/1118/3 222/1117/3 220/5090/3
f 222/1117/3 221/1144/3 220/5090/3
f 220/5090/3 219/1248/3 216/1118/3
f 219/1248/3 218/1145/3 216/1118/3
f 243/1151/3 250/1121/3 248/1253/3
f 250/1121/3 249/1145/3 248/1253/3
f 248/1253/3 247/1146/3 244/1147/3
f 247/1146/3 246/1256/3 245/1122/3
f 244/1147/3 243/1151/3 248/1253/3
f 487/1148/8 486/5091/8 485/1149/8
f 491/1151/3 490/1147/3 489/1114/3
f 495/1152/2 494/1113/2 493/1153/2
f 503/1113/4 502/1152/4 501/1154/4
f 608/1110/4 613/1112/4 609/1156/4
f 613/1112/4 612/1111/4 609/1156/4
f 612/1111/4 611/1135/4 610/1155/4
f 614/1111/4 620/1112/4 619/1181/4
f 618/1157/4 617/5082/4 616/1158/4
f 614/1111/4 619/1181/4 615/1113/4
f 619/1181/4 618/1157/4 615/1113/4
f 916/1159/2 915/1162/2 914/1160/2
f 918/1163/2 922/1164/2 920/1160/2
f 922/1164/2 921/5092/2 920/1160/2
f 923/1165/2 927/5093/2 925/1164/2
f 927/5093/2 926/5094/2 925/1164/2
f 930/1166/2 929/1170/2 928/1110/2
f 932/1166/2 936/1112/2 934/1167/2
f 936/1112/2 935/5082/2 934/1167/2
f 939/1169/2 938/5095/2 937/1170/2
f 941/1169/2 946/1166/2 942/1161/2
f 946/1166/2 945/1168/2 944/1171/2
f 942/1161/2 946/1166/2 944/1171/2
f 1475/1179/4 1482/5096/4 1477/1173/4
f 1482/5096/4 1481/1167/4 1477/1173/4
f 1481/1167/4 1480/5082/4 1479/1157/4
f 1481/1167/4 1479/1157/4 1478/1172/4
f 1476/1189/4 1475/1179/4 1477/1173/4
f 1483/1176/4 1487/1171/4 1485/1174/4
f 1487/1171/4 1486/1178/4 1485/1174/4
f 1490/1171/4 1489/1176/4 1488/1177/4
f 1494/1178/4 1493/5096/4 1492/1179/4
f 1506/1180/4 1505/1172/4 1504/1157/4
f 1508/1180/4 1512/5097/4 1511/5098/4
f 1511/5098/4 1510/1173/4 1508/1180/4
f 1515/1176/4 1514/5099/4 1513/1182/4
f 1539/1183/3 1538/1235/3 1537/1184/3
f 1543/1186/8 1542/5100/8 1541/1187/8
f 1682/1184/1 1681/1235/1 1680/1183/1
f 1689/1189/4 1688/1175/4 1687/1174/4
f 5628/1192/2 5634/1194/2 5633/1193/2
f 5632/1213/2 5631/1205/2 5630/1190/2
f 5628/1192/2 5633/1193/2 5630/1190/2
f 5633/1193/2 5632/1213/2 5630/1190/2
f 5635/5101/2 5639/5093/2 5636/1194/2
f 5639/5093/2 5638/1165/2 5636/1194/2
f 5640/1197/2 5644/5102/2 5643/1195/2
f 5643/1195/2 5642/5103/2 5641/1196/2
f 5645/5104/2 5649/5105/2 5646/1200/2
f 5649/5105/2 5648/1198/2 5646/1200/2
f 5650/1198/2 5654/5105/2 5653/1197/2
f 5653/1197/2 5652/1196/2 5651/1201/2
f 5655/1199/2 5659/1198/2 5656/1204/2
f 5659/1198/2 5658/1202/2 5656/1204/2
f 5662/1201/2 5661/1231/2 5660/1202/2
f 5666/1205/2 5665/5103/2 5664/1195/2
f 6517/1206/4 6516/5106/4 6515/1207/4
f 6519/1210/4 6523/1201/4 6521/1208/4
f 6523/1201/4 6522/1206/4 6521/1208/4
f 6524/1218/4 6530/1231/4 6525/1219/4
f 6530/1231/4 6529/1201/4 6526/1212/4
f 6525/1219/4 6530/1231/4 6526/1212/4
f 6529/1201/4 6528/1210/4 6527/1211/4
f 6531/1207/4 6541/5106/4 6533/1225/4
f 6541/5106/4 6540/1213/4 6533/1225/4
f 6540/1213/4 6539/1165/4 6537/1229/4
f 6539/1165/4 6538/1177/4 6537/1229/4
f 6532/5107/4 6531/1207/4 6533/1225/4
f 6540/1213/4 6537/1229/4 6536/1227/4
f 6540/1213/4 6536/1227/4 6535/1214/4
f 6534/1215/4 6533/1225/4 6540/1213/4
f 6559/1216/4 6558/1219/4 6557/1212/4
f 6561/1216/4 6565/5108/4 6564/1203/4
f 6564/1203/4 6563/1218/4 6561/1216/4
f 6566/1220/4 6570/5109/4 6569/1217/4
f 6569/1217/4 6568/1212/4 6567/1211/4
f 6571/1222/4 6575/1229/4 6574/1177/4
f 6574/1177/4 6573/1182/4 6571/1222/4
f 6576/1225/4 6580/1215/4 6579/1223/4
f 6579/1223/4 6578/5110/4 6577/1224/4
f 6583/1215/4 6582/1214/4 6581/1226/4
f 6585/1227/4 6589/1228/4 6587/1226/4
f 6589/1228/4 6588/5111/4 6587/1226/4
f 6590/1222/4 6594/5112/4 6593/1228/4
f 6593/1228/4 6592/1227/4 6591/1229/4
f 7276/1230/2 7275/1258/2 7274/1203/2
f 7278/1230/2 7282/1202/2 7279/1233/2
f 7282/1202/2 7281/1231/2 7279/1233/2
f 7293/1231/4 7292/1218/4 7291/1233/4
f 7302/1114/1 7301/1147/1 7300/1151/1
f 7323/1114/1 7329/5083/1 7325/1122/1
f 7329/5083/1 7328/1124/1 7325/1122/1
f 7328/1124/1 7327/1141/1 7326/1123/1
f 7325/1122/1 7324/1147/1 7323/1114/1
f 7330/1141/1 7334/1124/1 7331/1113/1
f 7334/1124/1 7333/1234/1 7331/1113/1
f 7335/5086/1 7340/5085/1 7336/1236/1
f 7340/5085/1 7339/1119/1 7336/1236/1
f 7339/1119/1 7338/5084/1 7337/1118/1
f 7341/1118/1 7350/5084/1 7342/1245/1
f 7350/5084/1 7349/1120/1 7343/1237/1
f 7349/1120/1 7348/1115/1 7347/1116/1
f 7347/1116/1 7346/1151/1 7345/1250/1
f 7347/1116/1 7345/1250/1 7349/1120/1
f 7345/1250/1 7344/1121/1 7349/1120/1
f 7350/5084/1 7343/1237/1 7342/1245/1
f 7353/1115/1 7352/5083/1 7351/1114/1
f 7357/1238/4 7356/1233/4 7355/1239/4
f 7361/1233/2 7360/1238/2 7359/1240/2
f 7365/1241/8 7364/5113/8 7363/1242/8
f 7375/1142/1 7380/5086/1 7378/5114/1
f 7380/5086/1 7379/1236/1 7378/5114/1
f 7378/5114/1 7377/1244/1 7375/1142/1
f 7385/1246/1 7389/5114/1 7387/1118/1
f 7389/5114/1 7388/1236/1 7387/1118/1
f 7400/1247/1 7404/5115/1 7403/1246/1
f 7403/1246/1 7402/1245/1 7401/1237/1
f 7405/1247/1 7410/1237/1 7408/1145/1
f 7410/1237/1 7409/1121/1 7408/1145/1
f 7408/1145/1 7407/1248/1 7405/1247/1
f 7462/1250/1 7461/1253/1 7460/1145/1
f 7463/1252/1 7467/1132/1 7465/1130/1
f 7467/1132/1 7466/1131/1 7465/1130/1
f 7483/1253/1 7489/1250/1 7488/1151/1
f 7487/1147/1 7486/1122/1 7484/1146/1
f 7486/1122/1 7485/1256/1 7484/1146/1
f 7483/1253/1 7488/1151/1 7487/1147/1
f 7499/1129/1 7503/1128/1 7502/1127/1
f 7502/1127/1 7501/1254/1 7499/1129/1
f 7522/1122/1 7527/1123/1 7523/1256/1
f 7527/1123/1 7526/1140/1 7523/1256/1
f 7526/1140/1 7525/1139/1 7524/1138/1
f 7536/1257/1 7540/1140/1 7538/1141/1
f 7540/1140/1 7539/1123/1 7538/1141/1
f 7543/1258/4 7542/1233/4 7541/1218/4
f 7575/1257/1 7580/1113/1 7579/1235/1
f 7579/1235/1 7578/1136/1 7575/1257/1
f 7578/1136/1 7577/1259/1 7575/1257/1
usemtl material_6
f 47/1260/8 46/1261/8 45/1262/8
f 54/1261/8 53/1260/8 52/1263/8
f 60/1264/8 58/1265/8 61/1266/8
f 64/1265/8 63/1267/8 62/1268/8
f 69/1266/8 68/1269/8 73/1270/8
f 77/1271/8 75/1272/8 78/1269/8
f 80/1270/8 79/1273/8 82/1274/8
f 90/1275/8 88/1276/8 87/1277/8
f 94/1278/8 93/1279/8 92/1280/8
f 99/1281/8 98/1282/8 103/1283/8
f 107/1284/8 105/1281/8 108/1285/8
f 111/1286/8 110/1287/8 109/1288/8
f 116/1276/8 115/1289/8 114/1290/8
f 122/1291/8 120/1292/8 123/1293/8
f 128/1294/8 126/1276/8 124/1295/8
f 135/1296/8 133/1297/8 132/1298/8
f 141/1299/8 140/1300/8 138/1293/8
f 623/1301/8 622/1302/8 621/1303/8
f 628/1303/8 627/1302/8 626/1304/8
f 633/1305/8 631/1306/8 634/1307/8
f 638/1308/8 637/1309/8 636/1310/8
f 643/1311/8 642/1312/8 641/1308/8
f 648/1313/8 647/1306/8 646/1314/8
f 652/1315/8 651/1310/8 650/1309/8
f 659/1316/8 657/1317/8 656/1318/8
f 663/1319/8 662/1320/8 661/1321/8
f 668/1322/8 666/1323/8 669/1324/8
f 671/1325/8 675/1317/8 672/1326/8
f 680/1307/8 678/1319/8 677/1327/8
f 688/1328/8 687/1329/8 684/1330/8
f 696/1331/8 695/1332/8 693/1333/8
f 700/1334/8 698/1335/8 701/1336/8
f 705/1337/8 704/1331/8 703/1338/8
f 709/1339/8 707/1332/8 710/1340/8
f 720/1341/8 715/1342/8 714/1343/8
f 723/1344/8 722/1345/8 727/1336/8
f 731/1334/8 729/1346/8 732/1337/8
f 734/1347/8 733/1348/8 737/1349/8
f 741/1350/8 740/1351/8 744/1352/8
f 747/1287/8 746/1353/8 749/1354/8
f 756/1355/8 754/1356/8 753/1357/8
f 764/1348/8 762/1358/8 759/1359/8
f 768/1360/8 766/1361/8 769/1362/8
f 774/1363/8 773/1364/8 771/1365/8
f 778/1366/8 776/1367/8 779/1368/8
f 781/1369/8 780/1370/8 783/1371/8
f 790/1360/8 788/1366/8 787/1368/8
f 794/1369/8 792/1372/8 795/1364/8
f 798/1373/8 797/1374/8 796/1375/8
f 803/1376/8 802/1377/8 801/1378/8
f 808/1377/8 806/1375/8 809/1378/8
f 815/1379/8 814/1377/8 811/1354/8
f 821/1356/8 820/1359/8 819/1380/8
f 828/1361/8 826/1345/8 825/1344/8
f 833/1365/8 831/1345/8 834/1381/8
f 836/1382/8 835/1383/8 839/1384/8
f 844/1385/8 843/1386/8 842/1387/8
f 849/1350/8 848/1388/8 847/1389/8
f 852/1324/8 851/1390/8 854/1388/8
f 862/1391/8 860/1385/8 859/1392/8
f 867/1387/8 865/1393/8 868/1394/8
f 874/1395/8 872/1396/8 871/1397/8
f 2068/1398/8 2066/1399/8 2069/1400/8
f 2074/1401/8 2072/1399/8 2071/1402/8
f 2201/1403/7 2199/1404/7 2198/1405/7
f 2205/1405/7 2204/1406/7 2203/1407/7
f 2210/1408/7 2208/1409/7 2207/1410/7
f 2215/1411/7 2213/1410/7 2212/1412/7
f 2217/1413/7 2220/1404/7 2218/1414/7
f 2226/1415/7 2224/1409/7 2223/1416/7
f 2229/1417/7 2227/1418/7 2230/1415/7
f 2777/1419/8 2776/1420/8 2775/1421/8
f 2781/1422/8 2780/1423/8 2779/1424/8
f 2787/1425/8 2785/1384/8 2788/1426/8
f 2791/1427/8 2790/1423/8 2789/1422/8
f 2796/1428/8 2794/1429/8 2797/1430/8
f 2802/1431/8 2800/1420/8 2798/1432/8
f 2808/1433/8 2806/1431/8 2805/1434/8
f 3068/1435/7 3066/1407/7 3065/1436/7
f 3113/1437/7 3112/1438/7 3111/1436/7
f 3118/1439/7 3116/1440/7 3119/1441/7
f 3125/1442/7 3122/1437/7 3121/1443/7
f 3750/1444/8 3749/1445/8 3753/1446/8
f 3859/1447/8 3857/1448/8 3856/1449/8
f 3991/1449/8 3989/1450/8 3992/1451/8
f 4052/1439/7 4050/1452/7 4049/1453/7
f 4059/1454/7 4057/1455/7 4055/1450/7
f 4138/1456/8 4136/1457/8 4139/1458/8
f 4142/1459/8 4141/1460/8 4140/1461/8
f 4145/1462/8 4151/1031/8 4147/1463/8
f 4158/1464/8 4155/1465/8 4161/1028/8
f 4164/1014/8 4163/1459/8 4162/1466/8
f 4169/1029/8 4167/1459/8 4170/1014/8
f 4173/1467/8 4171/1468/8 4174/1469/8
f 4177/1470/8 4175/1469/8 4178/1471/8
f 4181/1472/8 4179/1471/8 4182/1473/8
f 4186/1474/9 4184/1472/9 4183/1473/9
f 4190/1475/8 4189/1476/8 4187/1474/8
f 4196/1458/8 4195/1477/8 4194/1478/8
f 4206/1479/8 4204/1480/8 4203/1028/8
f 4214/1472/8 4213/1481/8 4211/1482/8
f 4222/1476/8 4220/1483/8 4223/1482/8
f 4226/1483/8 4225/1475/8 4224/1484/8
f 4228/1485/8 4232/1486/8 4229/1487/8
f 4237/1488/10 4235/1489/10 4234/1490/10
f 4241/1490/4 4239/1491/4 4238/1492/4
f 4244/1491/8 4242/1493/8 4245/1492/8
f 4248/1494/8 4246/1495/8 4249/1493/8
f 4252/1495/8 4251/1496/8 4250/1497/8
f 4255/1498/8 4253/1499/8 4256/1497/8
f 4259/1500/8 4257/1501/8 4260/1499/8
f 4263/1501/8 4262/1502/8 4261/1503/8
f 4267/1461/8 4265/1465/8 4264/1504/8
f 4274/1505/8 4273/1504/8 4270/1506/8
f 4280/1507/8 4278/1508/8 4277/1509/8
f 4285/1030/8 4284/1017/8 4283/1510/8
f 4288/1020/8 4286/1019/8 4289/1021/8
f 4292/1024/8 4290/1020/8 4293/1511/8
f 4297/1512/8 4296/1513/8 4301/1030/8
f 4310/1514/8 4308/1464/8 4307/1515/8
f 4314/1464/8 4312/1516/8 4315/1515/8
f 4318/1517/8 4316/1518/8 4319/1516/8
f 4323/1519/8 4321/1520/8 4320/1025/8
f 4328/1521/8 4326/1522/8 4329/1519/8
f 4332/1523/8 4330/1524/8 4333/1522/8
f 4336/1524/8 4335/1525/8 4334/1513/8
f 4340/1526/8 4338/1508/8 4337/1527/8
f 4343/1528/8 4342/1016/8 4346/1529/8
f 4350/1530/8 4348/1526/8 4351/1016/8
f 4358/1017/8 4357/1531/8 4354/1529/8
f 4363/1514/8 4362/1532/8 4361/1533/8
f 4694/1534/8 4692/1535/8 4695/1536/8
f 4725/1537/8 4723/1538/8 4726/1539/8
f 4884/1540/2 4882/1530/2 4885/1541/2
f 4892/1542/2 4890/1543/2 4893/1544/2
f 4895/1545/4 4894/1546/4 4898/1541/4
f 4902/1547/3 4900/1016/3 4903/1548/3
f 4973/1549/7 4971/1550/7 4969/1551/7
f 4976/1552/7 4975/1553/7 4981/1554/7
f 4991/1555/7 4989/1556/7 4988/1557/7
f 5001/1558/7 5000/1559/7 4999/1560/7
f 5007/1561/7 5005/1557/7 5004/1556/7
f 5010/1562/7 5009/1563/7 5013/1564/7
f 5017/1565/7 5016/1562/7 5015/1566/7
f 5034/1567/7 5032/1568/7 5035/1417/7
f 5261/1569/8 5260/1570/8 5259/1571/8
f 5266/1572/8 5265/1573/8 5264/1574/8
f 5271/1575/8 5270/1576/8 5274/1577/8
f 5280/1578/8 5279/1579/8 5278/1580/8
f 5288/1581/8 5284/1570/8 5283/1569/8
f 5290/1582/8 5296/1578/8 5293/1583/8
f 5301/1584/8 5300/1585/8 5298/1586/8
f 5306/1587/8 5304/1588/8 5307/1585/8
f 5310/1589/8 5308/1582/8 5311/1584/8
f 5314/1590/8 5312/1591/8 5315/1592/8
f 5318/1592/8 5317/1593/8 5316/1571/8
f 5323/1594/8 5321/1595/8 5324/1596/8
f 5328/1597/8 5326/1598/8 5325/1599/8
f 5333/1600/8 5331/1601/8 5334/1602/8
f 5339/1603/8 5338/1604/8 5336/1605/8
f 5346/1606/8 5345/1607/8 5342/1608/8
f 5351/1609/8 5350/1608/8 5349/1610/8
f 5357/1611/8 5355/1602/8 5354/1612/8
f 5364/1613/8 5363/1601/8 5362/1614/8
f 5367/1615/8 5366/1339/8 5370/1616/8
f 5377/1616/8 5374/1617/8 5373/1618/8
f 5383/1619/8 5381/1620/8 5380/1609/8
f 5387/1621/8 5386/1622/8 5389/1623/8
f 5395/1624/8 5394/1625/8 5392/1626/8
f 5400/1621/8 5398/1617/8 5401/1625/8
f 5404/1624/8 5402/1627/8 5405/1622/8
f 5408/1347/8 5407/1628/8 5406/1629/8
f 5416/1630/8 5415/1629/8 5414/1631/8
f 5422/1632/8 5420/1633/8 5419/1634/8
f 5426/1630/8 5424/1635/8 5427/1636/8
f 5431/1632/8 5430/1637/8 5429/1638/8
f 5438/1639/8 5437/1640/8 5435/1641/8
f 5442/1642/8 5441/1358/8 5440/1643/8
f 5447/1644/8 5445/1645/8 5448/1646/8
f 5451/1647/8 5449/1619/8 5452/1648/8
f 5455/1649/8 5453/1650/8 5456/1651/8
f 5459/1652/8 5457/1342/8 5460/1653/8
f 5466/1650/8 5463/1627/8 5462/1654/8
f 5472/1655/8 5471/1635/8 5470/1656/8
f 5477/1657/8 5476/1638/8 5475/1637/8
f 5484/1658/8 5481/1659/8 5480/1649/8
f 5491/1655/8 5489/1658/8 5488/1660/8
f 5498/1661/8 5496/1648/8 5495/1662/8
f 5505/1663/8 5503/1664/8 5501/1665/8
f 5509/1666/8 5508/1591/8 5507/1667/8
f 5513/1668/8 5511/1669/8 5514/1670/8
f 5517/1671/8 5515/1672/8 5518/1673/8
f 5521/1674/8 5520/1675/8 5519/1676/8
f 5530/1677/8 5527/1629/8 5525/1678/8
f 5533/1679/8 5532/1631/8 5536/1680/8
f 5542/1397/8 5540/1681/8 5539/1682/8
f 5547/1680/8 5546/1683/8 5545/1684/8
f 5552/1396/8 5551/1685/8 5550/1686/8
f 5556/1682/8 5554/1687/8 5557/1688/8
f 5562/1683/8 5561/1689/8 5560/1690/8
f 5566/1691/8 5565/1692/8 5564/1693/8
f 5572/1694/8 5571/1695/8 5574/1696/8
f 5579/1697/8 5578/1698/8 5577/1693/8
f 5584/1699/8 5583/1700/8 5582/1701/8
f 5589/1701/8 5587/1702/8 5590/1695/8
f 7130/1703/8 7128/1704/8 7131/1705/8
f 7133/1706/8 7132/1707/8 7136/1639/8
f 7144/1707/8 7142/1708/8 7140/1705/8
f 7149/1709/8 7148/1710/8 7147/1711/8
f 7155/1712/8 7153/1713/8 7152/1714/8
f 7179/1715/8 7177/1716/8 7180/1717/8
f 7183/1675/8 7182/1718/8 7181/1719/8
f 7188/1640/8 7187/1720/8 7186/1721/8
f 7194/1722/8 7193/1723/8 7192/1724/8
f 7198/1725/8 7196/1724/8 7199/1726/8
f 7966/1727/8 7964/1728/8 7967/1729/8
f 7971/1728/8 7969/1428/8 7968/1430/8
f 7979/1419/8 7976/1730/8 7975/1731/8
f 7985/1424/8 7984/1732/8 7983/1733/8
f 7989/1734/8 7987/1732/8 7990/1735/8
f 7994/1736/8 7992/1737/8 7991/1734/8
f 8159/1738/11 8157/1739/11 8160/1740/11
f 8253/1741/8 8251/1742/8 8254/1743/8
f 8269/1741/11 8267/1744/11 8266/1446/11
f 8378/1745/7 8377/1746/7 8376/1747/7
f 8386/1748/7 8384/1749/7 8383/1750/7
f 8458/1751/8 8456/1752/8 8459/1753/8
f 8462/1754/8 8461/1751/8 8460/1753/8
f 8473/1755/8 8470/1756/8 8467/1757/8
f 8482/1756/12 8480/1758/12 8479/1759/12
f 8485/1758/8 8483/1760/8 8486/1759/8
f 8489/1761/8 8488/1758/8 8494/1762/8
f 8499/1763/8 8497/1764/8 8500/1765/8
f 8504/1766/8 8503/1764/8 8502/1767/8
f 8508/1768/8 8507/1769/8 8506/1770/8
f 8514/1771/8 8512/1772/8 8511/1770/8
f 8519/1773/8 8518/1774/8 8516/1775/8
f 8526/1769/8 8524/1776/8 8523/1777/8
f 8531/1777/8 8529/1757/8 8528/1778/8
f 8534/1757/8 8532/1779/8 8535/1778/8
f 8538/1779/8 8537/1780/8 8536/1781/8
f 8541/1782/8 8539/1783/8 8542/1760/8
f 8545/1783/8 8544/1761/8 8543/1784/8
f 8549/1785/8 8547/1084/8 8546/1786/8
f 8553/1541/8 8552/1082/8 8551/1507/8
f 8558/1785/8 8556/1787/8 8555/1751/8
f 8562/1788/8 8560/1789/8 8563/1790/8
f 8566/1791/8 8565/1792/8 8564/1793/8
f 8574/1507/8 8571/1794/8 8570/1788/8
f 8579/1790/8 8577/1795/8 8576/1796/8
f 8585/1755/8 8583/1789/8 8582/1794/8
f 8593/1084/8 8591/1796/8 8590/1795/8
f 8755/1078/8 8753/1077/8 8756/1079/8
f 8767/1075/8 8765/1074/8 8768/1076/8
f 8828/1797/8 8826/1798/8 8829/1799/8
f 8954/1800/8 8952/1801/8 8955/1802/8
f 9069/1803/2 9067/1540/2 9070/1541/2
f 9079/1804/4 9077/1541/4 9080/1540/4
f 9088/1016/1 9086/1547/1 9085/1548/1
f 9247/1805/7 9246/1806/7 9245/1807/7
f 9251/1808/7 9250/1809/7 9249/1810/7
f 9878/1811/7 9876/1812/7 9879/1748/7
f 9997/1813/7 9995/1814/7 9998/1815/7
f 10005/1816/7 10003/1817/7 10006/1818/7
f 10018/1819/7 10015/1817/7 10014/1820/7
f 10022/1814/7 10021/1821/7 10020/1822/7
f 10029/1818/7 10027/1563/7 10026/1823/7
f 10036/1815/7 10034/1824/7 10033/1825/7
f 10067/1826/7 10065/1822/7 10068/1827/7
f 10335/1828/7 10333/1829/7 10332/1830/7
f 10340/1831/7 10339/1832/7 10338/1833/7
f 10344/1834/7 10343/1835/7 10342/1836/7
f 10351/1837/7 10349/1838/7 10348/1839/7
f 10357/1840/7 10355/1841/7 10354/1842/7
f 10363/1843/7 10361/1831/7 10360/1844/7
f 10366/1845/7 10365/1846/7 10369/1847/7
f 10374/1848/7 10372/1834/7 10371/1849/7
f 45/1262/8 51/5116/8 47/1260/8
f 51/5116/8 50/5117/8 47/1260/8
f 49/5118/8 48/5119/8 47/1260/8
f 50/5117/8 49/5118/8 47/1260/8
f 52/1263/8 57/5120/8 55/5121/8
f 57/5120/8 56/1290/8 55/5121/8
f 55/5121/8 54/1261/8 52/1263/8
f 60/1264/8 59/1267/8 58/1265/8
f 62/1268/8 67/5122/8 64/1265/8
f 67/5122/8 66/5123/8 65/1271/8
f 67/5122/8 65/1271/8 64/1265/8
f 68/1269/8 74/1272/8 73/1270/8
f 73/1270/8 72/5124/8 71/5125/8
f 71/5125/8 70/1264/8 73/1270/8
f 70/1264/8 69/1266/8 73/1270/8
f 77/1271/8 76/5123/8 75/1272/8
f 79/1273/8 86/5126/8 85/5127/8
f 85/5127/8 84/1376/8 83/5128/8
f 82/1274/8 81/5124/8 80/1270/8
f 85/5127/8 83/5128/8 79/1273/8
f 83/5128/8 82/1274/8 79/1273/8
f 87/1277/8 91/1283/8 90/1275/8
f 90/1275/8 89/5129/8 88/1276/8
f 92/1280/8 97/1353/8 94/1278/8
f 97/1353/8 96/1283/8 94/1278/8
f 96/1283/8 95/1277/8 94/1278/8
f 98/1282/8 104/1275/8 103/1283/8
f 103/1283/8 102/1353/8 99/1281/8
f 102/1353/8 101/1287/8 100/1286/8
f 102/1353/8 100/1286/8 99/1281/8
f 107/1284/8 106/1282/8 105/1281/8
f 109/1288/8 113/1376/8 112/5127/8
f 112/5127/8 111/1286/8 109/1288/8
f 114/1290/8 119/5120/8 117/1277/8
f 119/5120/8 118/1278/8 117/1277/8
f 117/1277/8 116/1276/8 114/1290/8
f 122/1291/8 121/5130/8 120/1292/8
f 124/1295/8 130/1293/8 128/1294/8
f 130/1293/8 129/1292/8 128/1294/8
f 128/1294/8 127/1289/8 126/1276/8
f 126/1276/8 125/5129/8 124/1295/8
f 131/1299/8 136/5131/8 135/1296/8
f 135/1296/8 134/5132/8 133/1297/8
f 132/1298/8 131/1299/8 135/1296/8
f 137/1295/8 142/5131/8 138/1293/8
f 142/5131/8 141/1299/8 138/1293/8
f 140/1300/8 139/1291/8 138/1293/8
f 621/1303/8 625/1395/8 623/1301/8
f 625/1395/8 624/5133/8 623/1301/8
f 626/1304/8 630/5134/8 628/1303/8
f 630/5134/8 629/5135/8 628/1303/8
f 633/1305/8 632/1314/8 631/1306/8
f 635/5119/8 639/5118/8 636/1310/8
f 639/5118/8 638/1308/8 636/1310/8
f 640/5118/8 644/5117/8 641/1308/8
f 644/5117/8 643/1311/8 641/1308/8
f 645/1312/8 649/1311/8 646/1314/8
f 649/1311/8 648/1313/8 646/1314/8
f 650/1309/8 654/1325/8 652/1315/8
f 654/1325/8 653/1326/8 652/1315/8
f 655/1327/8 660/5136/8 659/1316/8
f 659/1316/8 658/1390/8 657/1317/8
f 656/1318/8 655/1327/8 659/1316/8
f 661/1321/8 665/5137/8 664/1391/8
f 664/1391/8 663/1319/8 661/1321/8
f 668/1322/8 667/5138/8 666/1323/8
f 670/5139/8 676/1318/8 671/1325/8
f 676/1318/8 675/1317/8 671/1325/8
f 674/1323/8 673/5138/8 672/1326/8
f 675/1317/8 674/1323/8 672/1326/8
f 677/1327/8 683/1318/8 681/1305/8
f 683/1318/8 682/5139/8 681/1305/8
f 681/1305/8 680/1307/8 677/1327/8
f 680/1307/8 679/1320/8 678/1319/8
f 684/1330/8 691/1338/8 689/1382/8
f 691/1338/8 690/5140/8 689/1382/8
f 686/5141/8 685/1335/8 687/1329/8
f 685/1335/8 684/1330/8 687/1329/8
f 684/1330/8 689/1382/8 688/1328/8
f 692/5140/8 697/1338/8 696/1331/8
f 695/1332/8 694/1615/8 693/1333/8
f 692/5140/8 696/1331/8 693/1333/8
f 700/1334/8 699/1330/8 698/1335/8
f 702/1330/8 706/1334/8 703/1338/8
f 706/1334/8 705/1337/8 703/1338/8
f 709/1339/8 708/1615/8 707/1332/8
f 711/1339/8 721/1340/8 712/5142/8
f 721/1340/8 720/1341/8 714/1343/8
f 712/5142/8 721/1340/8 713/1626/8
f 720/1341/8 719/5143/8 718/1642/8
f 720/1341/8 718/1642/8 717/5144/8
f 713/1626/8 721/1340/8 714/1343/8
f 720/1341/8 717/5144/8 716/1653/8
f 720/1341/8 716/1653/8 715/1342/8
f 722/1345/8 728/1334/8 727/1336/8
f 727/1336/8 726/1274/8 723/1344/8
f 726/1274/8 725/5128/8 724/5145/8
f 726/1274/8 724/5145/8 723/1344/8
f 731/1334/8 730/1345/8 729/1346/8
f 733/1348/8 739/1393/8 738/5146/8
f 737/1349/8 736/1678/8 735/1628/8
f 733/1348/8 738/5146/8 737/1349/8
f 735/1628/8 734/1347/8 737/1349/8
f 740/1351/8 745/1355/8 744/1352/8
f 744/1352/8 743/1280/8 741/1350/8
f 743/1280/8 742/1279/8 741/1350/8
f 746/1353/8 751/1280/8 750/1352/8
f 750/1352/8 749/1354/8 746/1353/8
f 749/1354/8 748/1288/8 747/1287/8
f 752/1354/8 757/1352/8 753/1357/8
f 757/1352/8 756/1355/8 753/1357/8
f 756/1355/8 755/5147/8 754/1356/8
f 758/1356/8 765/5147/8 764/1348/8
f 764/1348/8 763/1347/8 762/1358/8
f 762/1358/8 761/1642/8 760/5143/8
f 759/1359/8 758/1356/8 764/1348/8
f 762/1358/8 760/5143/8 759/1359/8
f 768/1360/8 767/1381/8 766/1361/8
f 770/1381/8 775/1360/8 774/1363/8
f 773/1364/8 772/1372/8 771/1365/8
f 770/1381/8 774/1363/8 771/1365/8
f 778/1366/8 777/5148/8 776/1367/8
f 780/1370/8 785/1368/8 784/1367/8
f 784/1367/8 783/1371/8 780/1370/8
f 783/1371/8 782/5149/8 781/1369/8
f 786/1370/8 791/1363/8 790/1360/8
f 790/1360/8 789/1362/8 788/1366/8
f 787/1368/8 786/1370/8 790/1360/8
f 794/1369/8 793/5149/8 792/1372/8
f 796/1375/8 800/1379/8 799/5150/8
f 799/5150/8 798/1373/8 796/1375/8
f 801/1378/8 805/5145/8 804/5128/8
f 804/5128/8 803/1376/8 801/1378/8
f 808/1377/8 807/1379/8 806/1375/8
f 810/1357/8 818/1367/8 817/5148/8
f 810/1357/8 817/5148/8 811/1354/8
f 817/5148/8 816/5150/8 811/1354/8
f 813/1376/8 812/1288/8 814/1377/8
f 812/1288/8 811/1354/8 814/1377/8
f 811/1354/8 816/5150/8 815/1379/8
f 819/1380/8 824/1371/8 821/1356/8
f 824/1371/8 823/1367/8 821/1356/8
f 823/1367/8 822/1357/8 821/1356/8
f 825/1344/8 830/1374/8 829/1373/8
f 828/1361/8 827/1381/8 826/1345/8
f 825/1344/8 829/1373/8 828/1361/8
f 833/1365/8 832/1346/8 831/1345/8
f 835/1383/8 840/1427/8 839/1384/8
f 839/1384/8 838/5151/8 837/1328/8
f 837/1328/8 836/1382/8 839/1384/8
f 841/1394/8 845/1392/8 842/1387/8
f 845/1392/8 844/1385/8 842/1387/8
f 846/5152/8 850/1351/8 847/1389/8
f 850/1351/8 849/1350/8 847/1389/8
f 851/1390/8 856/1316/8 855/1389/8
f 855/1389/8 854/1388/8 851/1390/8
f 854/1388/8 853/1322/8 852/1324/8
f 857/1389/8 864/1316/8 858/5152/8
f 864/1316/8 863/5136/8 858/5152/8
f 862/1391/8 861/5137/8 860/1385/8
f 863/5136/8 862/1391/8 859/1392/8
f 858/5152/8 863/5136/8 859/1392/8
f 867/1387/8 866/5146/8 865/1393/8
f 869/1349/8 876/5153/8 875/5133/8
f 874/1395/8 873/1685/8 872/1396/8
f 869/1349/8 875/5133/8 874/1395/8
f 871/1397/8 870/1678/8 874/1395/8
f 870/1678/8 869/1349/8 874/1395/8
f 2068/1398/8 2067/5154/8 2066/1399/8
f 2070/1297/8 2075/5132/8 2074/1401/8
f 2074/1401/8 2073/1400/8 2072/1399/8
f 2071/1402/8 2070/1297/8 2074/1401/8
f 2201/1403/7 2200/5155/7 2199/1404/7
f 2202/5156/7 2206/1403/7 2203/1407/7
f 2206/1403/7 2205/1405/7 2203/1407/7
f 2210/1408/7 2209/1416/7 2208/1409/7
f 2211/5157/7 2216/5158/7 2212/1412/7
f 2216/5158/7 2215/1411/7 2212/1412/7
f 2215/1411/7 2214/1408/7 2213/1410/7
f 2217/1413/7 2222/5158/7 2221/5157/7
f 2221/5157/7 2220/1404/7 2217/1413/7
f 2220/1404/7 2219/5155/7 2218/1414/7
f 2226/1415/7 2225/1418/7 2224/1409/7
f 2229/1417/7 2228/1568/7 2227/1418/7
f 2774/5159/8 2778/5160/8 2775/1421/8
f 2778/5160/8 2777/1419/8 2775/1421/8
f 2779/1424/8 2784/5160/8 2781/1422/8
f 2784/5160/8 2783/5159/8 2782/5161/8
f 2784/5160/8 2782/5161/8 2781/1422/8
f 2787/1425/8 2786/5151/8 2785/1384/8
f 2789/1422/8 2793/1426/8 2791/1427/8
f 2793/1426/8 2792/1384/8 2791/1427/8
f 2796/1428/8 2795/5162/8 2794/1429/8
f 2798/1432/8 2804/1430/8 2803/1429/8
f 2802/1431/8 2801/5163/8 2800/1420/8
f 2798/1432/8 2803/1429/8 2802/1431/8
f 2800/1420/8 2799/1419/8 2798/1432/8
f 2805/1434/8 2810/5164/8 2809/5165/8
f 2808/1433/8 2807/5163/8 2806/1431/8
f 2805/1434/8 2809/5165/8 2808/1433/8
f 3068/1435/7 3067/5156/7 3066/1407/7
f 3111/1436/7 3115/1407/7 3114/1406/7
f 3114/1406/7 3113/1437/7 3111/1436/7
f 3118/1439/7 3117/5166/7 3116/1440/7
f 3120/5166/7 3126/1439/7 3121/1443/7
f 3126/1439/7 3125/1442/7 3121/1443/7
f 3125/1442/7 3124/1454/7 3122/1437/7
f 3124/1454/7 3123/1438/7 3122/1437/7
f 3749/1445/8 3755/5167/8 3754/5168/8
f 3754/5168/8 3753/1446/8 3749/1445/8
f 3753/1446/8 3752/1744/8 3751/5169/8
f 3753/1446/8 3751/5169/8 3750/1444/8
f 3855/5170/8 3860/5171/8 3856/1449/8
f 3860/5171/8 3859/1447/8 3856/1449/8
f 3859/1447/8 3858/5172/8 3857/1448/8
f 3991/1449/8 3990/1448/8 3989/1450/8
f 4048/1455/7 4053/1442/7 4049/1453/7
f 4053/1442/7 4052/1439/7 4049/1453/7
f 4052/1439/7 4051/1441/7 4050/1452/7
f 4054/1451/7 4060/5173/7 4059/1454/7
f 4059/1454/7 4058/1442/7 4057/1455/7
f 4057/1455/7 4056/5174/7 4055/1450/7
f 4055/1450/7 4054/1451/7 4059/1454/7
f 4138/1456/8 4137/5175/8 4136/1457/8
f 4140/1461/8 4144/1463/8 4142/1459/8
f 4144/1463/8 4143/1466/8 4142/1459/8
f 4145/1462/8 4152/1032/8 4151/1031/8
f 4151/1031/8 4150/1793/8 4147/1463/8
f 4150/1793/8 4149/1457/8 4148/5175/8
f 4150/1793/8 4148/5175/8 4147/1463/8
f 4146/1461/8 4145/1462/8 4147/1463/8
f 4153/1029/8 4161/1028/8 4155/1465/8
f 4161/1028/8 4160/1480/8 4159/1517/8
f 4161/1028/8 4159/1517/8 4158/1464/8
f 4155/1465/8 4154/1460/8 4153/1029/8
f 4158/1464/8 4157/5176/8 4156/5177/8
f 4156/5177/8 4155/1465/8 4158/1464/8
f 4162/1466/8 4166/5178/8 4164/1014/8
f 4166/5178/8 4165/1015/8 4164/1014/8
f 4169/1029/8 4168/1460/8 4167/1459/8
f 4173/1467/8 4172/1520/8 4171/1468/8
f 4177/1470/8 4176/1467/8 4175/1469/8
f 4181/1472/8 4180/1470/8 4179/1471/8
f 4186/1474/8 4185/1481/8 4184/1472/8
f 4187/1474/8 4193/1479/8 4192/1487/8
f 4187/1474/8 4192/1487/8 4191/1484/8
f 4189/1476/8 4188/1481/8 4187/1474/8
f 4187/1474/8 4191/1484/8 4190/1475/8
f 4194/1478/8 4199/1485/8 4197/1456/8
f 4199/1485/8 4198/5179/8 4197/1456/8
f 4197/1456/8 4196/1458/8 4194/1478/8
f 4200/5179/8 4208/1485/8 4201/5178/8
f 4208/1485/8 4207/1487/8 4201/5178/8
f 4206/1479/8 4205/1518/8 4204/1480/8
f 4207/1487/8 4206/1479/8 4203/1028/8
f 4201/5178/8 4207/1487/8 4202/1015/8
f 4202/1015/8 4207/1487/8 4203/1028/8
f 4209/1502/8 4219/1498/8 4218/1025/8
f 4218/1025/8 4217/1520/8 4216/1467/8
f 4218/1025/8 4216/1467/8 4215/1470/8
f 4210/1503/8 4209/1502/8 4214/1472/8
f 4209/1502/8 4218/1025/8 4214/1472/8
f 4213/1481/8 4212/1476/8 4211/1482/8
f 4211/1482/8 4210/1503/8 4214/1472/8
f 4218/1025/8 4215/1470/8 4214/1472/8
f 4222/1476/8 4221/1475/8 4220/1483/8
f 4227/1478/8 4233/5180/8 4232/1486/8
f 4231/1488/8 4230/1484/8 4229/1487/8
f 4227/1478/8 4232/1486/8 4228/1485/8
f 4232/1486/8 4231/1488/8 4229/1487/8
f 4237/1488/8 4236/1486/8 4235/1489/8
f 4241/1490/8 4240/1489/8 4239/1491/8
f 4244/1491/8 4243/1494/8 4242/1493/8
f 4248/1494/8 4247/1496/8 4246/1495/8
f 4255/1498/8 4254/1500/8 4253/1499/8
f 4259/1500/8 4258/1502/8 4257/1501/8
f 4264/1504/8 4268/1462/8 4267/1461/8
f 4267/1461/8 4266/1460/8 4265/1465/8
f 4269/5181/8 4276/5182/8 4275/5183/8
f 4269/5181/8 4275/5183/8 4274/1505/8
f 4272/1465/8 4271/5177/8 4270/1506/8
f 4270/1506/8 4269/5181/8 4274/1505/8
f 4273/1504/8 4272/1465/8 4270/1506/8
f 4277/1509/8 4282/1530/8 4281/1541/8
f 4280/1507/8 4279/5184/8 4278/1508/8
f 4277/1509/8 4281/1541/8 4280/1507/8
f 4288/1020/8 4287/1023/8 4286/1019/8
f 4292/1024/8 4291/1023/8 4290/1020/8
f 4294/1521/8 4306/5185/8 4305/5062/8
f 4305/5062/8 4304/1511/8 4294/1521/8
f 4304/1511/8 4303/1020/8 4302/1021/8
f 4294/1521/8 4304/1511/8 4302/1021/8
f 4302/1021/8 4301/1030/8 4296/1513/8
f 4294/1521/8 4302/1021/8 4295/1525/8
f 4301/1030/8 4300/1510/8 4297/1512/8
f 4300/1510/8 4299/1532/8 4297/1512/8
f 4299/1532/8 4298/1514/8 4297/1512/8
f 4296/1513/8 4295/1525/8 4302/1021/8
f 4307/1515/8 4311/1512/8 4310/1514/8
f 4310/1514/8 4309/5176/8 4308/1464/8
f 4314/1464/8 4313/1517/8 4312/1516/8
f 4318/1517/2 4317/1480/2 4316/1518/2
f 4320/1025/8 4325/5185/8 4324/1521/8
f 4323/1519/8 4322/1468/8 4321/1520/8
f 4320/1025/8 4324/1521/8 4323/1519/8
f 4328/1521/8 4327/1523/8 4326/1522/8
f 4332/1523/8 4331/1525/8 4330/1524/8
f 4337/1527/8 4341/1529/8 4340/1526/8
f 4340/1526/8 4339/1509/8 4338/1508/8
f 4342/1016/8 4347/1526/8 4346/1529/8
f 4346/1529/8 4345/1444/8 4343/1528/8
f 4345/1444/8 4344/5169/8 4343/1528/8
f 4350/1530/8 4349/1509/8 4348/1526/8
f 4352/1533/8 4360/1532/8 4359/1510/8
f 4352/1533/8 4359/1510/8 4358/1017/8
f 4354/1529/8 4353/1527/8 4352/1533/8
f 4356/1445/8 4355/1444/8 4357/1531/8
f 4355/1444/8 4354/1529/8 4357/1531/8
f 4352/1533/8 4358/1017/8 4354/1529/8
f 4361/1533/8 4366/1506/8 4363/1514/8
f 4366/1506/8 4365/5177/8 4364/5176/8
f 4366/1506/8 4364/5176/8 4363/1514/8
f 4694/1534/8 4693/5186/8 4692/1535/8
f 4725/1537/8 4724/5187/8 4723/1538/8
f 4884/1540/2 4883/1546/2 4882/1530/2
f 4892/1542/2 4891/1545/2 4890/1543/2
f 4894/1546/4 4899/1540/4 4898/1541/4
f 4898/1541/4 4897/1544/4 4895/1545/4
f 4897/1544/4 4896/1543/4 4895/1545/4
f 4902/1547/3 4901/5188/3 4900/1016/3
f 4968/5189/7 4974/5190/7 4969/1551/7
f 4974/5190/7 4973/1549/7 4969/1551/7
f 4973/1549/7 4972/5191/7 4971/1550/7
f 4971/1550/7 4970/5192/7 4969/1551/7
f 4975/1553/7 4982/5193/7 4981/1554/7
f 4981/1554/7 4980/5190/7 4979/5189/7
f 4978/1559/7 4977/1558/7 4976/1552/7
f 4981/1554/7 4979/5189/7 4976/1552/7
f 4979/5189/7 4978/1559/7 4976/1552/7
f 4987/1560/7 4993/1551/7 4988/1557/7
f 4993/1551/7 4992/5192/7 4988/1557/7
f 4991/1555/7 4990/1564/7 4989/1556/7
f 4992/5192/7 4991/1555/7 4988/1557/7
f 4998/1557/7 5002/5194/7 4999/1560/7
f 5002/5194/7 5001/1558/7 4999/1560/7
f 5003/5195/7 5008/5196/7 5004/1556/7
f 5008/5196/7 5007/1561/7 5004/1556/7
f 5007/1561/7 5006/5194/7 5005/1557/7
f 5009/1563/7 5014/5197/7 5013/1564/7
f 5013/1564/7 5012/1555/7 5011/1566/7
f 5011/1566/7 5010/1562/7 5013/1564/7
f 5015/1566/7 5019/1550/7 5017/1565/7
f 5019/1550/7 5018/5191/7 5017/1565/7
f 5034/1567/7 5033/1553/7 5032/1568/7
f 5259/1571/8 5263/1593/8 5262/5198/8
f 5262/5198/8 5261/1569/8 5259/1571/8
f 5264/1574/8 5269/5199/8 5266/1572/8
f 5269/5199/8 5268/1667/8 5267/1590/8
f 5269/5199/8 5267/1590/8 5266/1572/8
f 5270/1576/8 5275/1595/8 5274/1577/8
f 5274/1577/8 5273/5200/8 5272/1583/8
f 5272/1583/8 5271/1575/8 5274/1577/8
f 5276/5201/8 5281/5202/8 5277/5203/8
f 5281/5202/8 5280/1578/8 5278/1580/8
f 5277/5203/8 5281/5202/8 5278/1580/8
f 5282/5135/8 5289/5134/8 5283/1569/8
f 5289/5134/8 5288/1581/8 5283/1569/8
f 5288/1581/8 5287/5204/8 5285/1573/8
f 5287/5204/8 5286/1574/8 5285/1573/8
f 5288/1581/8 5285/1573/8 5284/1570/8
f 5290/1582/8 5297/5205/8 5296/1578/8
f 5296/1578/8 5295/5202/8 5294/1575/8
f 5293/1583/8 5292/5206/8 5291/1587/8
f 5296/1578/8 5294/1575/8 5293/1583/8
f 5291/1587/8 5290/1582/8 5293/1583/8
f 5298/1586/8 5303/5207/8 5301/1584/8
f 5303/5207/8 5302/1589/8 5301/1584/8
f 5300/1585/8 5299/1588/8 5298/1586/8
f 5306/1587/8 5305/5206/8 5304/1588/8
f 5310/1589/8 5309/5205/8 5308/1582/8
f 5314/1590/8 5313/1667/8 5312/1591/8
f 5316/1571/8 5320/1572/8 5318/1592/8
f 5320/1572/8 5319/1590/8 5318/1592/8
f 5323/1594/8 5322/1577/8 5321/1595/8
f 5325/1599/8 5330/1674/8 5329/5208/8
f 5328/1597/8 5327/5209/8 5326/1598/8
f 5325/1599/8 5329/5208/8 5328/1597/8
f 5333/1600/8 5332/1614/8 5331/1601/8
f 5335/1610/8 5340/1665/8 5339/1603/8
f 5338/1604/8 5337/5210/8 5336/1605/8
f 5335/1610/8 5339/1603/8 5336/1605/8
f 5341/1612/8 5347/5211/8 5346/1606/8
f 5345/1607/8 5344/1665/8 5342/1608/8
f 5344/1665/8 5343/1610/8 5342/1608/8
f 5341/1612/8 5346/1606/8 5342/1608/8
f 5348/1605/8 5352/5212/8 5349/1610/8
f 5352/5212/8 5351/1609/8 5349/1610/8
f 5353/1608/8 5360/1609/8 5359/1620/8
f 5358/5213/8 5357/1611/8 5354/1612/8
f 5357/1611/8 5356/1600/8 5355/1602/8
f 5353/1608/8 5359/1620/8 5354/1612/8
f 5359/1620/8 5358/5213/8 5354/1612/8
f 5361/1723/8 5365/1722/8 5362/1614/8
f 5365/1722/8 5364/1613/8 5362/1614/8
f 5366/1339/8 5371/5142/8 5370/1616/8
f 5370/1616/8 5369/5214/8 5367/1615/8
f 5369/5214/8 5368/1333/8 5367/1615/8
f 5372/1623/8 5378/5215/8 5373/1618/8
f 5378/5215/8 5377/1616/8 5373/1618/8
f 5377/1616/8 5376/5142/8 5374/1617/8
f 5376/5142/8 5375/1626/8 5374/1617/8
f 5379/5212/8 5385/1644/8 5384/1646/8
f 5383/1619/8 5382/5216/8 5381/1620/8
f 5379/5212/8 5384/1646/8 5380/1609/8
f 5384/1646/8 5383/1619/8 5380/1609/8
f 5386/1622/8 5391/1627/8 5390/5217/8
f 5390/5217/8 5389/1623/8 5386/1622/8
f 5389/1623/8 5388/1618/8 5387/1621/8
f 5392/1626/8 5397/1343/8 5395/1624/8
f 5397/1343/8 5396/1654/8 5395/1624/8
f 5394/1625/8 5393/1617/8 5392/1626/8
f 5400/1621/8 5399/1618/8 5398/1617/8
f 5404/1624/8 5403/1654/8 5402/1627/8
f 5406/1629/8 5412/1630/8 5411/1636/8
f 5410/1643/8 5409/1358/8 5408/1347/8
f 5406/1629/8 5411/1636/8 5408/1347/8
f 5411/1636/8 5410/1643/8 5408/1347/8
f 5413/1679/8 5417/1632/8 5414/1631/8
f 5417/1632/8 5416/1630/8 5414/1631/8
f 5418/5218/8 5423/1639/8 5419/1634/8
f 5423/1639/8 5422/1632/8 5419/1634/8
f 5422/1632/8 5421/1679/8 5420/1633/8
f 5426/1630/8 5425/1656/8 5424/1635/8
f 5428/1656/8 5432/1630/8 5429/1638/8
f 5432/1630/8 5431/1632/8 5429/1638/8
f 5433/1637/8 5439/1632/8 5434/5219/8
f 5439/1632/8 5438/1639/8 5435/1641/8
f 5434/5219/8 5439/1632/8 5435/1641/8
f 5437/1640/8 5436/5220/8 5435/1641/8
f 5440/1643/8 5444/5221/8 5442/1642/8
f 5444/5221/8 5443/5144/8 5442/1642/8
f 5447/1644/8 5446/1659/8 5445/1645/8
f 5451/1647/8 5450/5216/8 5449/1619/8
f 5455/1649/8 5454/5222/8 5453/1650/8
f 5459/1652/8 5458/5223/8 5457/1342/8
f 5461/1343/8 5468/1342/8 5467/5223/8
f 5466/1650/8 5465/5222/8 5463/1627/8
f 5465/5222/8 5464/5217/8 5463/1627/8
f 5461/1343/8 5467/5223/8 5462/1654/8
f 5467/5223/8 5466/1650/8 5462/1654/8
f 5469/1638/8 5473/1657/8 5470/1656/8
f 5473/1657/8 5472/1655/8 5470/1656/8
f 5474/5219/8 5478/1661/8 5475/1637/8
f 5478/1661/8 5477/1657/8 5475/1637/8
f 5479/1651/8 5485/1660/8 5480/1649/8
f 5485/1660/8 5484/1658/8 5480/1649/8
f 5484/1658/8 5483/1662/8 5481/1659/8
f 5483/1662/8 5482/1645/8 5481/1659/8
f 5486/1653/8 5493/5144/8 5487/1652/8
f 5493/5144/8 5492/5221/8 5487/1652/8
f 5491/1655/8 5490/1657/8 5489/1658/8
f 5492/5221/8 5491/1655/8 5488/1660/8
f 5487/1652/8 5492/5221/8 5488/1660/8
f 5494/1658/8 5499/1657/8 5495/1662/8
f 5499/1657/8 5498/1661/8 5495/1662/8
f 5498/1661/8 5497/1647/8 5496/1648/8
f 5500/1607/8 5505/1663/8 5501/1665/8
f 5505/1663/8 5504/1736/8 5503/1664/8
f 5503/1664/8 5502/1603/8 5501/1665/8
f 5506/5199/8 5510/5224/8 5507/1667/8
f 5510/5224/8 5509/1666/8 5507/1667/8
f 5513/1668/8 5512/1686/8 5511/1669/8
f 5517/1671/8 5516/5225/8 5515/1672/8
f 5519/1676/8 5524/5218/8 5521/1674/8
f 5524/5218/8 5523/1634/8 5521/1674/8
f 5523/1634/8 5522/5208/8 5521/1674/8
f 5525/1678/8 5531/1397/8 5530/1677/8
f 5530/1677/8 5529/5226/8 5528/1631/8
f 5527/1629/8 5526/1628/8 5525/1678/8
f 5530/1677/8 5528/1631/8 5527/1629/8
f 5532/1631/8 5537/5226/8 5536/1680/8
f 5536/1680/8 5535/5227/8 5533/1679/8
f 5535/5227/8 5534/1633/8 5533/1679/8
f 5538/1688/8 5543/1677/8 5539/1682/8
f 5543/1677/8 5542/1397/8 5539/1682/8
f 5542/1397/8 5541/1396/8 5540/1681/8
f 5544/5228/8 5548/5227/8 5545/1684/8
f 5548/5227/8 5547/1680/8 5545/1684/8
f 5549/1668/8 5553/1681/8 5550/1686/8
f 5553/1681/8 5552/1396/8 5550/1686/8
f 5556/1682/8 5555/5229/8 5554/1687/8
f 5558/1673/8 5563/1684/8 5559/1671/8
f 5563/1684/8 5562/1683/8 5560/1690/8
f 5559/1671/8 5563/1684/8 5560/1690/8
f 5564/1693/8 5570/1698/8 5566/1691/8
f 5570/1698/8 5569/1717/8 5567/5230/8
f 5566/1691/8 5570/1698/8 5567/5230/8
f 5569/1717/8 5568/1716/8 5567/5230/8
f 5571/1695/8 5576/1702/8 5575/5231/8
f 5575/5231/8 5574/1696/8 5571/1695/8
f 5574/1696/8 5573/5232/8 5572/1694/8
f 5577/1693/8 5581/1694/8 5579/1697/8
f 5581/1694/8 5580/5232/8 5579/1697/8
f 5582/1701/8 5586/1692/8 5585/1691/8
f 5585/1691/8 5584/1699/8 5582/1701/8
f 5589/1701/8 5588/1700/8 5587/1702/8
f 7130/1703/8 7129/5233/8 7128/1704/8
f 7132/1707/8 7139/5234/8 7136/1639/8
f 7139/5234/8 7138/1720/8 7136/1639/8
f 7138/1720/8 7137/1640/8 7136/1639/8
f 7135/5218/8 7134/1676/8 7133/1706/8
f 7136/1639/8 7135/5218/8 7133/1706/8
f 7140/1705/8 7145/5234/8 7144/1707/8
f 7144/1707/8 7143/5235/8 7142/1708/8
f 7142/1708/8 7141/1703/8 7140/1705/8
f 7146/5236/8 7150/5237/8 7147/1711/8
f 7150/5237/8 7149/1709/8 7147/1711/8
f 7151/1709/8 7156/5237/8 7155/1712/8
f 7155/1712/8 7154/5238/8 7153/1713/8
f 7152/1714/8 7151/1709/8 7155/1712/8
f 7179/1715/8 7178/5239/8 7177/1716/8
f 7181/1719/8 7185/1706/8 7184/1676/8
f 7184/1676/8 7183/1675/8 7181/1719/8
f 7186/1721/8 7190/5240/8 7189/5220/8
f 7189/5220/8 7188/1640/8 7186/1721/8
f 7191/5241/8 7195/5242/8 7192/1724/8
f 7195/5242/8 7194/1722/8 7192/1724/8
f 7198/1725/8 7197/5241/8 7196/1724/8
f 7966/1727/8 7965/5243/8 7964/1728/8
f 7968/1430/8 7973/1432/8 7972/5244/8
f 7971/1728/8 7970/5243/8 7969/1428/8
f 7968/1430/8 7972/5244/8 7971/1728/8
f 7974/5244/8 7980/1432/8 7979/1419/8
f 7979/1419/8 7978/5160/8 7976/1730/8
f 7978/5160/8 7977/5245/8 7976/1730/8
f 7975/1731/8 7974/5244/8 7979/1419/8
f 7981/5245/8 7986/5160/8 7982/5246/8
f 7986/5160/8 7985/1424/8 7983/1733/8
f 7982/5246/8 7986/5160/8 7983/1733/8
f 7989/1734/8 7988/1733/8 7987/1732/8
f 7991/1734/8 7995/1735/8 7994/1736/8
f 7994/1736/8 7993/1663/8 7992/1737/8
f 8159/1738/11 8158/5247/11 8157/1739/11
f 8253/1741/8 8252/5248/8 8251/1742/8
f 8269/1741/11 8268/1743/11 8267/1744/11
f 8376/1747/7 8380/3621/7 8378/1745/7
f 8380/3621/7 8379/5249/7 8378/1745/7
f 8381/5249/7 8388/3621/7 8382/5250/7
f 8388/3621/7 8387/5251/7 8383/1750/7
f 8382/5250/7 8388/3621/7 8383/1750/7
f 8386/1748/7 8385/1812/7 8384/1749/7
f 8387/5251/7 8386/1748/7 8383/1750/7
f 8458/1751/8 8457/1787/8 8456/1752/8
f 8460/1753/8 8464/5252/8 8463/1775/8
f 8463/1775/8 8462/1754/8 8460/1753/8
f 8465/1768/8 8478/5253/8 8477/1752/8
f 8477/1752/8 8476/1787/8 8475/5254/8
f 8477/1752/8 8475/5254/8 8474/1786/8
f 8466/1776/8 8465/1768/8 8474/1786/8
f 8465/1768/8 8477/1752/8 8474/1786/8
f 8467/1757/8 8466/1776/8 8473/1755/8
f 8473/1755/8 8466/1776/8 8474/1786/8
f 8473/1755/8 8472/5255/8 8471/5256/8
f 8470/1756/8 8469/1781/8 8468/1780/8
f 8473/1755/8 8471/5256/8 8470/1756/8
f 8470/1756/8 8468/1780/8 8467/1757/8
f 8482/1756/8 8481/5256/8 8480/1758/8
f 8485/1758/8 8484/1782/8 8483/1760/8
f 8487/5256/8 8496/5255/8 8495/5257/8
f 8495/5257/8 8494/1762/8 8488/1758/8
f 8494/1762/8 8493/1080/8 8491/1765/8
f 8493/1080/8 8492/1763/8 8491/1765/8
f 8491/1765/8 8490/1784/8 8494/1762/8
f 8490/1784/8 8489/1761/8 8494/1762/8
f 8488/1758/8 8487/5256/8 8495/5257/8
f 8499/1763/8 8498/1767/8 8497/1764/8
f 8501/5075/8 8505/1772/8 8502/1767/8
f 8505/1772/8 8504/1766/8 8502/1767/8
f 8506/1770/8 8510/5258/8 8508/1768/8
f 8510/5258/8 8509/5253/8 8508/1768/8
f 8511/1770/8 8515/1769/8 8514/1771/8
f 8514/1771/8 8513/1766/8 8512/1772/8
f 8516/1775/8 8522/5252/8 8521/5259/8
f 8521/5259/8 8520/1086/8 8516/1775/8
f 8520/1086/8 8519/1773/8 8516/1775/8
f 8518/1774/8 8517/5260/8 8516/1775/8
f 8523/1777/8 8527/1771/8 8526/1769/8
f 8526/1769/8 8525/1768/8 8524/1776/8
f 8531/1777/8 8530/1776/8 8529/1757/8
f 8534/1757/8 8533/1780/8 8532/1779/8
f 8541/1782/8 8540/1761/8 8539/1783/8
f 8546/1786/8 8550/5254/8 8549/1785/8
f 8549/1785/8 8548/1085/8 8547/1084/8
f 8554/1754/8 8559/1791/8 8555/1751/8
f 8559/1791/8 8558/1785/8 8555/1751/8
f 8558/1785/8 8557/5254/8 8556/1787/8
f 8562/1788/8 8561/1794/8 8560/1789/8
f 8564/1793/8 8569/1031/8 8566/1791/8
f 8569/1031/8 8568/1085/8 8566/1791/8
f 8568/1085/8 8567/1785/8 8566/1791/8
f 8570/1788/8 8575/5184/8 8574/1507/8
f 8574/1507/8 8573/1082/8 8571/1794/8
f 8573/1082/8 8572/1081/8 8571/1794/8
f 8576/1796/8 8581/5182/8 8580/5181/8
f 8579/1790/8 8578/1789/8 8577/1795/8
f 8576/1796/8 8580/5181/8 8579/1790/8
f 8582/1794/8 8588/1081/8 8586/5255/8
f 8588/1081/8 8587/5257/8 8586/5255/8
f 8586/5255/8 8585/1755/8 8582/1794/8
f 8585/1755/8 8584/1795/8 8583/1789/8
f 8589/1755/8 8594/1786/8 8593/1084/8
f 8593/1084/8 8592/1799/8 8591/1796/8
f 8590/1795/8 8589/1755/8 8593/1084/8
f 8755/1078/8 8754/5074/8 8753/1077/8
f 8767/1075/8 8766/5073/8 8765/1074/8
f 8828/1797/8 8827/5261/8 8826/1798/8
f 8954/1800/8 8953/5262/8 8952/1801/8
f 9069/1803/2 9068/1804/2 9067/1540/2
f 9079/1804/4 9078/1803/4 9077/1541/4
f 9088/1016/1 9087/5188/1 9086/1547/1
f 9244/5263/7 9248/5264/7 9245/1807/7
f 9248/5264/7 9247/1805/7 9245/1807/7
f 9249/1810/7 9254/5265/7 9253/5264/7
f 9253/5264/7 9252/5263/7 9249/1810/7
f 9252/5263/7 9251/1808/7 9249/1810/7
f 9878/1811/7 9877/5266/7 9876/1812/7
f 9997/1813/7 9996/1821/7 9995/1814/7
f 10005/1816/7 10004/1820/7 10003/1817/7
f 10013/5267/7 10019/5268/7 10018/1819/7
f 10018/1819/7 10017/5196/7 10015/1817/7
f 10017/5196/7 10016/5195/7 10015/1817/7
f 10014/1820/7 10013/5267/7 10018/1819/7
f 10020/1822/7 10024/5268/7 10022/1814/7
f 10024/5268/7 10023/5267/7 10022/1814/7
f 10025/1824/7 10031/5269/7 10030/1816/7
f 10029/1818/7 10028/5197/7 10027/1563/7
f 10025/1824/7 10030/1816/7 10026/1823/7
f 10030/1816/7 10029/1818/7 10026/1823/7
f 10032/5270/7 10037/1813/7 10033/1825/7
f 10037/1813/7 10036/1815/7 10033/1825/7
f 10036/1815/7 10035/5269/7 10034/1824/7
f 10067/1826/7 10066/1846/7 10065/1822/7
f 10331/5266/7 10336/1811/7 10332/1830/7
f 10336/1811/7 10335/1828/7 10332/1830/7
f 10335/1828/7 10334/5271/7 10333/1829/7
f 10337/1829/7 10341/5271/7 10338/1833/7
f 10341/5271/7 10340/1831/7 10338/1833/7
f 10342/1836/7 10346/5272/7 10345/5273/7
f 10345/5273/7 10344/1834/7 10342/1836/7
f 10347/5273/7 10352/5272/7 10348/1839/7
f 10352/5272/7 10351/1837/7 10348/1839/7
f 10351/1837/7 10350/5274/7 10349/1838/7
f 10353/1838/7 10358/5274/7 10354/1842/7
f 10358/5274/7 10357/1840/7 10354/1842/7
f 10357/1840/7 10356/5275/7 10355/1841/7
f 10359/1841/7 10364/5275/7 10360/1844/7
f 10364/5275/7 10363/1843/7 10360/1844/7
f 10363/1843/7 10362/1832/7 10361/1831/7
f 10365/1846/7 10370/1826/7 10369/1847/7
f 10369/1847/7 10368/5276/7 10366/1845/7
f 10368/5276/7 10367/1849/7 10366/1845/7
f 10371/1849/7 10375/5276/7 10374/1848/7
f 10374/1848/7 10373/1835/7 10372/1834/7
usemtl material_7
f 254/1850/2 252/1851/2 251/1852/2
f 257/1853/2 255/1851/2 258/1854/2
f 286/1855/13 284/1856/13 283/1857/13
f 291/1858/13 289/1857/13 288/1859/13
f 296/1860/13 294/1859/13 293/1861/13
f 299/1862/4 297/1858/4 300/1863/4
f 303/1864/4 301/1865/4 304/1866/4
f 384/1867/14 383/1855/14 382/1858/14
f 389/1860/14 387/1859/14 390/1868/14
f 2133/1869/13 2131/1861/13 2130/1870/13
f 2136/1871/13 2135/1872/13 2134/1873/13
f 2141/1869/14 2139/1861/14 2142/1860/14
f 2146/1873/14 2144/1871/14 2143/1870/14
f 2879/1874/2 2877/1875/2 2880/1876/2
f 3090/1877/8 3088/1878/8 3091/1879/8
f 3094/1880/8 3092/1881/8 3095/1882/8
f 3139/1883/8 3137/1884/8 3140/1885/8
f 3147/1886/8 3144/1874/8 3143/1887/8
f 3208/1888/4 3206/1889/4 3209/1890/4
f 3260/1891/2 3258/1892/2 3261/1893/2
f 3264/1894/3 3262/1895/3 3265/1896/3
f 3269/1895/1 3267/1894/1 3266/1896/1
f 3272/1897/4 3270/1893/4 3273/1892/4
f 3460/1898/1 3458/1899/1 3457/1900/1
f 3464/412/1 3462/517/1 3461/1901/1
f 3467/1902/1 3465/1903/1 3468/1904/1
f 3472/1905/3 3470/1906/3 3469/1907/3
f 3475/1908/3 3473/1909/3 3476/1894/3
f 3479/1910/2 3477/1890/2 3480/1889/2
f 3484/1911/15 3482/1912/15 3481/1888/15
f 3488/1890/4 3486/1913/4 3489/1914/4
f 3492/1915/16 3490/1916/16 3493/1917/16
f 3496/1918/3 3494/1919/3 3497/1920/3
f 3500/1912/17 3498/1889/17 3501/1890/17
f 3504/1921/2 3502/1897/2 3505/1891/2
f 3509/1909/1 3507/1908/1 3506/1894/1
f 3513/1905/1 3511/1906/1 3510/1922/1
f 3516/1923/4 3514/1891/4 3517/1897/4
f 3520/1915/18 3518/1921/18 3521/499/18
f 3524/1920/3 3523/1919/3 3522/1924/3
f 3527/1925/3 3525/1926/3 3528/1927/3
f 3531/1928/3 3530/1900/3 3529/1899/3
f 3534/1929/7 3532/1912/7 3535/1930/7
f 3539/1898/3 3537/1899/3 3536/1931/3
f 3542/1932/1 3540/1933/1 3543/1934/1
f 3546/1898/1 3545/1935/1 3544/1931/1
f 3550/1936/1 3548/1937/1 3547/1938/1
f 3572/1912/19 3571/1939/19 3570/1940/19
f 3576/499/4 3574/1893/4 3577/1892/4
f 3600/1938/3 3598/1936/3 3597/1941/3
f 3603/1898/3 3602/1931/3 3601/1935/3
f 3607/1933/3 3605/1932/3 3604/1934/3
f 3610/1889/2 3608/1914/2 3611/1913/2
f 3614/1942/20 3612/1890/20 3615/1889/20
f 3618/1939/20 3616/1943/20 3619/1942/20
f 3621/1944/21 3620/1945/21 3624/1946/21
f 3628/1947/2 3626/1892/2 3629/1893/2
f 3632/1948/1 3630/1949/1 3633/1950/1
f 3636/1951/1 3635/1952/1 3634/1953/1
f 3640/1949/3 3638/1948/3 3637/1950/3
f 3643/1954/3 3642/1955/3 3641/1956/3
f 3660/1957/1 3658/1952/1 3661/1951/1
f 3664/1956/3 3662/1958/3 3665/1954/3
f 3668/1944/22 3666/1959/22 3669/1946/22
f 3673/1960/3 3671/1961/3 3670/1936/3
f 3696/1962/8 3694/1963/8 3697/1964/8
f 3702/1965/8 3700/1887/8 3699/1874/8
f 7429/1966/14 7427/1856/14 7426/1967/14
f 7433/1968/14 7431/1969/14 7430/1970/14
f 7438/1971/14 7436/1972/14 7435/1969/14
f 7442/1973/2 7440/1974/2 7443/1975/2
f 7447/1976/2 7445/1977/2 7448/1978/2
f 7497/1974/4 7495/1979/4 7498/1980/4
f 7643/1980/4 7642/1979/4 7641/1981/4
f 7647/1982/13 7645/1867/13 7644/1969/13
f 7650/1972/13 7649/1983/13 7648/1858/13
f 9224/1984/8 9222/1985/8 9221/1398/8
f 9238/1986/8 9236/1987/8 9239/1988/8
f 9242/1989/8 9240/1990/8 9243/1991/8
f 9290/1992/8 9289/1993/8 9294/1994/8
f 9300/1995/8 9299/1996/8 9297/1997/8
f 9367/1998/2 9365/1999/2 9368/2000/2
f 9414/1895/1 9412/1894/1 9411/1896/1
f 9417/2001/2 9415/2002/2 9418/2003/2
f 9421/2004/4 9419/2003/4 9422/2002/4
f 9425/1894/3 9423/1895/3 9426/1896/3
f 9628/1938/3 9627/2005/3 9626/1941/3
f 9631/1931/3 9630/1935/3 9629/2006/3
f 9636/517/3 9634/412/3 9637/1901/3
f 9641/1933/3 9639/1932/3 9638/1934/3
f 9645/1903/3 9643/1902/3 9642/1904/3
f 9649/1906/1 9647/2007/1 9646/2008/1
f 9653/1909/1 9651/1908/1 9650/1894/1
f 9656/2009/2 9654/2010/2 9657/1998/2
f 9661/2011/15 9660/2012/15 9659/2013/15
f 9665/2010/4 9663/2000/4 9666/1999/4
f 9669/2012/17 9667/1998/17 9670/2010/17
f 9673/2014/2 9671/2004/2 9674/2001/2
f 9677/1908/3 9675/1909/3 9678/1894/3
f 9682/1906/3 9680/2007/3 9679/1922/3
f 9685/2015/16 9683/2016/16 9686/2017/16
f 9689/2018/4 9687/2001/4 9690/2004/4
f 9693/2016/18 9691/2019/18 9694/2018/18
f 9698/1919/1 9696/1918/1 9695/1920/1
f 9701/1924/1 9700/1919/1 9699/1920/1
f 9705/1926/1 9703/1925/1 9702/1927/1
f 9708/1928/1 9707/1899/1 9706/1900/1
f 9711/1932/1 9709/1933/1 9712/1934/1
f 9716/1928/1 9714/1931/1 9713/1899/1
f 9719/1941/1 9718/2005/1 9717/1938/1
f 9722/2020/7 9720/2021/7 9723/2022/7
f 9726/2023/4 9724/1998/4 9727/2010/4
f 9730/2013/19 9728/2009/19 9731/2023/19
f 9739/2005/3 9737/1961/3 9736/1941/3
f 9741/2024/21 9740/2025/21 9744/2026/21
f 9748/1961/1 9746/2005/1 9749/1941/1
f 9752/2012/19 9750/2027/19 9753/2013/19
f 9756/2011/20 9754/2010/20 9757/1998/20
f 9760/2028/4 9758/2003/4 9761/2002/4
f 9777/2019/2 9775/2002/2 9778/2003/2
f 9781/1948/1 9779/1949/1 9782/1950/1
f 9785/1954/1 9784/1956/1 9783/1955/1
f 9789/1949/3 9787/1948/3 9786/1950/3
f 9792/1951/3 9791/1953/3 9790/1952/3
f 9807/1958/1 9805/1956/1 9808/1954/1
f 9811/1952/3 9809/1957/3 9812/1951/3
f 9815/2024/22 9813/2029/22 9816/2026/22
f 9866/2030/2 9864/1994/2 9867/2031/2
f 9922/1994/4 9920/2030/4 9923/2031/4
f 9974/2032/8 9972/2033/8 9975/1994/8
f 9978/1997/8 9976/2032/8 9979/1994/8
f 11238/2034/8 11236/2035/8 11239/2036/8
f 254/1850/2 253/1854/2 252/1851/2
f 257/1853/2 256/5277/2 255/1851/2
f 283/1857/13 287/5278/13 286/1855/13
f 286/1855/13 285/1967/13 284/1856/13
f 288/1859/13 292/1868/13 291/1858/13
f 291/1858/13 290/5278/13 289/1857/13
f 296/1860/13 295/1868/13 294/1859/13
f 299/1862/4 298/5279/4 297/1858/4
f 303/1864/4 302/5280/4 301/1865/4
f 382/1858/14 386/1868/14 385/1859/14
f 385/1859/14 384/1867/14 382/1858/14
f 389/1860/14 388/1861/14 387/1859/14
f 2133/1869/13 2132/1860/13 2131/1861/13
f 2134/1873/13 2138/1869/13 2137/1870/13
f 2137/1870/13 2136/1871/13 2134/1873/13
f 2141/1869/14 2140/1870/14 2139/1861/14
f 2143/1870/14 2147/1869/14 2146/1873/14
f 2146/1873/14 2145/1872/14 2144/1871/14
f 2879/1874/2 2878/1965/2 2877/1875/2
f 3090/1877/8 3089/5281/8 3088/1878/8
f 3094/1880/8 3093/5282/8 3092/1881/8
f 3136/1962/8 3142/5283/8 3141/5284/8
f 3136/1962/8 3141/5284/8 3140/1885/8
f 3138/5285/8 3137/1884/8 3139/1883/8
f 3137/1884/8 3136/1962/8 3140/1885/8
f 3143/1887/8 3149/5286/8 3148/5287/8
f 3147/1886/8 3146/5283/8 3144/1874/8
f 3146/5283/8 3145/1962/8 3144/1874/8
f 3143/1887/8 3148/5287/8 3147/1886/8
f 3208/1888/4 3207/1910/4 3206/1889/4
f 3260/1891/2 3259/1897/2 3258/1892/2
f 3264/1894/3 3263/1909/3 3262/1895/3
f 3269/1895/1 3268/1909/1 3267/1894/1
f 3272/1897/4 3271/1891/4 3270/1893/4
f 3460/1898/1 3459/1931/1 3458/1899/1
f 3464/412/1 3463/5288/1 3462/517/1
f 3467/1902/1 3466/5289/1 3465/1903/1
f 3472/1905/3 3471/1922/3 3470/1906/3
f 3475/1908/3 3474/5290/3 3473/1909/3
f 3479/1910/2 3478/1888/2 3477/1890/2
f 3481/1888/15 3485/1910/15 3484/1911/15
f 3484/1911/15 3483/1939/15 3482/1912/15
f 3488/1890/4 3487/1889/4 3486/1913/4
f 3492/1915/16 3491/5291/16 3490/1916/16
f 3496/1918/3 3495/5292/3 3494/1919/3
f 3500/1912/17 3499/1939/17 3498/1889/17
f 3504/1921/2 3503/499/2 3502/1897/2
f 3509/1909/1 3508/5290/1 3507/1908/1
f 3513/1905/1 3512/1907/1 3511/1906/1
f 3516/1923/4 3515/1947/4 3514/1891/4
f 3520/1915/18 3519/1917/18 3518/1921/18
f 3527/1925/3 3526/5293/3 3525/1926/3
f 3534/1929/7 3533/1939/7 3532/1912/7
f 3539/1898/3 3538/1928/3 3537/1899/3
f 3542/1932/1 3541/5294/1 3540/1933/1
f 3547/1938/1 3551/1941/1 3550/1936/1
f 3550/1936/1 3549/1961/1 3548/1937/1
f 3569/1910/19 3573/1888/19 3570/1940/19
f 3573/1888/19 3572/1912/19 3570/1940/19
f 3576/499/4 3575/1921/4 3574/1893/4
f 3600/1938/3 3599/1960/3 3598/1936/3
f 3607/1933/3 3606/5294/3 3605/1932/3
f 3610/1889/2 3609/1890/2 3608/1914/2
f 3614/1942/20 3613/1943/20 3612/1890/20
f 3618/1939/20 3617/1912/20 3616/1943/20
f 3620/1945/21 3625/5295/21 3624/1946/21
f 3624/1946/21 3623/1959/21 3622/5296/21
f 3622/5296/21 3621/1944/21 3624/1946/21
f 3628/1947/2 3627/1923/2 3626/1892/2
f 3632/1948/1 3631/493/1 3630/1949/1
f 3640/1949/3 3639/493/3 3638/1948/3
f 3660/1957/1 3659/5297/1 3658/1952/1
f 3664/1956/3 3663/5298/3 3662/1958/3
f 3668/1944/22 3667/5296/22 3666/1959/22
f 3673/1960/3 3672/1937/3 3671/1961/3
f 3696/1962/8 3695/1884/8 3694/1963/8
f 3698/1962/8 3703/1964/8 3702/1965/8
f 3702/1965/8 3701/5299/8 3700/1887/8
f 3699/1874/8 3698/1962/8 3702/1965/8
f 7429/1966/14 7428/1970/14 7427/1856/14
f 7430/1970/14 7434/1966/14 7433/1968/14
f 7433/1968/14 7432/1982/14 7431/1969/14
f 7435/1969/14 7439/1982/14 7438/1971/14
f 7438/1971/14 7437/1983/14 7436/1972/14
f 7442/1973/2 7441/5300/2 7440/1974/2
f 7444/1973/2 7450/1975/2 7449/1980/2
f 7444/1973/2 7449/1980/2 7448/1978/2
f 7446/5301/2 7445/1977/2 7447/1976/2
f 7445/1977/2 7444/1973/2 7448/1978/2
f 7497/1974/4 7496/5300/4 7495/1979/4
f 7647/1982/13 7646/1855/13 7645/1867/13
f 7648/1858/13 7652/1982/13 7651/1969/13
f 7651/1969/13 7650/1972/13 7648/1858/13
f 9221/1398/8 9226/5302/8 9225/5303/8
f 9224/1984/8 9223/5304/8 9222/1985/8
f 9221/1398/8 9225/5303/8 9224/1984/8
f 9238/1986/8 9237/5305/8 9236/1987/8
f 9242/1989/8 9241/5306/8 9240/1990/8
f 9289/1993/8 9295/5307/8 9294/1994/8
f 9294/1994/8 9293/2033/8 9290/1992/8
f 9293/2033/8 9292/5308/8 9291/5309/8
f 9293/2033/8 9291/5309/8 9290/1992/8
f 9296/1994/8 9301/5307/8 9300/1995/8
f 9299/1996/8 9298/5310/8 9297/1997/8
f 9296/1994/8 9300/1995/8 9297/1997/8
f 9367/1998/2 9366/2010/2 9365/1999/2
f 9414/1895/1 9413/1909/1 9412/1894/1
f 9417/2001/2 9416/2004/2 9415/2002/2
f 9421/2004/4 9420/2001/4 9419/2003/4
f 9425/1894/3 9424/1909/3 9423/1895/3
f 9629/2006/3 9633/1900/3 9632/1899/3
f 9632/1899/3 9631/1931/3 9629/2006/3
f 9636/517/3 9635/5288/3 9634/412/3
f 9641/1933/3 9640/5294/3 9639/1932/3
f 9645/1903/3 9644/5289/3 9643/1902/3
f 9649/1906/1 9648/1922/1 9647/2007/1
f 9653/1909/1 9652/5290/1 9651/1908/1
f 9656/2009/2 9655/2023/2 9654/2010/2
f 9658/2023/15 9662/2009/15 9659/2013/15
f 9662/2009/15 9661/2011/15 9659/2013/15
f 9665/2010/4 9664/1998/4 9663/2000/4
f 9669/2012/17 9668/2011/17 9667/1998/17
f 9673/2014/2 9672/2028/2 9671/2004/2
f 9677/1908/3 9676/5290/3 9675/1909/3
f 9682/1906/3 9681/2008/3 9680/2007/3
f 9685/2015/16 9684/5311/16 9683/2016/16
f 9689/2018/4 9688/2019/4 9687/2001/4
f 9693/2016/18 9692/5311/18 9691/2019/18
f 9698/1919/1 9697/5292/1 9696/1918/1
f 9705/1926/1 9704/5293/1 9703/1925/1
f 9711/1932/1 9710/5294/1 9709/1933/1
f 9716/1928/1 9715/1935/1 9714/1931/1
f 9722/2020/7 9721/5312/7 9720/2021/7
f 9726/2023/4 9725/2009/4 9724/1998/4
f 9730/2013/19 9729/2027/19 9728/2009/19
f 9739/2005/3 9738/1937/3 9737/1961/3
f 9740/2025/21 9745/5313/21 9744/2026/21
f 9744/2026/21 9743/2029/21 9742/5314/21
f 9742/5314/21 9741/2024/21 9744/2026/21
f 9748/1961/1 9747/1937/1 9746/2005/1
f 9752/2012/19 9751/2011/19 9750/2027/19
f 9756/2011/20 9755/2012/20 9754/2010/20
f 9760/2028/4 9759/2014/4 9758/2003/4
f 9777/2019/2 9776/2018/2 9775/2002/2
f 9781/1948/1 9780/493/1 9779/1949/1
f 9789/1949/3 9788/493/3 9787/1948/3
f 9807/1958/1 9806/5298/1 9805/1956/1
f 9811/1952/3 9810/5297/3 9809/1957/3
f 9815/2024/22 9814/5314/22 9813/2029/22
f 9866/2030/2 9865/2032/2 9864/1994/2
f 9922/1994/4 9921/2032/4 9920/2030/4
f 9974/2032/8 9973/5315/8 9972/2033/8
f 9978/1997/8 9977/5316/8 9976/2032/8
f 11238/2034/8 11237/5317/8 11236/2035/8
usemtl material_8
f 344/2037/7 342/2038/7 345/2039/7
f 352/2040/7 350/2041/7 353/2042/7
f 2107/2043/7 2105/2044/7 2108/2045/7
f 4985/2046/7 4983/2047/7 4986/2048/7
f 4996/2049/7 4994/2050/7 4997/2051/7
f 7602/2052/7 7600/2053/7 7599/2054/7
f 7607/2055/7 7605/2056/7 7604/2057/7
f 10001/2058/7 9999/2059/7 10002/2049/7
f 10011/2060/7 10009/2061/7 10008/2062/7
f 344/2037/7 343/5318/7 342/2038/7
f 352/2040/7 351/5319/7 350/2041/7
f 2107/2043/7 2106/5320/7 2105/2044/7
f 4985/2046/7 4984/5321/7 4983/2047/7
f 4996/2049/7 4995/2059/7 4994/2050/7
f 7599/2054/7 7603/5322/7 7602/2052/7
f 7602/2052/7 7601/5323/7 7600/2053/7
f 7604/2057/7 7608/5324/7 7607/2055/7
f 7607/2055/7 7606/5325/7 7605/2056/7
f 10001/2058/7 10000/5326/7 9999/2059/7
f 10007/5327/7 10012/5328/7 10011/2060/7
f 10011/2060/7 10010/5329/7 10009/2061/7
f 10008/2062/7 10007/5327/7 10011/2060/7
usemtl material_9
f 393/371/4 391/2063/4 394/365/4
f 422/831/4 420/2064/4 423/2065/4
f 453/2066/1 452/2067/1 451/2068/1
f 459/2069/1 457/2070/1 456/2071/1
f 464/2069/1 462/2072/1 461/2068/1
f 483/2064/2 481/831/2 484/2065/2
f 528/363/3 526/370/3 525/2073/3
f 532/2074/1 530/2075/1 529/361/1
f 568/366/2 572/2076/2 571/2077/2
f 577/454/2 575/365/2 578/2063/2
f 586/2075/3 584/2078/3 587/361/3
f 1002/2064/4 1000/832/4 1003/2065/4
f 1025/832/2 1023/2064/2 1026/2065/2
f 1029/2070/3 1027/2079/3 1030/2071/3
f 5622/2080/4 5620/538/4 5623/420/4
f 393/371/4 392/454/4 391/2063/4
f 422/831/4 421/835/4 420/2064/4
f 451/2068/1 455/2072/1 454/2079/1
f 454/2079/1 453/2066/1 451/2068/1
f 456/2071/1 460/5330/1 459/2069/1
f 459/2069/1 458/5331/1 457/2070/1
f 464/2069/1 463/5330/1 462/2072/1
f 483/2064/2 482/835/2 481/831/2
f 528/363/3 527/4874/3 526/370/3
f 532/2074/1 531/5332/1 530/2075/1
f 568/366/2 574/365/2 572/2076/2
f 574/365/2 573/371/2 572/2076/2
f 570/370/2 569/2073/2 571/2077/2
f 569/2073/2 568/366/2 571/2077/2
f 577/454/2 576/371/2 575/365/2
f 586/2075/3 585/2542/3 584/2078/3
f 1002/2064/4 1001/830/4 1000/832/4
f 1025/832/2 1024/830/2 1023/2064/2
f 1029/2070/3 1028/2066/3 1027/2079/3
f 5622/2080/4 5621/4922/4 5620/538/4
usemtl material_10
f 467/2081/2 465/2082/2 468/2083/2
f 471/2084/8 469/2085/8 472/2086/8
f 475/2087/4 473/2083/4 476/2082/4
f 480/2088/1 478/2089/1 477/2090/1
f 507/2091/4 505/2092/4 508/2093/4
f 558/2094/3 556/2095/3 559/2096/3
f 562/2097/2 560/2098/2 563/2099/2
f 566/2100/8 564/2101/8 567/2102/8
f 590/2103/2 588/2104/2 591/2105/2
f 594/2106/8 592/2107/8 595/2108/8
f 598/2109/3 596/2110/3 599/2111/3
f 602/2112/1 600/2111/1 603/2110/1
f 1220/2113/8 1218/2114/8 1221/2115/8
f 1230/2116/3 1228/2117/3 1231/2118/3
f 1248/2119/4 1246/2120/4 1249/2121/4
f 1252/2122/2 1250/2121/2 1253/2120/2
f 1257/2117/1 1255/2116/1 1254/2118/1
f 1405/2123/2 1403/2124/2 1406/2125/2
f 1409/2126/3 1407/2127/3 1410/2128/3
f 1413/2129/8 1411/2130/8 1414/2131/8
f 1591/2132/2 1589/2133/2 1592/2134/2
f 1601/2135/8 1599/2136/8 1602/2137/8
f 1611/2138/3 1610/2139/3 1609/2140/3
f 1616/2141/8 1614/2142/8 1617/2143/8
f 1620/2144/4 1618/2134/4 1621/2133/4
f 1625/2140/1 1623/2145/1 1622/2146/1
f 1642/2147/4 1640/2148/4 1643/2149/4
f 1647/2150/1 1645/2151/1 1644/2152/1
f 1650/2153/2 1648/2149/2 1651/2148/2
f 1654/2151/3 1652/2150/3 1655/2152/3
f 1835/2154/3 1833/2155/3 1836/2156/3
f 1840/2155/1 1838/2154/1 1837/2156/1
f 1843/2157/2 1841/2158/2 1844/2159/2
f 1847/2160/8 1845/2161/8 1848/2162/8
f 2450/2163/1 2448/2164/1 2451/2165/1
f 2474/2166/4 2472/2167/4 2475/2168/4
f 2478/2169/2 2476/2168/2 2479/2167/2
f 2482/2170/8 2480/2171/8 2483/2172/8
f 6033/2173/3 6032/2174/3 6031/2175/3
f 6062/2176/8 6060/2177/8 6063/2178/8
f 6066/2173/1 6065/2179/1 6064/2180/1
f 6071/2181/2 6070/2182/2 6069/2183/2
f 6131/2184/4 6129/2185/4 6132/2186/4
f 6185/2187/8 6184/2188/8 6183/2189/8
f 6200/2190/1 6198/2191/1 6197/2192/1
f 6203/2193/2 6201/2194/2 6204/2185/2
f 6468/2195/8 6466/2196/8 6469/2197/8
f 6493/2198/3 6491/2199/3 6494/2200/3
f 6497/2201/2 6495/2202/2 6498/2203/2
f 6502/2199/1 6500/2198/1 6499/2200/1
f 6505/2204/4 6503/2203/4 6506/2202/4
f 6742/2205/2 6740/2206/2 6743/2207/2
f 6746/2208/4 6744/2207/4 6747/2206/4
f 6775/2209/8 6773/2210/8 6776/2211/8
f 6780/2212/1 6778/2213/1 6777/2214/1
f 6783/2213/3 6781/2212/3 6784/2214/3
f 6787/2215/8 6785/2216/8 6788/2217/8
f 6804/2218/4 6802/2219/4 6805/2220/4
f 6809/2221/1 6807/2222/1 6806/2223/1
f 10103/2224/3 10101/2225/3 10104/2226/3
f 10107/2227/2 10105/2228/2 10108/2229/2
f 10112/2225/1 10110/2224/1 10109/2226/1
f 10115/2230/8 10113/2231/8 10116/2232/8
f 10119/2233/4 10117/2234/4 10120/2235/4
f 10480/2236/2 10478/2237/2 10481/2238/2
f 10512/2239/8 10510/2240/8 10513/2241/8
f 10516/2242/1 10514/2243/1 10517/2244/1
f 10521/2243/3 10519/2242/3 10518/2244/3
f 10800/2245/8 10798/2246/8 10801/2247/8
f 10804/2248/1 10802/2249/1 10805/2250/1
f 10808/2251/2 10806/2252/2 10809/2253/2
f 10936/2254/4 10934/2255/4 10937/2256/4
f 10940/2257/8 10938/2258/8 10941/2259/8
f 10944/2260/3 10942/2261/3 10945/2262/3
f 10949/2261/1 10947/2260/1 10946/2262/1
f 10970/2263/2 10968/2264/2 10971/2265/2
f 10974/2266/8 10972/2267/8 10975/2268/8
f 10978/2269/3 10976/2270/3 10979/2271/3
f 10982/2272/4 10980/2265/4 10983/2264/4
f 467/2081/2 466/2087/2 465/2082/2
f 471/2084/8 470/5333/8 469/2085/8
f 475/2087/4 474/2081/4 473/2083/4
f 480/2088/1 479/5334/1 478/2089/1
f 507/2091/4 506/5335/4 505/2092/4
f 558/2094/3 557/5336/3 556/2095/3
f 562/2097/2 561/5337/2 560/2098/2
f 566/2100/8 565/5338/8 564/2101/8
f 590/2103/2 589/5339/2 588/2104/2
f 594/2106/8 593/5340/8 592/2107/8
f 598/2109/3 597/2112/3 596/2110/3
f 602/2112/1 601/2109/1 600/2111/1
f 1220/2113/8 1219/5341/8 1218/2114/8
f 1230/2116/3 1229/5342/3 1228/2117/3
f 1248/2119/4 1247/2122/4 1246/2120/4
f 1252/2122/2 1251/2119/2 1250/2121/2
f 1257/2117/1 1256/5342/1 1255/2116/1
f 1405/2123/2 1404/5343/2 1403/2124/2
f 1409/2126/3 1408/5344/3 1407/2127/3
f 1413/2129/8 1412/5345/8 1411/2130/8
f 1591/2132/2 1590/2144/2 1589/2133/2
f 1601/2135/8 1600/5346/8 1599/2136/8
f 1609/2140/3 1613/2146/3 1611/2138/3
f 1613/2146/3 1612/2145/3 1611/2138/3
f 1616/2141/8 1615/5347/8 1614/2142/8
f 1620/2144/4 1619/2132/4 1618/2134/4
f 1625/2140/1 1624/2139/1 1623/2145/1
f 1642/2147/4 1641/2153/4 1640/2148/4
f 1647/2150/1 1646/5348/1 1645/2151/1
f 1650/2153/2 1649/2147/2 1648/2149/2
f 1654/2151/3 1653/5348/3 1652/2150/3
f 1835/2154/3 1834/5349/3 1833/2155/3
f 1840/2155/1 1839/5349/1 1838/2154/1
f 1843/2157/2 1842/5350/2 1841/2158/2
f 1847/2160/8 1846/5351/8 1845/2161/8
f 2450/2163/1 2449/5352/1 2448/2164/1
f 2474/2166/4 2473/2169/4 2472/2167/4
f 2478/2169/2 2477/2166/2 2476/2168/2
f 2482/2170/8 2481/5353/8 2480/2171/8
f 6031/2175/3 6035/2180/3 6033/2173/3
f 6035/2180/3 6034/2179/3 6033/2173/3
f 6062/2176/8 6061/5354/8 6060/2177/8
f 6064/2180/1 6068/2175/1 6066/2173/1
f 6068/2175/1 6067/2174/1 6066/2173/1
f 6069/2183/2 6073/5355/2 6071/2181/2
f 6073/5355/2 6072/5356/2 6071/2181/2
f 6131/2184/4 6130/2193/4 6129/2185/4
f 6183/2189/8 6187/5357/8 6185/2187/8
f 6187/5357/8 6186/5358/8 6185/2187/8
f 6200/2190/1 6199/5359/1 6198/2191/1
f 6203/2193/2 6202/5360/2 6201/2194/2
f 6468/2195/8 6467/5361/8 6466/2196/8
f 6493/2198/3 6492/5362/3 6491/2199/3
f 6497/2201/2 6496/2204/2 6495/2202/2
f 6502/2199/1 6501/5362/1 6500/2198/1
f 6505/2204/4 6504/2201/4 6503/2203/4
f 6742/2205/2 6741/2208/2 6740/2206/2
f 6746/2208/4 6745/2205/4 6744/2207/4
f 6775/2209/8 6774/5363/8 6773/2210/8
f 6780/2212/1 6779/2346/1 6778/2213/1
f 6783/2213/3 6782/2346/3 6781/2212/3
f 6787/2215/8 6786/5364/8 6785/2216/8
f 6804/2218/4 6803/5365/4 6802/2219/4
f 6809/2221/1 6808/5366/1 6807/2222/1
f 10103/2224/3 10102/5367/3 10101/2225/3
f 10107/2227/2 10106/5368/2 10105/2228/2
f 10112/2225/1 10111/5367/1 10110/2224/1
f 10115/2230/8 10114/5369/8 10113/2231/8
f 10119/2233/4 10118/5370/4 10117/2234/4
f 10480/2236/2 10479/5371/2 10478/2237/2
f 10512/2239/8 10511/5372/8 10510/2240/8
f 10516/2242/1 10515/5373/1 10514/2243/1
f 10521/2243/3 10520/5373/3 10519/2242/3
f 10800/2245/8 10799/5374/8 10798/2246/8
f 10804/2248/1 10803/5375/1 10802/2249/1
f 10808/2251/2 10807/5376/2 10806/2252/2
f 10936/2254/4 10935/5377/4 10934/2255/4
f 10940/2257/8 10939/5378/8 10938/2258/8
f 10944/2260/3 10943/5379/3 10942/2261/3
f 10949/2261/1 10948/5379/1 10947/2260/1
f 10970/2263/2 10969/2272/2 10968/2264/2
f 10974/2266/8 10973/5380/8 10972/2267/8
f 10978/2269/3 10977/5381/3 10976/2270/3
f 10982/2272/4 10981/2263/4 10980/2265/4
usemtl material_11
f 499/2273/7 497/2274/7 500/2275/7
f 1685/2276/7 1683/2277/7 1686/2278/7
f 2274/2279/7 2272/2280/7 2275/2281/7
f 2867/2282/7 2865/2283/7 2868/2284/7
f 6864/2285/7 6862/2286/7 6865/2287/7
f 7289/2288/7 7287/2289/7 7290/2290/7
f 7676/2291/7 7674/2292/7 7677/2293/7
f 8111/2283/7 8109/2294/7 8112/2284/7
f 8339/2295/7 8338/2296/7 8337/2297/7
f 499/2273/7 498/5382/7 497/2274/7
f 1685/2276/7 1684/5383/7 1683/2277/7
f 2274/2279/7 2273/5384/7 2272/2280/7
f 2867/2282/7 2866/5385/7 2865/2283/7
f 6864/2285/7 6863/5386/7 6862/2286/7
f 7289/2288/7 7288/5387/7 7287/2289/7
f 7676/2291/7 7675/5388/7 7674/2292/7
f 8111/2283/7 8110/5389/7 8109/2294/7
f 8337/2297/7 8341/5390/7 8339/2295/7
f 8341/5390/7 8340/5391/7 8339/2295/7
usemtl material_12
f 901/2298/4 899/2299/4 902/2300/4
f 905/2301/4 903/2302/4 906/2303/4
f 981/2304/1 979/2305/1 978/2306/1
f 1179/2305/3 1177/2304/3 1180/2306/3
f 1183/2301/4 1181/2302/4 1184/2303/4
f 1207/2307/2 1205/2303/2 1208/2302/2
f 1211/2308/8 1209/2309/8 1212/2310/8
f 1283/2298/4 1281/2299/4 1284/2300/4
f 1292/2304/1 1290/2305/1 1289/2306/1
f 1295/2305/3 1293/2304/3 1296/2306/3
f 1323/2311/2 1321/2300/2 1324/2299/2
f 1327/2312/8 1325/2313/8 1328/2314/8
f 1547/2307/2 1545/2303/2 1548/2302/2
f 1551/2315/3 1549/2316/3 1552/2317/3
f 1580/2316/1 1578/2315/1 1577/2317/1
f 1587/2318/8 1585/2319/8 1588/2320/8
f 1698/2316/1 1696/2315/1 1695/2317/1
f 1743/2311/2 1741/2300/2 1744/2299/2
f 1767/2315/3 1765/2316/3 1768/2317/3
f 1775/2321/8 1773/2322/8 1776/2323/8
f 5982/2324/2 5980/2325/2 5983/2326/2
f 6216/2304/1 6214/2305/1 6213/2306/1
f 6219/2305/3 6217/2304/3 6220/2306/3
f 6243/2327/4 6241/2326/4 6244/2325/4
f 6247/2328/8 6245/2329/8 6248/2330/8
f 6611/2315/3 6609/2316/3 6612/2317/3
f 6636/2316/1 6634/2315/1 6633/2317/1
f 6643/2324/2 6641/2325/2 6644/2326/2
f 6647/2327/4 6645/2326/4 6648/2325/4
f 6675/2331/8 6673/2332/8 6676/2333/8
f 901/2298/4 900/2311/4 899/2299/4
f 905/2301/4 904/2307/4 903/2302/4
f 981/2304/1 980/5392/1 979/2305/1
f 1179/2305/3 1178/5392/3 1177/2304/3
f 1183/2301/4 1182/2307/4 1181/2302/4
f 1207/2307/2 1206/2301/2 1205/2303/2
f 1211/2308/8 1210/5393/8 1209/2309/8
f 1283/2298/4 1282/2311/4 1281/2299/4
f 1292/2304/1 1291/5392/1 1290/2305/1
f 1295/2305/3 1294/5392/3 1293/2304/3
f 1323/2311/2 1322/2298/2 1321/2300/2
f 1327/2312/8 1326/5394/8 1325/2313/8
f 1547/2307/2 1546/2301/2 1545/2303/2
f 1551/2315/3 1550/5395/3 1549/2316/3
f 1580/2316/1 1579/5395/1 1578/2315/1
f 1587/2318/8 1586/5396/8 1585/2319/8
f 1698/2316/1 1697/5395/1 1696/2315/1
f 1743/2311/2 1742/2298/2 1741/2300/2
f 1767/2315/3 1766/5395/3 1765/2316/3
f 1775/2321/8 1774/5397/8 1773/2322/8
f 5982/2324/2 5981/2327/2 5980/2325/2
f 6216/2304/1 6215/5392/1 6214/2305/1
f 6219/2305/3 6218/5392/3 6217/2304/3
f 6243/2327/4 6242/2324/4 6241/2326/4
f 6247/2328/8 6246/5398/8 6245/2329/8
f 6611/2315/3 6610/5395/3 6609/2316/3
f 6636/2316/1 6635/5395/1 6634/2315/1
f 6643/2324/2 6642/2327/2 6641/2325/2
f 6647/2327/4 6646/2324/4 6645/2326/4
f 6675/2331/8 6674/5399/8 6673/2332/8
usemtl material_13
f 910/2006/2 908/2334/2 907/2335/2
f 1215/2336/1 1214/544/1 1213/406/1
f 1223/2335/4 1222/2334/4 1226/2006/4
f 1234/2337/8 1232/2338/8 1235/2339/8
f 1238/2340/8 1236/2341/8 1239/2342/8
f 1243/2339/8 1242/2342/8 1240/2343/8
f 1259/2340/8 1258/2338/8 1261/2344/8
f 1266/2345/3 1265/2346/3 1264/522/3
f 1273/2347/8 1272/2348/8 1271/2349/8
f 1331/2350/4 1329/2351/4 1332/2352/4
f 1392/2353/4 1390/554/4 1393/2354/4
f 1430/2355/2 1428/2354/2 1431/2356/2
f 1435/2355/2 1433/402/2 1432/2353/2
f 1440/529/1 1438/411/1 1437/613/1
f 1460/2357/3 1458/2358/3 1461/2359/3
f 1465/2360/8 1463/2361/8 1462/2362/8
f 1469/2363/2 1467/1925/2 1470/1926/2
f 1474/2358/1 1472/2357/1 1471/2359/1
f 5248/843/4 5247/839/4 5246/518/4
f 5626/892/2 5624/2364/2 5627/893/2
f 5686/2365/1 5685/2366/1 5689/2367/1
f 5697/639/1 5695/613/1 5694/2368/1
f 5708/2369/1 5707/890/1 5706/624/1
f 5723/625/3 5721/624/3 5724/530/3
f 5743/554/4 5741/2370/4 5744/2354/4
f 5755/568/8 5753/2371/8 5756/540/8
f 5761/610/2 5759/2372/2 5758/539/2
f 5775/410/1 5773/534/1 5772/415/1
f 5784/537/2 5782/539/2 5785/610/2
f 5808/2373/3 5806/411/3 5805/2374/3
f 5820/2375/8 5819/2376/8 5818/2348/8
f 5825/2354/2 5823/2377/2 5826/2356/2
f 5846/2378/4 5844/610/4 5847/707/4
f 5908/2379/8 5906/2380/8 5904/2381/8
f 5912/625/1 5911/544/1 5910/406/1
f 5927/487/2 5925/2382/2 5928/2383/2
f 5931/571/8 5929/589/8 5932/566/8
f 5935/768/3 5933/767/3 5936/769/3
f 5944/767/1 5942/768/1 5941/769/1
f 5991/565/4 5990/564/4 5988/485/4
f 6082/483/2 6080/486/2 6083/485/2
f 6093/2374/3 6091/405/3 6090/2384/3
f 6096/2385/3 6094/624/3 6097/674/3
f 6122/2386/8 6126/2387/8 6125/2388/8
f 6269/2389/8 6267/2390/8 6270/2391/8
f 6282/2392/4 6281/714/4 6280/2393/4
f 6287/2394/4 6285/2392/4 6288/2395/4
f 6295/2392/2 6293/638/2 6296/786/2
f 6305/637/2 6303/2396/2 6306/2397/2
f 6313/2398/1 6312/2399/1 6311/2400/1
f 6319/632/2 6317/2401/2 6320/633/2
f 6327/511/4 6325/2397/4 6328/2396/4
f 6335/2402/8 6333/2403/8 6336/2404/8
f 6339/2405/8 6337/2406/8 6340/2407/8
f 6342/2402/8 6341/2406/8 6344/2408/8
f 6348/2409/8 6347/2410/8 6352/2407/8
f 6357/2410/8 6355/2391/8 6358/2411/8
f 6431/671/3 6429/2412/3 6432/2413/3
f 6435/2414/8 6434/691/8 6433/2415/8
f 6509/890/3 6507/522/3 6510/624/3
f 6513/888/8 6511/2416/8 6514/2417/8
f 6631/694/8 6629/2418/8 6632/695/8
f 6685/2419/3 6683/2420/3 6686/2421/3
f 6689/2422/2 6687/2423/2 6690/2424/2
f 6701/538/4 6699/2424/4 6702/2423/4
f 6706/2420/1 6704/2419/1 6703/2421/1
f 6979/748/2 6977/750/2 6980/751/2
f 6996/2425/3 6994/2426/3 6997/2427/3
f 7000/2428/8 6998/2429/8 7001/2430/8
f 7004/2431/4 7002/2432/4 7005/2433/4
f 7014/2434/8 7012/2435/8 7015/2436/8
f 7019/2437/1 7017/2438/1 7016/2439/1
f 7022/2440/2 7020/2441/2 7023/2442/2
f 7026/2438/3 7024/2437/3 7027/2439/3
f 7038/2443/8 7036/2444/8 7039/2445/8
f 7063/2446/2 7061/2447/2 7064/782/2
f 7067/700/1 7066/475/1 7065/697/1
f 7369/785/2 7367/2392/2 7370/786/2
f 7373/2393/4 7371/2448/4 7374/2449/4
f 7383/2450/8 7381/2414/8 7384/2451/8
f 7547/701/3 7546/450/3 7545/697/3
f 7557/2452/8 7555/2453/8 7554/2454/8
f 7561/2455/8 7559/2456/8 7562/2452/8
f 7573/2457/2 7571/2446/2 7574/782/2
f 9870/2458/8 9868/2459/8 9871/2460/8
f 9926/600/2 9924/632/2 9927/643/2
f 9930/643/2 9928/631/2 9931/638/2
f 9934/2392/2 9932/600/2 9935/643/2
f 9939/2461/1 9937/2462/1 9936/2463/1
f 9944/2459/8 9942/2464/8 9945/2465/8
f 9948/2463/3 9946/830/3 9949/835/3
f 9952/632/4 9950/638/4 9953/631/4
f 9958/643/4 9956/601/4 9954/2466/4
f 9962/2467/8 9960/2468/8 9963/2469/8
f 9966/2470/1 9964/848/1 9967/2471/1
f 9970/2472/3 9968/2471/3 9971/848/3
f 10308/2473/8 10306/2474/8 10305/834/8
f 10686/2461/1 10684/835/1 10687/830/1
f 10691/2463/3 10689/2475/3 10688/2461/3
f 10694/2476/2 10692/714/2 10695/2392/2
f 10698/2477/8 10697/2478/8 10696/2479/8
f 10703/2480/4 10701/2466/4 10704/2481/4
f 10708/2481/4 10706/2482/4 10705/2476/4
f 10729/2463/3 10727/830/3 10730/835/3
f 10752/2483/2 10750/2484/2 10753/2485/2
f 10757/2485/2 10755/864/2 10754/2486/2
f 907/2335/2 913/512/2 911/5400/2
f 913/512/2 912/5401/2 911/5400/2
f 911/5400/2 910/2006/2 907/2335/2
f 910/2006/2 909/5402/2 908/2334/2
f 1213/406/1 1217/522/1 1215/2336/1
f 1217/522/1 1216/2346/1 1215/2336/1
f 1222/2334/4 1227/5402/4 1226/2006/4
f 1226/2006/4 1225/5401/4 1223/2335/4
f 1225/5401/4 1224/512/4 1223/2335/4
f 1234/2337/8 1233/5403/8 1232/2338/8
f 1238/2340/8 1237/5404/8 1236/2341/8
f 1240/2343/8 1245/5405/8 1243/2339/8
f 1245/5405/8 1244/2337/8 1243/2339/8
f 1242/2342/8 1241/2341/8 1240/2343/8
f 1258/2338/8 1263/5403/8 1262/5406/8
f 1262/5406/8 1261/2344/8 1258/2338/8
f 1261/2344/8 1260/5404/8 1259/2340/8
f 1264/522/3 1269/406/3 1267/5407/3
f 1269/406/3 1268/544/3 1267/5407/3
f 1267/5407/3 1266/2345/3 1264/522/3
f 1270/4895/8 1274/5408/8 1271/2349/8
f 1274/5408/8 1273/2347/8 1271/2349/8
f 1331/2350/4 1330/5409/4 1329/2351/4
f 1392/2353/4 1391/402/4 1390/554/4
f 1430/2355/2 1429/5410/2 1428/2354/2
f 1432/2353/2 1436/5410/2 1435/2355/2
f 1435/2355/2 1434/403/2 1433/402/2
f 1440/529/1 1439/406/1 1438/411/1
f 1460/2357/3 1459/5411/3 1458/2358/3
f 1462/2362/8 1466/4893/8 1465/2360/8
f 1465/2360/8 1464/417/8 1463/2361/8
f 1469/2363/2 1468/5412/2 1467/1925/2
f 1474/2358/1 1473/5411/1 1472/2357/1
f 5246/518/4 5250/2486/4 5249/864/4
f 5249/864/4 5248/843/4 5246/518/4
f 5626/892/2 5625/5413/2 5624/2364/2
f 5684/404/1 5693/411/1 5691/2572/1
f 5693/411/1 5692/405/1 5691/2572/1
f 5691/2572/1 5690/5414/1 5684/404/1
f 5684/404/1 5690/5414/1 5685/2366/1
f 5690/5414/1 5689/2367/1 5685/2366/1
f 5689/2367/1 5688/533/1 5686/2365/1
f 5688/533/1 5687/534/1 5686/2365/1
f 5697/639/1 5696/529/1 5695/613/1
f 5706/624/1 5710/522/1 5708/2369/1
f 5710/522/1 5709/2346/1 5708/2369/1
f 5723/625/3 5722/890/3 5721/624/3
f 5743/554/4 5742/539/4 5741/2370/4
f 5755/568/8 5754/567/8 5753/2371/8
f 5757/2370/2 5762/562/2 5761/610/2
f 5761/610/2 5760/537/2 5759/2372/2
f 5758/539/2 5757/2370/2 5761/610/2
f 5775/410/1 5774/404/1 5773/534/1
f 5784/537/2 5783/2372/2 5782/539/2
f 5808/2373/3 5807/613/3 5806/411/3
f 5818/2348/8 5822/2347/8 5820/2375/8
f 5822/2347/8 5821/5415/8 5820/2375/8
f 5825/2354/2 5824/2370/2 5823/2377/2
f 5846/2378/4 5845/537/4 5844/610/4
f 5904/2381/8 5909/2376/8 5908/2379/8
f 5908/2379/8 5907/606/8 5906/2380/8
f 5906/2380/8 5905/4939/8 5904/2381/8
f 5910/406/1 5914/624/1 5912/625/1
f 5914/624/1 5913/890/1 5912/625/1
f 5927/487/2 5926/563/2 5925/2382/2
f 5931/571/8 5930/570/8 5929/589/8
f 5935/768/3 5934/415/3 5933/767/3
f 5944/767/1 5943/415/1 5942/768/1
f 5988/485/4 5993/486/4 5991/565/4
f 5993/486/4 5992/488/4 5991/565/4
f 5990/564/4 5989/483/4 5988/485/4
f 6082/483/2 6081/488/2 6080/486/2
f 6093/2374/3 6092/411/3 6091/405/3
f 6096/2385/3 6095/890/3 6094/624/3
f 6122/2386/8 6128/614/8 6126/2387/8
f 6128/614/8 6127/5416/8 6126/2387/8
f 6124/5417/8 6123/611/8 6125/2388/8
f 6123/611/8 6122/2386/8 6125/2388/8
f 6269/2389/8 6268/5418/8 6267/2390/8
f 6280/2393/4 6284/2449/4 6282/2392/4
f 6284/2449/4 6283/786/4 6282/2392/4
f 6287/2394/4 6286/714/4 6285/2392/4
f 6295/2392/2 6294/643/2 6293/638/2
f 6305/637/2 6304/511/2 6303/2396/2
f 6311/2400/1 6316/666/1 6313/2398/1
f 6316/666/1 6315/5419/1 6314/5420/1
f 6313/2398/1 6316/666/1 6314/5420/1
f 6319/632/2 6318/601/2 6317/2401/2
f 6327/511/4 6326/637/4 6325/2397/4
f 6335/2402/8 6334/5421/8 6333/2403/8
f 6339/2405/8 6338/5422/8 6337/2406/8
f 6341/2406/8 6346/5422/8 6345/5423/8
f 6345/5423/8 6344/2408/8 6341/2406/8
f 6344/2408/8 6343/5421/8 6342/2402/8
f 6347/2410/8 6354/2411/8 6353/2405/8
f 6347/2410/8 6353/2405/8 6352/2407/8
f 6350/2403/8 6349/5424/8 6351/2404/8
f 6349/5424/8 6348/2409/8 6352/2407/8
f 6351/2404/8 6349/5424/8 6352/2407/8
f 6357/2410/8 6356/2389/8 6355/2391/8
f 6431/671/3 6430/5425/3 6429/2412/3
f 6433/2415/8 6437/5426/8 6436/2451/8
f 6436/2451/8 6435/2414/8 6433/2415/8
f 6509/890/3 6508/2346/3 6507/522/3
f 6513/888/8 6512/5427/8 6511/2416/8
f 6631/694/8 6630/5428/8 6629/2418/8
f 6685/2419/3 6684/5429/3 6683/2420/3
f 6689/2422/2 6688/538/2 6687/2423/2
f 6701/538/4 6700/2422/4 6699/2424/4
f 6706/2420/1 6705/5429/1 6704/2419/1
f 6979/748/2 6978/5430/2 6977/750/2
f 6996/2425/3 6995/5431/3 6994/2426/3
f 7000/2428/8 6999/2436/8 6998/2429/8
f 7004/2431/4 7003/5432/4 7002/2432/4
f 7014/2434/8 7013/5433/8 7012/2435/8
f 7019/2437/1 7018/5434/1 7017/2438/1
f 7022/2440/2 7021/5435/2 7020/2441/2
f 7026/2438/3 7025/5434/3 7024/2437/3
f 7038/2443/8 7037/2454/8 7036/2444/8
f 7063/2446/2 7062/5436/2 7061/2447/2
f 7065/697/1 7070/450/1 7068/5437/1
f 7070/450/1 7069/701/1 7068/5437/1
f 7068/5437/1 7067/700/1 7065/697/1
f 7369/785/2 7368/2476/2 7367/2392/2
f 7373/2393/4 7372/5438/4 7371/2448/4
f 7383/2450/8 7382/778/8 7381/2414/8
f 7545/697/3 7549/475/3 7548/700/3
f 7548/700/3 7547/701/3 7545/697/3
f 7554/2454/8 7558/2443/8 7557/2452/8
f 7557/2452/8 7556/2456/8 7555/2453/8
f 7561/2455/8 7560/5439/8 7559/2456/8
f 7573/2457/2 7572/5440/2 7571/2446/2
f 9870/2458/8 9869/5441/8 9868/2459/8
f 9926/600/2 9925/601/2 9924/632/2
f 9930/643/2 9929/632/2 9928/631/2
f 9934/2392/2 9933/714/2 9932/600/2
f 9936/2463/1 9941/835/1 9940/830/1
f 9939/2461/1 9938/2475/1 9937/2462/1
f 9936/2463/1 9940/830/1 9939/2461/1
f 9944/2459/8 9943/5441/8 9942/2464/8
f 9948/2463/3 9947/2461/3 9946/830/3
f 9952/632/4 9951/643/4 9950/638/4
f 9954/2466/4 9959/2392/4 9958/643/4
f 9958/643/4 9957/632/4 9956/601/4
f 9956/601/4 9955/714/4 9954/2466/4
f 9962/2467/8 9961/5442/8 9960/2468/8
f 9966/2470/1 9965/2472/1 9964/848/1
f 9970/2472/3 9969/2470/3 9968/2471/3
f 10305/834/8 10309/5014/8 10308/2473/8
f 10308/2473/8 10307/5443/8 10306/2474/8
f 10686/2461/1 10685/2463/1 10684/835/1
f 10691/2463/3 10690/2462/3 10689/2475/3
f 10694/2476/2 10693/2482/2 10692/714/2
f 10696/2479/8 10700/2465/8 10698/2477/8
f 10700/2465/8 10699/2464/8 10698/2477/8
f 10703/2480/4 10702/2392/4 10701/2466/4
f 10705/2476/4 10709/2480/4 10708/2481/4
f 10708/2481/4 10707/5444/4 10706/2482/4
f 10729/2463/3 10728/2461/3 10727/830/3
f 10752/2483/2 10751/518/2 10750/2484/2
f 10754/2486/2 10758/2483/2 10757/2485/2
f 10757/2485/2 10756/5445/2 10755/864/2
usemtl material_14
f 965/2487/3 963/2488/3 966/2489/3
f 970/2490/3 968/2488/3 967/2491/3
f 1041/2472/2 1039/2492/2 1042/2493/2
f 1045/2493/2 1043/2494/2 1046/2495/2
f 1049/2496/2 1047/2497/2 1050/2498/2
f 1053/2498/2 1051/2499/2 1054/2500/2
f 1078/2501/8 1076/2502/8 1079/2503/8
f 1082/2504/4 1080/2493/4 1083/2492/4
f 1086/2492/4 1084/2495/4 1087/2494/4
f 1090/2505/3 1088/2506/3 1091/2507/3
f 1095/2508/3 1093/2506/3 1092/2509/3
f 1098/2510/1 1096/2511/1 1099/2512/1
f 1102/2512/1 1100/2513/1 1103/2514/1
f 1106/2515/8 1104/2516/8 1107/2517/8
f 1159/2518/4 1157/2519/4 1160/2520/4
f 1163/2520/4 1161/2521/4 1164/2522/4
f 1167/2523/1 1165/2524/1 1168/2525/1
f 1171/2525/1 1169/2526/1 1172/2527/1
f 1701/2528/2 1699/2529/2 1702/2530/2
f 1705/2530/2 1703/2531/2 1706/2532/2
f 1709/2533/8 1707/2534/8 1710/2535/8
f 1713/2536/4 1711/2530/4 1714/2529/4
f 1717/2529/4 1715/2532/4 1718/2531/4
f 1722/2537/1 1720/2538/1 1719/2539/1
f 1726/2540/1 1724/2539/1 1723/2541/1
f 1729/2542/3 1727/2543/3 1730/2544/3
f 1733/2544/3 1731/2545/3 1734/2546/3
f 5778/2547/8 5777/2548/8 5776/2549/8
f 5789/2550/1 5787/2551/1 5786/2552/1
f 5793/2553/1 5791/2551/1 5794/2554/1
f 5796/2555/1 5795/2556/1 5799/2554/1
f 5850/2557/2 5848/2558/2 5851/2559/2
f 5854/2560/2 5852/2561/2 5855/2557/2
f 5861/2559/2 5858/2562/2 5857/2563/2
f 5865/2557/2 5863/2564/2 5866/2560/2
f 5868/2565/4 5867/2566/4 5871/2567/4
f 5876/2568/4 5874/2569/4 5877/2570/4
f 5898/2571/3 5897/2572/3 5895/2573/3
f 5903/2574/3 5901/2575/3 5900/2576/3
f 6088/2577/8 6086/2578/8 6085/2579/8
f 6101/2512/1 6099/2580/1 6098/2511/1
f 6104/2512/1 6102/2513/1 6105/2514/1
f 6141/2581/2 6139/2582/2 6138/2583/2
f 6145/2584/2 6143/2585/2 6146/2586/2
f 6149/2587/2 6147/2588/2 6150/2589/2
f 6153/2590/2 6151/2591/2 6154/2587/2
f 6158/2589/2 6156/2581/2 6155/2584/2
f 6162/2584/2 6160/2590/2 6163/2587/2
f 6168/2592/3 6167/2510/3 6166/2593/3
f 6173/2513/3 6171/2512/3 6170/2514/3
f 6177/2594/4 6175/2595/4 6174/2596/4
f 6181/2597/4 6179/2598/4 6182/2599/4
f 6615/2600/4 6613/2601/4 6616/2602/4
f 6619/2602/4 6617/2603/4 6620/2604/4
f 6623/2605/4 6621/2606/4 6624/2607/4
f 6627/2607/4 6625/2608/4 6628/2609/4
f 6721/2610/8 6719/2611/8 6722/2612/8
f 6750/2613/3 6749/2614/3 6748/2543/3
f 6755/2544/3 6753/2545/3 6756/2546/3
f 6759/2615/2 6757/2616/2 6760/2617/2
f 6763/2617/2 6761/2618/2 6764/2619/2
f 6768/2537/1 6766/2538/1 6765/2539/1
f 6772/2540/1 6770/2539/1 6769/2541/1
f 6827/2620/8 6825/2621/8 6828/2622/8
f 6831/2623/2 6829/2624/2 6832/2625/2
f 6835/2625/2 6833/2626/2 6836/2627/2
f 6839/2613/1 6838/2542/1 6837/2544/1
f 6845/2545/1 6843/2544/1 6842/2546/1
f 6848/2542/3 6846/2543/3 6849/2544/3
f 6852/2544/3 6850/2545/3 6853/2546/3
f 965/2487/3 964/5446/3 963/2488/3
f 970/2490/3 969/2489/3 968/2488/3
f 1041/2472/2 1040/2504/2 1039/2492/2
f 1045/2493/2 1044/2492/2 1043/2494/2
f 1049/2496/2 1048/5447/2 1047/2497/2
f 1053/2498/2 1052/2497/2 1051/2499/2
f 1078/2501/8 1077/5448/8 1076/2502/8
f 1082/2504/4 1081/2472/4 1080/2493/4
f 1086/2492/4 1085/2493/4 1084/2495/4
f 1090/2505/3 1089/5449/3 1088/2506/3
f 1095/2508/3 1094/2507/3 1093/2506/3
f 1098/2510/1 1097/2592/1 1096/2511/1
f 1102/2512/1 1101/2511/1 1100/2513/1
f 1106/2515/8 1105/5450/8 1104/2516/8
f 1159/2518/4 1158/5451/4 1157/2519/4
f 1163/2520/4 1162/2519/4 1161/2521/4
f 1167/2523/1 1166/5452/1 1165/2524/1
f 1171/2525/1 1170/2524/1 1169/2526/1
f 1701/2528/2 1700/2536/2 1699/2529/2
f 1705/2530/2 1704/2529/2 1703/2531/2
f 1709/2533/8 1708/5453/8 1707/2534/8
f 1713/2536/4 1712/2528/4 1711/2530/4
f 1717/2529/4 1716/2530/4 1715/2532/4
f 1722/2537/1 1721/5454/1 1720/2538/1
f 1726/2540/1 1725/2537/1 1724/2539/1
f 1729/2542/3 1728/2614/3 1727/2543/3
f 1733/2544/3 1732/2543/3 1731/2545/3
f 5776/2549/8 5781/5455/8 5780/5456/8
f 5780/5456/8 5779/5457/8 5776/2549/8
f 5779/5457/8 5778/2547/8 5776/2549/8
f 5786/2552/1 5790/5458/1 5789/2550/1
f 5789/2550/1 5788/2554/1 5787/2551/1
f 5793/2553/1 5792/5459/1 5791/2551/1
f 5795/2556/1 5800/2553/1 5799/2554/1
f 5799/2554/1 5798/2550/1 5797/5460/1
f 5797/5460/1 5796/2555/1 5799/2554/1
f 5850/2557/2 5849/2561/2 5848/2558/2
f 5854/2560/2 5853/5461/2 5852/2561/2
f 5856/5462/2 5862/2557/2 5857/2563/2
f 5862/2557/2 5861/2559/2 5857/2563/2
f 5861/2559/2 5860/5463/2 5859/5464/2
f 5861/2559/2 5859/5464/2 5858/2562/2
f 5865/2557/2 5864/5462/2 5863/2564/2
f 5867/2566/4 5873/2568/4 5872/5465/4
f 5871/2567/4 5870/553/4 5869/2372/4
f 5867/2566/4 5872/5465/4 5871/2567/4
f 5869/2372/4 5868/2565/4 5871/2567/4
f 5876/2568/4 5875/2566/4 5874/2569/4
f 5894/2575/3 5899/5466/3 5895/2573/3
f 5899/5466/3 5898/2571/3 5895/2573/3
f 5897/2572/3 5896/405/3 5895/2573/3
f 5903/2574/3 5902/5466/3 5901/2575/3
f 6084/5467/8 6089/5468/8 6085/2579/8
f 6089/5468/8 6088/2577/8 6085/2579/8
f 6088/2577/8 6087/5469/8 6086/2578/8
f 6101/2512/1 6100/2593/1 6099/2580/1
f 6104/2512/1 6103/2511/1 6102/2513/1
f 6137/5470/2 6142/2584/2 6141/2581/2
f 6141/2581/2 6140/5471/2 6139/2582/2
f 6138/2583/2 6137/5470/2 6141/2581/2
f 6145/2584/2 6144/5470/2 6143/2585/2
f 6149/2587/2 6148/2591/2 6147/2588/2
f 6153/2590/2 6152/5472/2 6151/2591/2
f 6155/2584/2 6159/2587/2 6158/2589/2
f 6158/2589/2 6157/5473/2 6156/2581/2
f 6162/2584/2 6161/2586/2 6160/2590/2
f 6164/2512/3 6169/2511/3 6165/5474/3
f 6169/2511/3 6168/2592/3 6166/2593/3
f 6165/5474/3 6169/2511/3 6166/2593/3
f 6173/2513/3 6172/2511/3 6171/2512/3
f 6174/2596/4 6178/2597/4 6177/2594/4
f 6177/2594/4 6176/564/4 6175/2595/4
f 6181/2597/4 6180/2596/4 6179/2598/4
f 6615/2600/4 6614/5475/4 6613/2601/4
f 6619/2602/4 6618/2601/4 6617/2603/4
f 6623/2605/4 6622/483/4 6621/2606/4
f 6627/2607/4 6626/2606/4 6625/2608/4
f 6721/2610/8 6720/5476/8 6719/2611/8
f 6748/2543/3 6752/2544/3 6750/2613/3
f 6752/2544/3 6751/2542/3 6750/2613/3
f 6755/2544/3 6754/2543/3 6753/2545/3
f 6759/2615/2 6758/5477/2 6757/2616/2
f 6763/2617/2 6762/2616/2 6761/2618/2
f 6768/2537/1 6767/5454/1 6766/2538/1
f 6772/2540/1 6771/2537/1 6770/2539/1
f 6827/2620/8 6826/5478/8 6825/2621/8
f 6831/2623/2 6830/5479/2 6829/2624/2
f 6835/2625/2 6834/2624/2 6833/2626/2
f 6837/2544/1 6841/2543/1 6839/2613/1
f 6841/2543/1 6840/2614/1 6839/2613/1
f 6845/2545/1 6844/2543/1 6843/2544/1
f 6848/2542/3 6847/2614/3 6846/2543/3
f 6852/2544/3 6851/2543/3 6850/2545/3
usemtl material_15
f 971/2628/4 975/2629/4 974/2630/4
f 1061/2631/1 1059/2632/1 1062/2633/1
f 1109/2634/3 1108/2635/3 1112/496/3
f 1132/2636/1 1130/2637/1 1133/2631/1
f 1136/2638/2 1134/2629/2 1137/2639/2
f 1140/2639/2 1139/2629/2 1138/2640/2
f 1151/2641/2 1149/2639/2 1152/2642/2
f 5244/2643/4 5242/2644/4 5245/2645/4
f 10681/2646/1 10680/2647/1 10679/2648/1
f 10720/2649/3 10719/2650/3 10718/2648/3
f 10737/2651/2 10735/2652/2 10738/2653/2
f 10742/2653/2 10740/2643/2 10739/2645/2
f 10990/2654/7 10988/2655/7 10991/2656/7
f 10994/2657/4 10992/2658/4 10995/2659/4
f 10998/2660/2 10996/2496/2 10999/2661/2
f 11002/2662/1 11000/2663/1 11003/2664/1
f 11007/2662/3 11005/2663/3 11004/2665/3
f 971/2628/4 977/5480/4 975/2629/4
f 977/5480/4 976/2640/4 975/2629/4
f 974/2630/4 973/5481/4 972/2721/4
f 972/2721/4 971/2628/4 974/2630/4
f 1061/2631/1 1060/2637/1 1059/2632/1
f 1108/2635/3 1113/499/3 1112/496/3
f 1112/496/3 1111/473/3 1109/2634/3
f 1111/473/3 1110/498/3 1109/2634/3
f 1132/2636/1 1131/5482/1 1130/2637/1
f 1136/2638/2 1135/2630/2 1134/2629/2
f 1138/2640/2 1142/5480/2 1140/2639/2
f 1142/5480/2 1141/2642/2 1140/2639/2
f 1151/2641/2 1150/2638/2 1149/2639/2
f 5244/2643/4 5243/5483/4 5242/2644/4
f 10679/2648/1 10683/2650/1 10682/2649/1
f 10682/2649/1 10681/2646/1 10679/2648/1
f 10718/2648/3 10722/2647/3 10721/2646/3
f 10721/2646/3 10720/2649/3 10718/2648/3
f 10737/2651/2 10736/5484/2 10735/2652/2
f 10739/2645/2 10743/2651/2 10742/2653/2
f 10742/2653/2 10741/5485/2 10740/2643/2
f 10990/2654/7 10989/5486/7 10988/2655/7
f 10994/2657/4 10993/5487/4 10992/2658/4
f 10998/2660/2 10997/5488/2 10996/2496/2
f 11002/2662/1 11001/2665/1 11000/2663/1
f 11007/2662/3 11006/2664/3 11005/2663/3
usemtl material_16
f 1037/2666/8 1035/2667/8 1038/2668/8
f 1187/2669/7 1185/2668/7 1188/2667/7
f 1192/2670/3 1190/2671/3 1189/2672/3
f 1195/2673/2 1193/2674/2 1196/2675/2
f 1199/2671/1 1197/2670/1 1200/2672/1
f 1203/2676/4 1201/2675/4 1204/2674/4
f 1299/2677/7 1297/2678/7 1300/2679/7
f 1304/2670/3 1302/2671/3 1301/2672/3
f 1307/2680/2 1305/2681/2 1308/2682/2
f 1311/2683/8 1309/2679/8 1312/2678/8
f 1315/2671/1 1313/2670/1 1316/2672/1
f 1319/2684/4 1317/2682/4 1320/2681/4
f 1555/2685/7 1553/2686/7 1556/2687/7
f 1559/2688/1 1557/2689/1 1560/2690/1
f 1563/2691/8 1561/2687/8 1564/2686/8
f 1568/2689/3 1566/2688/3 1565/2690/3
f 1571/2692/4 1569/2693/4 1572/2694/4
f 1575/2695/2 1573/2694/2 1576/2693/2
f 1693/2696/8 1691/2697/8 1694/2698/8
f 1747/2699/7 1745/2698/7 1748/2697/7
f 1752/2689/3 1750/2688/3 1749/2690/3
f 1755/2688/1 1753/2689/1 1756/2690/1
f 1759/2684/4 1757/2682/4 1760/2681/4
f 1763/2680/2 1761/2681/2 1764/2682/2
f 5978/2700/8 5976/2701/8 5979/2702/8
f 6223/2703/7 6221/2702/7 6224/2701/7
f 6227/2671/1 6225/2670/1 6228/2672/1
f 6232/2670/3 6230/2671/3 6229/2672/3
f 6235/2704/4 6233/2705/4 6236/2706/4
f 6239/2707/2 6237/2706/2 6240/2705/2
f 6651/2708/7 6649/2709/7 6652/2710/7
f 6656/2689/3 6654/2688/3 6653/2690/3
f 6659/2711/8 6657/2710/8 6660/2709/8
f 6663/2688/1 6661/2689/1 6664/2690/1
f 6667/2707/2 6665/2706/2 6668/2705/2
f 6671/2704/4 6669/2705/4 6672/2706/4
f 1037/2666/8 1036/2669/8 1035/2667/8
f 1187/2669/7 1186/2666/7 1185/2668/7
f 1192/2670/3 1191/5489/3 1190/2671/3
f 1195/2673/2 1194/2676/2 1193/2674/2
f 1199/2671/1 1198/5489/1 1197/2670/1
f 1203/2676/4 1202/2673/4 1201/2675/4
f 1299/2677/7 1298/2683/7 1297/2678/7
f 1304/2670/3 1303/5489/3 1302/2671/3
f 1307/2680/2 1306/2684/2 1305/2681/2
f 1311/2683/8 1310/2677/8 1309/2679/8
f 1315/2671/1 1314/5489/1 1313/2670/1
f 1319/2684/4 1318/2680/4 1317/2682/4
f 1555/2685/7 1554/2691/7 1553/2686/7
f 1559/2688/1 1558/5490/1 1557/2689/1
f 1563/2691/8 1562/2685/8 1561/2687/8
f 1568/2689/3 1567/5490/3 1566/2688/3
f 1571/2692/4 1570/2695/4 1569/2693/4
f 1575/2695/2 1574/2692/2 1573/2694/2
f 1693/2696/8 1692/2699/8 1691/2697/8
f 1747/2699/7 1746/2696/7 1745/2698/7
f 1752/2689/3 1751/5490/3 1750/2688/3
f 1755/2688/1 1754/5490/1 1753/2689/1
f 1759/2684/4 1758/2680/4 1757/2682/4
f 1763/2680/2 1762/2684/2 1761/2681/2
f 5978/2700/8 5977/2703/8 5976/2701/8
f 6223/2703/7 6222/2700/7 6221/2702/7
f 6227/2671/1 6226/5489/1 6225/2670/1
f 6232/2670/3 6231/5489/3 6230/2671/3
f 6235/2704/4 6234/2707/4 6233/2705/4
f 6239/2707/2 6238/2704/2 6237/2706/2
f 6651/2708/7 6650/2711/7 6649/2709/7
f 6656/2689/3 6655/5490/3 6654/2688/3
f 6659/2711/8 6658/2708/8 6657/2710/8
f 6663/2688/1 6662/5490/1 6661/2689/1
f 6667/2707/2 6666/2704/2 6665/2706/2
f 6671/2704/4 6670/2707/4 6669/2705/4
usemtl material_17
f 1057/2712/1 1055/2713/1 1058/2714/1
f 1064/2715/1 1063/2716/1 1066/2717/1
f 1072/2718/1 1071/2719/1 1070/2720/1
f 1120/2630/4 1118/2639/4 1121/2629/4
f 1146/2638/2 1144/2628/2 1143/2721/2
f 1155/2638/2 1153/2629/2 1156/2639/2
f 10761/2722/8 10759/2723/8 10762/2724/8
f 10766/2724/8 10764/2725/8 10763/2726/8
f 1057/2712/1 1056/2717/1 1055/2713/1
f 1063/2716/1 1069/5491/1 1067/5492/1
f 1069/5491/1 1068/5493/1 1067/5492/1
f 1067/5492/1 1066/2717/1 1063/2716/1
f 1066/2717/1 1065/2712/1 1064/2715/1
f 1070/2720/1 1075/700/1 1072/2718/1
f 1075/700/1 1074/2714/1 1073/2713/1
f 1072/2718/1 1075/700/1 1073/2713/1
f 1120/2630/4 1119/2638/4 1118/2639/4
f 1143/2721/2 1148/5481/2 1147/2630/2
f 1146/2638/2 1145/2641/2 1144/2628/2
f 1143/2721/2 1147/2630/2 1146/2638/2
f 1155/2638/2 1154/2630/2 1153/2629/2
f 10761/2722/8 10760/5494/8 10759/2723/8
f 10763/2726/8 10767/5495/8 10766/2724/8
f 10766/2724/8 10765/2723/8 10764/2725/8
usemtl material_18
f 1116/2727/8 1114/2728/8 1117/2729/8
f 1124/2730/8 1122/2731/8 1125/2732/8
f 1128/2732/7 1126/2733/7 1129/2730/7
f 10986/2734/8 10984/2735/8 10987/2736/8
f 1116/2727/8 1115/5496/8 1114/2728/8
f 1124/2730/8 1123/2733/8 1122/2731/8
f 1128/2732/7 1127/2731/7 1126/2733/7
f 10986/2734/8 10985/5497/8 10984/2735/8
usemtl material_19
f 1175/2737/7 1173/2738/7 1176/2739/7
f 1287/2740/7 1285/2741/7 1288/2742/7
f 1583/2743/7 1581/2744/7 1584/2745/7
f 1771/2746/7 1769/2747/7 1772/2748/7
f 6211/2749/7 6209/2750/7 6212/2751/7
f 6639/2752/7 6637/2753/7 6640/2754/7
f 1175/2737/7 1174/5498/7 1173/2738/7
f 1287/2740/7 1286/5499/7 1285/2741/7
f 1583/2743/7 1582/5500/7 1581/2744/7
f 1771/2746/7 1770/5501/7 1769/2747/7
f 6211/2749/7 6210/5502/7 6209/2750/7
f 6639/2752/7 6638/5503/7 6637/2753/7
usemtl material_20
f 1498/2755/4 1496/2756/4 1499/2757/4
f 1502/2758/4 1500/2759/4 1503/2760/4
f 1532/2761/4 1531/2762/4 1535/2763/4
f 6545/2764/4 6543/2765/4 6542/2766/4
f 6548/2767/4 6546/2768/4 6549/2769/4
f 6551/2770/4 6550/2771/4 6555/2772/4
f 1498/2755/4 1497/5504/4 1496/2756/4
f 1502/2758/4 1501/5505/4 1500/2759/4
f 1531/2762/4 1536/5506/4 1535/2763/4
f 1535/2763/4 1534/5507/4 1532/2761/4
f 1534/5507/4 1533/5508/4 1532/2761/4
f 6545/2764/4 6544/5509/4 6543/2765/4
f 6548/2767/4 6547/5510/4 6546/2768/4
f 6550/2771/4 6556/5511/4 6555/2772/4
f 6555/2772/4 6554/5512/4 6551/2770/4
f 6554/5512/4 6553/5513/4 6552/5514/4
f 6554/5512/4 6552/5514/4 6551/2770/4
usemtl material_21
f 1595/2773/3 1594/2774/3 1593/2775/3
f 1604/2776/4 1603/2777/4 1606/2778/4
f 1657/2779/2 1656/2780/2 1660/2781/2
f 1664/2774/1 1662/2782/1 1665/2775/1
f 10677/842/2 10675/859/2 10678/843/2
f 10733/2472/3 10731/2471/3 10734/848/3
f 10792/2783/1 10790/2784/1 10789/848/1
f 10795/2470/1 10794/2785/1 10793/2786/1
f 1593/2775/3 1598/2782/3 1596/5515/3
f 1598/2782/3 1597/5516/3 1596/5515/3
f 1596/5515/3 1595/2773/3 1593/2775/3
f 1603/2777/4 1608/5517/4 1607/5518/4
f 1607/5518/4 1606/2778/4 1603/2777/4
f 1606/2778/4 1605/5519/4 1604/2776/4
f 1656/2780/2 1661/5520/2 1660/2781/2
f 1660/2781/2 1659/5521/2 1657/2779/2
f 1659/5521/2 1658/5522/2 1657/2779/2
f 1664/2774/1 1663/5516/1 1662/2782/1
f 10677/842/2 10676/872/2 10675/859/2
f 10733/2472/3 10732/2470/3 10731/2471/3
f 10792/2783/1 10791/2786/1 10790/2784/1
f 10793/2786/1 10797/2783/1 10796/2471/1
f 10796/2471/1 10795/2470/1 10793/2786/1
usemtl material_22
f 1739/2787/8 1737/2788/8 1736/2789/8
f 3183/2790/1 3181/2791/1 3184/2792/1
f 3314/2793/5 3312/2794/5 3315/2795/5
f 3318/2796/7 3317/2797/7 3316/2798/7
f 3322/2799/23 3320/2800/23 3319/2801/23
f 3338/2802/2 3336/2803/2 3335/2804/2
f 3341/2803/4 3339/2802/4 3342/2804/4
f 3345/2792/24 3343/2805/24 3346/2806/24
f 3349/2790/25 3348/2807/25 3347/2808/25
f 3354/2809/26 3352/2810/26 3355/2811/26
f 3367/2807/27 3365/2794/27 3364/2812/27
f 3379/2813/28 3377/2814/28 3376/2815/28
f 3383/2815/29 3381/2816/29 3380/2817/29
f 3403/2818/30 3402/2819/30 3401/2820/30
f 3407/2821/31 3405/2822/31 3404/2823/31
f 3410/2824/32 3409/2825/32 3408/2826/32
f 3413/2825/33 3411/2827/33 3414/2828/33
f 3430/2829/34 3428/2827/34 3427/2830/34
f 3438/2831/35 3436/2795/35 3439/2832/35
f 3443/2814/36 3441/2833/36 3440/2834/36
f 3447/2835/37 3445/2836/37 3444/2831/37
f 9363/2837/3 9361/2792/3 9364/2791/3
f 9492/2838/7 9491/2839/7 9490/2840/7
f 9496/2841/38 9494/2842/38 9493/2843/38
f 9499/2812/6 9497/2795/6 9500/2794/6
f 9515/2844/2 9513/2845/2 9516/2846/2
f 9520/2845/4 9518/2844/4 9517/2846/4
f 9524/2805/39 9522/2792/39 9521/2806/39
f 9527/2837/40 9526/2847/40 9525/2848/40
f 9533/2810/41 9532/2849/41 9531/2850/41
f 9545/2851/42 9544/2812/42 9543/2794/42
f 9569/2852/43 9568/2853/43 9567/2854/43
f 9575/2855/44 9573/2856/44 9572/2857/44
f 9578/2795/45 9576/2831/45 9579/2832/45
f 9582/2858/46 9580/2855/46 9583/2857/46
f 9586/2859/47 9584/2860/47 9587/2861/47
f 9591/2862/48 9589/2863/48 9588/2864/48
f 9603/2865/49 9602/2866/49 9601/2856/49
f 9607/2867/50 9605/2868/50 9604/2869/50
f 9619/2870/51 9617/2822/51 9616/2871/51
f 9622/2858/46 9621/2872/46 9620/2864/46
f 9625/2868/48 9624/2862/48 9623/2864/48
f 1735/5523/8 1740/5524/8 1736/2789/8
f 1740/5524/8 1739/2787/8 1736/2789/8
f 1739/2787/8 1738/5525/8 1737/2788/8
f 3183/2790/1 3182/2837/1 3181/2791/1
f 3314/2793/5 3313/2812/5 3312/2794/5
f 3322/2799/23 3321/5526/23 3320/2800/23
f 3338/2802/2 3337/5527/2 3336/2803/2
f 3341/2803/4 3340/5527/4 3339/2802/4
f 3345/2792/24 3344/2791/24 3343/2805/24
f 3347/2808/25 3351/2847/25 3350/2837/25
f 3350/2837/25 3349/2790/25 3347/2808/25
f 3354/2809/131 3353/2849/131 3352/2810/131
f 3367/2807/132 3366/5528/132 3365/2794/132
f 3379/2813/133 3378/5529/133 3377/2814/133
f 3380/2817/134 3384/5530/134 3383/2815/134
f 3383/2815/29 3382/2834/29 3381/2816/29
f 3407/2821/135 3406/2871/135 3405/2822/135
f 3413/2825/136 3412/5531/136 3411/2827/136
f 3430/2829/34 3429/2828/34 3428/2827/34
f 3438/2831/137 3437/2793/137 3436/2795/137
f 3443/2814/36 3442/2830/36 3441/2833/36
f 3444/2831/138 3448/5532/138 3447/2835/138
f 3447/2835/139 3446/2853/139 3445/2836/139
f 9363/2837/3 9362/2790/3 9361/2792/3
f 9496/2841/140 9495/5533/140 9494/2842/140
f 9499/2812/6 9498/2793/6 9497/2795/6
f 9515/2844/2 9514/5534/2 9513/2845/2
f 9520/2845/4 9519/5534/4 9518/2844/4
f 9524/2805/39 9523/2791/39 9522/2792/39
f 9525/2848/40 9529/2807/40 9528/2790/40
f 9528/2790/141 9527/2837/141 9525/2848/141
f 9530/2809/142 9534/2811/142 9531/2850/142
f 9534/2811/41 9533/2810/41 9531/2850/41
f 9543/2794/143 9547/5528/143 9545/2851/143
f 9547/5528/144 9546/2807/144 9545/2851/144
f 9567/2854/145 9571/5535/145 9570/2831/145
f 9570/2831/146 9569/2852/146 9567/2854/146
f 9575/2855/147 9574/5536/147 9573/2856/147
f 9578/2795/148 9577/2793/148 9576/2831/148
f 9582/2858/46 9581/2864/46 9580/2855/46
f 9586/2859/149 9585/5537/149 9584/2860/149
f 9591/2862/150 9590/2861/150 9589/2863/150
f 9607/2867/151 9606/2859/151 9605/2868/151
f 9619/2870/152 9618/2823/152 9617/2822/152
usemtl material_23
f 1809/2873/4 1807/2874/4 1810/2875/4
f 1813/2876/2 1811/2877/2 1814/2878/2
f 1818/2878/2 1816/2873/2 1815/2875/2
f 1822/2879/2 1821/2880/2 1820/2877/2
f 1827/2881/3 1825/2882/3 1828/2883/3
f 1832/2882/1 1830/2881/1 1829/2883/1
f 1809/2873/4 1808/2879/4 1807/2874/4
f 1813/2876/2 1812/5538/2 1811/2877/2
f 1815/2875/2 1819/2876/2 1818/2878/2
f 1818/2878/2 1817/5539/2 1816/2873/2
f 1820/2877/2 1824/5538/2 1823/2874/2
f 1823/2874/2 1822/2879/2 1820/2877/2
f 1827/2881/3 1826/5540/3 1825/2882/3
f 1832/2882/1 1831/5540/1 1830/2881/1
usemtl material_24
f 1878/2884/7 1877/2885/7 1876/2886/7
f 1896/462/4 1894/2887/4 1897/2888/4
f 1900/2889/3 1898/2890/3 1901/2891/3
f 2857/2892/7 2855/2893/7 2858/2884/7
f 2863/2893/7 2861/2894/7 2859/2885/7
f 2875/2895/7 2873/2896/7 2876/2897/7
f 2982/2898/7 2980/2899/7 2983/2900/7
f 3903/2899/7 3902/2901/7 3901/2902/7
f 4767/2903/7 4765/2904/7 4764/2905/7
f 4773/2906/7 4771/2907/7 4770/2908/7
f 4777/2909/7 4775/2907/7 4778/2910/7
f 4781/2908/7 4779/2911/7 4782/2912/7
f 4818/2913/7 4817/2914/7 4820/2915/7
f 4826/2916/7 4824/2913/7 4827/2917/7
f 4830/2918/7 4828/2919/7 4831/2915/7
f 4835/2920/7 4834/2921/7 4832/2922/7
f 4839/2918/7 4838/2923/7 4842/2924/7
f 4846/2925/7 4844/2903/7 4847/2926/7
f 4850/2927/7 4848/2928/7 4851/2929/7
f 4855/2930/7 4853/2920/7 4852/2931/7
f 4867/2932/7 4865/2933/7 4868/2934/7
f 4876/2925/7 4872/2928/7 4869/2935/7
f 4880/2930/7 4878/2901/7 4881/2935/7
f 4888/2921/2 4886/2936/2 4889/2937/2
f 5101/2938/8 5099/2939/8 5102/2940/8
f 7073/2941/7 7072/2942/7 7071/2943/7
f 7114/2944/4 7112/462/4 7115/2888/4
f 7118/2890/1 7116/2889/1 7119/2891/1
f 8123/2896/7 8121/2945/7 8124/2897/7
f 8138/2946/7 8142/2945/7 8139/2947/7
f 8146/2948/7 8145/2949/7 8144/2950/7
f 8155/2947/7 8153/2951/7 8156/2946/7
f 8172/2900/7 8170/2946/7 8173/2898/7
f 8272/2952/3 8270/2953/3 8273/2954/3
f 8283/2955/7 8282/2354/7 8281/2956/7
f 9075/2955/7 9073/2957/7 9071/2958/7
f 9083/2957/7 9081/553/7 9084/2959/7
f 9092/2960/7 9090/2961/7 9089/462/7
f 9098/2962/7 9096/2960/7 9095/2963/7
f 9103/2964/7 9101/2965/7 9104/2966/7
f 9109/2967/7 9108/536/7 9106/2968/7
f 9117/2962/7 9115/2969/7 9118/2970/7
f 1876/2886/7 1881/5541/7 1878/2884/7
f 1881/5541/7 1880/5542/7 1878/2884/7
f 1880/5542/7 1879/2892/7 1878/2884/7
f 1896/462/4 1895/5543/4 1894/2887/4
f 1900/2889/3 1899/5544/3 1898/2890/3
f 2857/2892/7 2856/5545/7 2855/2893/7
f 2859/2885/7 2864/2884/7 2863/2893/7
f 2863/2893/7 2862/5546/7 2861/2894/7
f 2861/2894/7 2860/2895/7 2859/2885/7
f 2875/2895/7 2874/2894/7 2873/2896/7
f 2982/2898/7 2981/5547/7 2980/2899/7
f 3899/2955/7 3904/2900/7 3900/2931/7
f 3904/2900/7 3903/2899/7 3901/2902/7
f 3900/2931/7 3904/2900/7 3901/2902/7
f 4763/2909/7 4768/2926/7 4764/2905/7
f 4768/2926/7 4767/2903/7 4764/2905/7
f 4767/2903/7 4766/2911/7 4765/2904/7
f 4769/2912/7 4774/3063/7 4770/2908/7
f 4774/3063/7 4773/2906/7 4770/2908/7
f 4773/2906/7 4772/2910/7 4771/2907/7
f 4777/2909/7 4776/2905/7 4775/2907/7
f 4781/2908/7 4780/2904/7 4779/2911/7
f 4817/2914/7 4823/5548/7 4820/2915/7
f 4823/5548/7 4822/2934/7 4821/2933/7
f 4823/5548/7 4821/2933/7 4820/2915/7
f 4820/2915/7 4819/2919/7 4818/2913/7
f 4826/2916/7 4825/2914/7 4824/2913/7
f 4830/2918/7 4829/5549/7 4828/2919/7
f 4832/2922/7 4837/2955/7 4835/2920/7
f 4837/2955/7 4836/2931/7 4835/2920/7
f 4834/2921/7 4833/2927/7 4832/2922/7
f 4838/2923/7 4843/2932/7 4842/2924/7
f 4842/2924/7 4841/462/7 4839/2918/7
f 4841/462/7 4840/5549/7 4839/2918/7
f 4846/2925/7 4845/3126/7 4844/2903/7
f 4850/2927/7 4849/2921/7 4848/2928/7
f 4852/2931/7 4856/2902/7 4855/2930/7
f 4855/2930/7 4854/5550/7 4853/2920/7
f 4867/2932/7 4866/2923/7 4865/2933/7
f 4869/2935/7 4877/3126/7 4876/2925/7
f 4876/2925/7 4875/2916/7 4874/2917/7
f 4874/2917/7 4873/2929/7 4872/2928/7
f 4871/5550/7 4870/2930/7 4869/2935/7
f 4874/2917/7 4872/2928/7 4876/2925/7
f 4872/2928/7 4871/5550/7 4869/2935/7
f 4880/2930/7 4879/2902/7 4878/2901/7
f 4888/2921/2 4887/2928/2 4886/2936/2
f 5101/2938/8 5100/5551/8 5099/2939/8
f 7071/2943/7 7075/2950/7 7074/2949/7
f 7074/2949/7 7073/2941/7 7071/2943/7
f 7114/2944/4 7113/5552/4 7112/462/4
f 7118/2890/1 7117/5544/1 7116/2889/1
f 8123/2896/7 8122/5553/7 8121/2945/7
f 8137/5554/7 8143/5555/7 8138/2946/7
f 8143/5555/7 8142/2945/7 8138/2946/7
f 8141/5553/7 8140/5556/7 8139/2947/7
f 8142/2945/7 8141/5553/7 8139/2947/7
f 8144/2950/7 8148/5555/7 8147/5554/7
f 8147/5554/7 8146/2948/7 8144/2950/7
f 8155/2947/7 8154/5557/7 8153/2951/7
f 8172/2900/7 8171/2951/7 8170/2946/7
f 8272/2952/3 8271/5558/3 8270/2953/3
f 8280/2951/7 8284/2900/7 8281/2956/7
f 8284/2900/7 8283/2955/7 8281/2956/7
f 9071/2958/7 9076/2354/7 9075/2955/7
f 9075/2955/7 9074/2922/7 9073/2957/7
f 9073/2957/7 9072/2959/7 9071/2958/7
f 9083/2957/7 9082/2961/7 9081/553/7
f 9089/462/7 9094/2924/7 9092/2960/7
f 9094/2924/7 9093/2963/7 9092/2960/7
f 9092/2960/7 9091/553/7 9090/2961/7
f 9095/2963/7 9100/2966/7 9099/2965/7
f 9098/2962/7 9097/2970/7 9096/2960/7
f 9095/2963/7 9099/2965/7 9098/2962/7
f 9103/2964/7 9102/5559/7 9101/2965/7
f 9105/5560/7 9114/2969/7 9113/5561/7
f 9112/5559/7 9111/2964/7 9110/5562/7
f 9105/5560/7 9113/5561/7 9112/5559/7
f 9108/536/7 9107/5563/7 9106/2968/7
f 9106/2968/7 9105/5560/7 9110/5562/7
f 9105/5560/7 9112/5559/7 9110/5562/7
f 9110/5562/7 9109/2967/7 9106/2968/7
f 9117/2962/7 9116/5561/7 9115/2969/7
usemtl material_25
f 1904/2971/2 1902/2972/2 1905/2973/2
f 1908/2974/8 1906/2975/8 1909/2976/8
f 1919/2977/8 1917/2978/8 1916/2979/8
f 1924/2980/8 1922/2981/8 1921/2982/8
f 1928/2983/8 1927/2984/8 1926/2985/8
f 1933/2983/8 1931/2986/8 1930/2984/8
f 1937/2987/8 1935/2981/8 1934/2988/8
f 1940/2987/8 1938/2989/8 1941/2990/8
f 1944/2991/8 1942/2992/8 1945/2993/8
f 1948/2994/8 1946/2995/8 1949/2991/8
f 1952/2996/8 1950/2997/8 1953/2998/8
f 1956/2998/8 1954/2999/8 1957/3000/8
f 1960/3001/8 1958/2979/8 1961/2978/8
f 1964/3002/8 1962/3003/8 1965/3001/8
f 1989/830/2 1988/3004/2 1987/3005/2
f 1995/3006/2 1994/3007/2 1991/3008/2
f 2000/3001/2 1998/3009/2 2001/3002/2
f 2168/3010/4 2166/3011/4 2169/3012/4
f 2174/3012/4 2172/3013/4 2171/3014/4
f 2178/3015/4 2176/3016/4 2179/3017/4
f 2182/3018/3 2181/3019/3 2180/3020/3
f 2189/3021/3 2187/3020/3 2186/3022/3
f 2192/3022/3 2190/3023/3 2193/3021/3
f 2626/3017/4 2624/3024/4 2627/3025/4
f 2658/3026/8 2656/3027/8 2655/3028/8
f 2661/3029/8 2660/3030/8 2664/3031/8
f 2669/3032/8 2667/3033/8 2666/3031/8
f 2674/3034/8 2672/3027/8 2671/3033/8
f 2678/2999/8 2676/3035/8 2679/3000/8
f 2682/3036/8 2680/3037/8 2683/2994/8
f 2686/3038/8 2685/3039/8 2684/3040/8
f 2753/3041/2 2752/3042/2 2751/3043/2
f 2756/3044/2 2754/3045/2 2757/3046/2
f 2761/3046/2 2760/3045/2 2759/3047/2
f 2767/3042/2 2765/3048/2 2763/3049/2
f 2773/3050/2 2771/3051/2 2770/3052/2
f 2885/3053/4 2884/3054/4 2882/3055/4
f 2895/3056/4 2894/1107/4 2891/3057/4
f 2900/3058/4 2898/3059/4 2901/3056/4
f 2905/3055/4 2904/3060/4 2903/3048/4
f 2914/3061/4 2913/3062/4 2917/3054/4
f 2922/3063/4 2920/3064/4 2919/1901/4
f 2926/3065/4 2924/3064/4 2923/3066/4
f 2931/3067/4 2929/3068/4 2932/3065/4
f 2941/3069/4 2936/182/4 2935/3070/4
f 2948/3071/4 2946/3072/4 2945/3073/4
f 2953/3074/4 2951/3075/4 2954/3076/4
f 2957/3073/4 2955/3077/4 2958/3069/4
f 3000/3078/3 2998/3079/3 2997/3080/3
f 3029/3081/2 3027/513/2 3026/3026/2
f 3063/3009/2 3061/3082/2 3064/3002/2
f 3071/3078/6 3069/3079/6 3072/3083/6
f 3706/3084/4 3704/3085/4 3707/3086/4
f 3710/3087/4 3708/3088/4 3711/3089/4
f 3715/3090/4 3714/3091/4 3713/3092/4
f 3719/3093/4 3718/3094/4 3717/3095/4
f 3725/3096/4 3724/3085/4 3723/3097/4
f 3730/3098/4 3728/3099/4 3727/3100/4
f 3736/3099/4 3734/3101/4 3733/3102/4
f 3739/3103/4 3738/3104/4 3742/3105/4
f 3746/3106/4 3745/3089/4 3744/3088/4
f 3757/3107/3 3756/3108/3 3760/3093/3
f 3813/413/2 3811/3109/2 3810/3104/2
f 3820/3110/2 3819/3111/2 3817/3104/2
f 3883/3112/3 3882/3113/3 3881/517/3
f 3888/3114/8 3886/3115/8 3889/3102/8
f 3907/517/1 3905/3116/1 3908/512/1
f 3926/3117/1 3925/3118/1 3924/3119/1
f 3929/3120/1 3928/3121/1 3934/3122/1
f 3941/3123/1 3938/3124/1 3937/3125/1
f 3951/3126/1 3949/3119/1 3948/3118/1
f 3956/3127/1 3954/3083/1 3953/3128/1
f 3961/3129/1 3960/3130/1 3958/3131/1
f 3973/3095/2 3972/182/2 3971/513/2
f 3978/512/2 3977/3067/2 3976/3063/2
f 3983/3097/2 3981/3132/2 3984/3133/2
f 3987/3134/4 3985/3135/4 3988/3132/4
f 3999/3097/3 3998/3136/3 3997/3083/3
f 4005/3085/1 4004/3137/1 4003/3083/1
f 4398/3104/2 4397/3138/2 4396/3139/2
f 4938/3140/1 4936/3141/1 4935/3142/1
f 4949/3143/1 4946/3144/1 4945/3145/1
f 4960/537/1 4958/3143/1 4961/3146/1
f 4963/562/1 4962/610/1 4966/3143/1
f 5027/3023/1 5025/3147/1 5024/3148/1
f 5030/562/1 5028/3149/1 5031/3150/1
f 5089/3151/3 5087/3152/3 5090/3153/3
f 5105/3154/4 5103/3155/4 5106/3156/4
f 5109/3157/1 5107/3158/1 5110/3159/1
f 5113/3155/2 5111/3154/2 5114/3156/2
f 7098/3160/3 7097/3161/3 7096/3162/3
f 7122/3163/2 7120/2971/2 7123/2973/2
f 7126/2975/8 7124/3164/8 7127/2976/8
f 7704/3162/1 7702/3165/1 7705/3161/1
f 7719/3166/4 7717/3167/4 7720/3168/4
f 7744/3169/8 7743/3170/8 7742/3171/8
f 7748/3172/8 7746/3173/8 7749/3174/8
f 7753/3175/8 7752/3176/8 7751/3177/8
f 7758/3178/8 7757/3179/8 7756/3180/8
f 7763/3181/8 7762/3171/8 7761/3182/8
f 7767/3183/8 7766/3173/8 7765/3184/8
f 7814/3185/2 7813/3186/2 7812/3187/2
f 7817/3188/2 7815/3189/2 7818/3186/2
f 7823/3190/2 7821/3189/2 7819/610/2
f 7829/3191/2 7827/3189/2 7825/553/2
f 7856/3192/3 7855/3193/3 7858/3194/3
f 7862/3133/3 7861/2906/3 7864/3195/3
f 7886/3141/3 7884/537/3 7887/3142/3
f 7895/3145/3 7894/3124/3 7891/610/3
f 7908/3196/4 7905/3197/4 7904/3198/4
f 7913/3199/4 7911/3198/4 7914/3200/4
f 7918/3197/4 7917/3201/4 7916/3190/4
f 7923/3202/4 7922/3203/4 7928/3200/4
f 7932/3204/4 7930/3205/4 7933/3206/4
f 8022/3207/4 8020/3208/4 8023/3209/4
f 8027/3210/4 8026/3211/4 8025/492/4
f 8034/3212/4 8032/3213/4 8031/3214/4
f 8041/3215/4 8039/3216/4 8038/3217/4
f 8043/3218/4 8047/3219/4 8046/3220/4
f 8052/3221/4 8050/3217/4 8053/3216/4
f 8056/3222/4 8054/537/4 8057/3223/4
f 8064/3224/4 8063/3221/4 8060/3225/4
f 8078/3109/1 8076/3226/1 8075/3071/1
f 8082/3085/1 8080/3227/1 8083/3228/1
f 8095/3160/3 8093/3229/3 8092/3230/3
f 8103/3231/4 8102/3232/4 8101/3233/4
f 8235/3234/1 8233/3049/1 8232/512/1
f 8245/3235/7 8243/3236/7 8246/3237/7
f 8264/2955/2 8262/3220/2 8261/3219/2
f 8296/3238/4 8294/3239/4 8297/3240/4
f 8300/3215/2 8299/3241/2 8298/3242/2
f 8315/3071/5 8313/3093/5 8312/3109/5
f 8336/3228/1 8334/3226/1 8333/3243/1
f 8344/3212/2 8342/3240/2 8345/3239/2
f 8401/3244/3 8399/3245/3 8402/3246/3
f 8405/3245/3 8403/3247/3 8406/3246/3
f 8409/3248/3 8408/3097/3 8407/3195/3
f 8414/3249/3 8412/3250/3 8415/3245/3
f 8419/3245/3 8417/3251/3 8416/3129/3
f 8423/3252/3 8422/3253/3 8421/3119/3
f 8429/3121/3 8427/3254/3 8426/3255/3
f 8433/3256/3 8432/3193/3 8431/3257/3
f 8438/3258/3 8437/3254/3 8436/3259/3
f 8449/3260/3 8447/3261/3 8445/3125/3
f 9158/3262/2 9156/3263/2 9159/3264/2
f 9162/3265/2 9161/3190/2 9165/3266/2
f 9172/3203/2 9171/3202/2 9168/3200/2
f 9181/3206/2 9180/3267/2 9178/3213/2
f 9186/3198/2 9185/3197/2 9189/3196/2
f 9193/3198/2 9191/3268/2 9194/3200/2
f 9197/3266/2 9195/3197/2 9198/3269/2
f 9201/3270/2 9199/3271/2 9202/3272/2
f 9205/610/2 9203/3273/2 9206/3274/2
f 9208/3270/2 9207/3273/2 9210/3275/2
f 9217/3272/2 9215/3268/2 9214/3276/2
f 9230/3248/1 9228/3249/1 9227/3195/1
f 9234/3224/7 9232/3277/7 9235/562/7
f 10061/3278/3 10060/3279/3 10058/3150/3
f 10220/3280/1 10218/3281/1 10221/3162/1
f 10225/3282/1 10224/3283/1 10223/3284/1
f 10230/3285/1 10229/3020/1 10228/3286/1
f 10235/3021/1 10234/3022/1 10233/3287/1
f 10240/3023/1 10239/3288/1 10238/3289/1
f 10295/3290/4 10293/3291/4 10296/3166/4
f 10299/3292/4 10297/3293/4 10300/3290/4
f 10303/3294/4 10301/3295/4 10304/3292/4
f 10379/3296/8 10378/3297/8 10377/3298/8
f 10384/3296/8 10382/3299/8 10381/3297/8
f 10388/3300/8 10386/3301/8 10385/3302/8
f 10392/3300/8 10391/3302/8 10390/3303/8
f 10397/3304/8 10396/3305/8 10395/3306/8
f 10401/3307/8 10400/3299/8 10399/3308/8
f 10407/3309/8 10405/3310/8 10404/3311/8
f 10411/3301/8 10409/3310/8 10412/3312/8
f 11242/3313/4 11240/3314/4 11243/3315/4
f 11906/3316/7 11904/3317/7 11907/3318/7
f 11911/3319/3 11909/3320/3 11908/3321/3
f 11914/3318/8 11912/3322/8 11915/3316/8
f 11918/3319/1 11916/3320/1 11919/3323/1
f 11922/3324/2 11920/3325/2 11923/3326/2
f 1904/2971/2 1903/5564/2 1902/2972/2
f 1908/2974/8 1907/5565/8 1906/2975/8
f 1914/2986/8 1920/5566/8 1916/2979/8
f 1920/5566/8 1919/2977/8 1916/2979/8
f 1919/2977/8 1918/2993/8 1917/2978/8
f 1916/2979/8 1915/5567/8 1914/2986/8
f 1924/2980/8 1923/5568/8 1922/2981/8
f 1925/5568/8 1929/2980/8 1926/2985/8
f 1929/2980/8 1928/2983/8 1926/2985/8
f 1933/2983/8 1932/5566/8 1931/2986/8
f 1937/2987/8 1936/2982/8 1935/2981/8
f 1940/2987/8 1939/2988/8 1938/2989/8
f 1944/2991/8 1943/2995/8 1942/2992/8
f 1948/2994/8 1947/3037/8 1946/2995/8
f 1952/2996/8 1951/5569/8 1950/2997/8
f 1956/2998/8 1955/2997/8 1954/2999/8
f 1960/3001/8 1959/3003/8 1958/2979/8
f 1964/3002/8 1963/5570/8 1962/3003/8
f 1990/5571/2 1997/3001/2 1996/2978/2
f 1990/5571/2 1996/2978/2 1995/3006/2
f 1993/830/2 1992/3005/2 1991/3008/2
f 1991/3008/2 1990/5571/2 1995/3006/2
f 1994/3007/2 1993/830/2 1991/3008/2
f 2000/3001/2 1999/5571/2 1998/3009/2
f 2168/3010/4 2167/5572/4 2166/3011/4
f 2170/5573/4 2175/3015/4 2171/3014/4
f 2175/3015/4 2174/3012/4 2171/3014/4
f 2174/3012/4 2173/3011/4 2172/3013/4
f 2178/3015/4 2177/5573/4 2176/3016/4
f 2180/3020/3 2185/3285/3 2183/5574/3
f 2185/3285/3 2184/5575/3 2183/5574/3
f 2183/5574/3 2182/3018/3 2180/3020/3
f 2189/3021/3 2188/3285/3 2187/3020/3
f 2192/3022/3 2191/3288/3 2190/3023/3
f 2626/3017/4 2625/3016/4 2624/3024/4
f 2654/5570/8 2659/3002/8 2658/3026/8
f 2658/3026/8 2657/5576/8 2656/3027/8
f 2655/3028/8 2654/5570/8 2658/3026/8
f 2660/3030/8 2665/5577/8 2664/3031/8
f 2664/3031/8 2663/3039/8 2661/3029/8
f 2663/3039/8 2662/3038/8 2661/3029/8
f 2666/3031/8 2670/5577/8 2669/3032/8
f 2669/3032/8 2668/5578/8 2667/3033/8
f 2671/3033/8 2675/5578/8 2674/3034/8
f 2674/3034/8 2673/3028/8 2672/3027/8
f 2678/2999/8 2677/5579/8 2676/3035/8
f 2682/3036/8 2681/3957/8 2680/3037/8
f 2684/3040/8 2688/2990/8 2686/3038/8
f 2688/2990/8 2687/2989/8 2686/3038/8
f 2756/3044/2 2755/3043/2 2754/3045/2
f 2758/3191/2 2762/462/2 2759/3047/2
f 2762/462/2 2761/3046/2 2759/3047/2
f 2763/3049/2 2768/3050/2 2767/3042/2
f 2767/3042/2 2766/3032/2 2765/3048/2
f 2765/3048/2 2764/5580/2 2763/3049/2
f 2773/3050/2 2772/3049/2 2771/3051/2
f 2770/3052/2 2769/3047/2 2773/3050/2
f 2881/3059/4 2889/5581/4 2886/3068/4
f 2889/5581/4 2888/1901/4 2887/3064/4
f 2889/5581/4 2887/3064/4 2886/3068/4
f 2884/3054/4 2883/3060/4 2882/3055/4
f 2882/3055/4 2881/3059/4 2885/3053/4
f 2881/3059/4 2886/3068/4 2885/3053/4
f 2890/5582/4 2897/5583/4 2896/3058/4
f 2890/5582/4 2896/3058/4 2895/3056/4
f 2893/5584/4 2892/3969/4 2891/3057/4
f 2891/3057/4 2890/5582/4 2895/3056/4
f 2894/1107/4 2893/5584/4 2891/3057/4
f 2900/3058/4 2899/5581/4 2898/3059/4
f 2902/5584/4 2906/1107/4 2903/3048/4
f 2906/1107/4 2905/3055/4 2903/3048/4
f 2913/3062/4 2918/3034/4 2917/3054/4
f 2917/3054/4 2916/3053/4 2914/3061/4
f 2916/3053/4 2915/3067/4 2914/3061/4
f 2922/3063/4 2921/3066/4 2920/3064/4
f 2923/3066/4 2928/5585/4 2927/3070/4
f 2926/3065/4 2925/3068/4 2924/3064/4
f 2923/3066/4 2927/3070/4 2926/3065/4
f 2931/3067/4 2930/3053/4 2929/3068/4
f 2933/3097/4 2943/3074/4 2934/5585/4
f 2943/3074/4 2942/3076/4 2934/5585/4
f 2941/3069/4 2940/3077/4 2936/182/4
f 2940/3077/4 2939/3957/4 2938/5586/4
f 2942/3076/4 2941/3069/4 2934/5585/4
f 2940/3077/4 2938/5586/4 2937/5587/4
f 2940/3077/4 2937/5587/4 2936/182/4
f 2935/3070/4 2934/5585/4 2941/3069/4
f 2944/3075/4 2950/5588/4 2949/3133/4
f 2948/3071/4 2947/3081/4 2946/3072/4
f 2944/3075/4 2949/3133/4 2945/3073/4
f 2949/3133/4 2948/3071/4 2945/3073/4
f 2953/3074/4 2952/5588/4 2951/3075/4
f 2957/3073/4 2956/3072/4 2955/3077/4
f 3000/3078/3 2999/3083/3 2998/3079/3
f 3025/5589/2 3030/4397/2 3029/3081/2
f 3029/3081/2 3028/3071/2 3027/513/2
f 3026/3026/2 3025/5589/2 3029/3081/2
f 3063/3009/2 3062/5590/2 3061/3082/2
f 3071/3078/6 3070/3080/6 3069/3079/6
f 3706/3084/4 3705/3097/4 3704/3085/4
f 3710/3087/4 3709/3102/4 3708/3088/4
f 3712/5591/4 3716/5592/4 3713/3092/4
f 3716/5592/4 3715/3090/4 3713/3092/4
f 3717/3095/4 3721/5593/4 3719/3093/4
f 3721/5593/4 3720/3109/4 3719/3093/4
f 3722/5594/4 3726/3105/4 3723/3097/4
f 3726/3105/4 3725/3096/4 3723/3097/4
f 3727/3100/4 3731/3103/4 3730/3098/4
f 3730/3098/4 3729/5595/4 3728/3099/4
f 3732/3087/4 3737/3100/4 3733/3102/4
f 3737/3100/4 3736/3099/4 3733/3102/4
f 3736/3099/4 3735/3967/4 3734/3101/4
f 3738/3104/4 3743/3096/4 3742/3105/4
f 3742/3105/4 3741/5596/4 3740/3098/4
f 3740/3098/4 3739/3103/4 3742/3105/4
f 3744/3088/4 3748/216/4 3747/5597/4
f 3747/5597/4 3746/3106/4 3744/3088/4
f 3756/3108/3 3761/3109/3 3760/3093/3
f 3760/3093/3 3759/413/3 3757/3107/3
f 3759/413/3 3758/3085/3 3757/3107/3
f 3810/3104/2 3815/3080/2 3814/5598/2
f 3813/413/2 3812/3093/2 3811/3109/2
f 3810/3104/2 3814/5598/2 3813/413/2
f 3816/3106/2 3821/2955/2 3820/3110/2
f 3819/3111/2 3818/3080/2 3817/3104/2
f 3816/3106/2 3820/3110/2 3817/3104/2
f 3881/517/3 3885/512/3 3883/3112/3
f 3885/512/3 3884/3116/3 3883/3112/3
f 3888/3114/8 3887/461/8 3886/3115/8
f 3907/517/1 3906/3113/1 3905/3116/1
f 3922/3257/1 3927/5599/1 3923/4082/1
f 3927/5599/1 3926/3117/1 3923/4082/1
f 3923/4082/1 3926/3117/1 3924/3119/1
f 3928/3121/1 3935/5600/1 3934/3122/1
f 3934/3122/1 3933/5601/1 3932/3092/1
f 3931/5602/1 3930/3126/1 3929/3120/1
f 3934/3122/1 3932/3092/1 3929/3120/1
f 3932/3092/1 3931/5602/1 3929/3120/1
f 3936/3142/1 3943/5600/1 3937/3125/1
f 3943/5600/1 3942/3121/1 3941/3123/1
f 3937/3125/1 3943/5600/1 3941/3123/1
f 3941/3123/1 3940/3145/1 3939/3144/1
f 3941/3123/1 3939/3144/1 3938/3124/1
f 3951/3126/1 3950/5602/1 3949/3119/1
f 3952/3246/1 3957/3250/1 3953/3128/1
f 3957/3250/1 3956/3127/1 3953/3128/1
f 3956/3127/1 3955/3136/1 3954/3083/1
f 3958/3131/1 3964/3250/1 3963/3246/1
f 3963/3246/1 3962/3247/1 3961/3129/1
f 3960/3130/1 3959/3251/1 3958/3131/1
f 3963/3246/1 3961/3129/1 3958/3131/1
f 3971/513/2 3975/3071/2 3974/3134/2
f 3974/3134/2 3973/3095/2 3971/513/2
f 3976/3063/2 3980/5583/2 3978/512/2
f 3980/5583/2 3979/5582/2 3978/512/2
f 3983/3097/2 3982/3084/2 3981/3132/2
f 3987/3134/4 3986/5603/4 3985/3135/4
f 3997/3083/3 4001/3137/3 4000/3085/3
f 4000/3085/3 3999/3097/3 3997/3083/3
f 4002/3136/1 4006/3097/1 4003/3083/1
f 4006/3097/1 4005/3085/1 4003/3083/1
f 4396/3139/2 4400/3244/2 4398/3104/2
f 4400/3244/2 4399/3096/2 4398/3104/2
f 4933/5604/1 4939/3143/1 4934/3125/1
f 4939/3143/1 4938/3140/1 4935/3142/1
f 4934/3125/1 4939/3143/1 4935/3142/1
f 4938/3140/1 4937/4033/1 4936/3141/1
f 4940/5605/1 4949/3143/1 4944/3251/1
f 4949/3143/1 4948/5604/1 4947/3124/1
f 4949/3143/1 4947/3124/1 4946/3144/1
f 4942/3129/1 4941/3247/1 4940/5605/1
f 4944/3251/1 4943/3130/1 4940/5605/1
f 4943/3130/1 4942/3129/1 4940/5605/1
f 4945/3145/1 4944/3251/1 4949/3143/1
f 4960/537/1 4959/3140/1 4958/3143/1
f 4962/610/1 4967/3146/1 4966/3143/1
f 4966/3143/1 4965/5605/1 4963/562/1
f 4965/5605/1 4964/3216/1 4963/562/1
f 5027/3023/1 5026/3288/1 5025/3147/1
f 5030/562/1 5029/3216/1 5028/3149/1
f 5089/3151/3 5088/5606/3 5087/3152/3
f 5105/3154/4 5104/5607/4 5103/3155/4
f 5109/3157/1 5108/5608/1 5107/3158/1
f 5113/3155/2 5112/5607/2 5111/3154/2
f 7122/3163/2 7121/5609/2 7120/2971/2
f 7126/2975/8 7125/5610/8 7124/3164/8
f 7704/3162/1 7703/3281/1 7702/3165/1
f 7719/3166/4 7718/3291/4 7717/3167/4
f 7741/3181/8 7745/5611/8 7742/3171/8
f 7745/5611/8 7744/3169/8 7742/3171/8
f 7748/3172/8 7747/3184/8 7746/3173/8
f 7750/3172/8 7754/3174/8 7751/3177/8
f 7754/3174/8 7753/3175/8 7751/3177/8
f 7755/3176/8 7759/3175/8 7756/3180/8
f 7759/3175/8 7758/3178/8 7756/3180/8
f 7760/3179/8 7764/3178/8 7761/3182/8
f 7764/3178/8 7763/3181/8 7761/3182/8
f 7765/3184/8 7769/5612/8 7768/3311/8
f 7768/3311/8 7767/3183/8 7765/3184/8
f 7817/3188/2 7816/3140/2 7815/3189/2
f 7819/610/2 7824/4915/2 7823/3190/2
f 7823/3190/2 7822/489/2 7821/3189/2
f 7821/3189/2 7820/4084/2 7819/610/2
f 7825/553/2 7830/462/2 7829/3191/2
f 7829/3191/2 7828/4084/2 7827/3189/2
f 7827/3189/2 7826/3140/2 7825/553/2
f 7855/3193/3 7860/5613/3 7859/2906/3
f 7859/2906/3 7858/3194/3 7855/3193/3
f 7858/3194/3 7857/5614/3 7856/3192/3
f 7861/2906/3 7866/5613/3 7865/3252/3
f 7865/3252/3 7864/3195/3 7861/2906/3
f 7864/3195/3 7863/3244/3 7862/3133/3
f 7883/3146/3 7889/5604/3 7888/3125/3
f 7883/3146/3 7888/3125/3 7887/3142/3
f 7885/4033/3 7884/537/3 7886/3141/3
f 7884/537/3 7883/3146/3 7887/3142/3
f 7890/3216/3 7897/3247/3 7896/3251/3
f 7890/3216/3 7896/3251/3 7891/610/3
f 7896/3251/3 7895/3145/3 7891/610/3
f 7893/5604/3 7892/3146/3 7894/3124/3
f 7892/3146/3 7891/610/3 7894/3124/3
f 7904/3198/4 7910/5615/4 7909/5616/4
f 7908/3196/4 7907/5617/4 7906/3201/4
f 7904/3198/4 7909/5616/4 7908/3196/4
f 7908/3196/4 7906/3201/4 7905/3197/4
f 7913/3199/4 7912/5615/4 7911/3198/4
f 7915/5618/4 7919/3269/4 7916/3190/4
f 7919/3269/4 7918/3197/4 7916/3190/4
f 7920/5619/4 7929/3199/4 7922/3203/4
f 7929/3199/4 7928/3200/4 7922/3203/4
f 7927/3269/4 7926/5618/4 7923/3202/4
f 7926/5618/4 7925/3265/4 7924/5620/4
f 7928/3200/4 7927/3269/4 7923/3202/4
f 7923/3202/4 7926/5618/4 7924/5620/4
f 7922/3203/4 7921/3752/4 7920/5619/4
f 7930/3205/4 7937/3216/4 7934/3267/4
f 7937/3216/4 7936/3221/4 7934/3267/4
f 7936/3221/4 7935/5621/4 7934/3267/4
f 7934/3267/4 7933/3206/4 7930/3205/4
f 7931/5622/4 7930/3205/4 7932/3204/4
f 8022/3207/4 8021/5606/4 8020/3208/4
f 8024/489/4 8028/3190/4 8025/492/4
f 8028/3190/4 8027/3210/4 8025/492/4
f 8029/3210/4 8036/3190/4 8030/4056/4
f 8036/3190/4 8035/3205/4 8030/4056/4
f 8034/3212/4 8033/3217/4 8032/3213/4
f 8035/3205/4 8034/3212/4 8031/3214/4
f 8030/4056/4 8035/3205/4 8031/3214/4
f 8037/3212/4 8042/3239/4 8041/3215/4
f 8041/3215/4 8040/5623/4 8039/3216/4
f 8038/3217/4 8037/3212/4 8041/3215/4
f 8043/3218/4 8049/5624/4 8047/3219/4
f 8049/5624/4 8048/3225/4 8047/3219/4
f 8045/3106/4 8044/5597/4 8046/3220/4
f 8044/5597/4 8043/3218/4 8046/3220/4
f 8052/3221/4 8051/3213/4 8050/3217/4
f 8056/3222/4 8055/3140/4 8054/537/4
f 8058/3222/4 8066/3223/4 8059/5624/4
f 8066/3223/4 8065/5621/4 8059/5624/4
f 8065/5621/4 8064/3224/4 8059/5624/4
f 8061/5623/4 8060/3225/4 8062/3216/4
f 8060/3225/4 8059/5624/4 8064/3224/4
f 8062/3216/4 8060/3225/4 8063/3221/4
f 8075/3071/1 8079/5625/1 8078/3109/1
f 8078/3109/1 8077/3243/1 8076/3226/1
f 8082/3085/1 8081/3133/1 8080/3227/1
f 8095/3160/3 8094/3162/3 8093/3229/3
f 8235/3234/1 8234/5626/1 8233/3049/1
f 8245/3235/7 8244/5627/7 8243/3236/7
f 8260/3225/2 8265/4090/2 8261/3219/2
f 8265/4090/2 8264/2955/2 8261/3219/2
f 8264/2955/2 8263/3106/2 8262/3220/2
f 8296/3238/4 8295/3212/4 8294/3239/4
f 8298/3242/2 8302/4090/2 8300/3215/2
f 8302/4090/2 8301/3225/2 8300/3215/2
f 8312/3109/5 8316/5625/5 8315/3071/5
f 8315/3071/5 8314/513/5 8313/3093/5
f 8336/3228/1 8335/3227/1 8334/3226/1
f 8344/3212/2 8343/3238/2 8342/3240/2
f 8401/3244/3 8400/3249/3 8399/3245/3
f 8405/3245/3 8404/3129/3 8403/3247/3
f 8407/3195/3 8411/3249/3 8409/3248/3
f 8411/3249/3 8410/5588/3 8409/3248/3
f 8414/3249/3 8413/3195/3 8412/3250/3
f 8419/3245/3 8418/3250/3 8417/3251/3
f 8420/3259/3 8424/3121/3 8421/3119/3
f 8424/3121/3 8423/3252/3 8421/3119/3
f 8425/5628/3 8430/3145/3 8426/3255/3
f 8430/3145/3 8429/3121/3 8426/3255/3
f 8429/3121/3 8428/3259/3 8427/3254/3
f 8431/3257/3 8435/3119/3 8433/3256/3
f 8435/3119/3 8434/3253/3 8433/3256/3
f 8436/3259/3 8443/3119/3 8440/5629/3
f 8443/3119/3 8442/3257/3 8441/5630/3
f 8441/5630/3 8440/5629/3 8443/3119/3
f 8440/5629/3 8439/5631/3 8436/3259/3
f 8436/3259/3 8439/5631/3 8438/3258/3
f 8444/3124/3 8451/5628/3 8449/3260/3
f 8451/5628/3 8450/3255/3 8449/3260/3
f 8449/3260/3 8448/5632/3 8447/3261/3
f 8447/3261/3 8446/3142/3 8445/3125/3
f 8445/3125/3 8444/3124/3 8449/3260/3
f 9158/3262/2 9157/5633/2 9156/3263/2
f 9160/5617/2 9167/3196/2 9166/5634/2
f 9165/3266/2 9164/3202/2 9163/5620/2
f 9160/5617/2 9166/5634/2 9161/3190/2
f 9166/5634/2 9165/3266/2 9161/3190/2
f 9163/5620/2 9162/3265/2 9165/3266/2
f 9168/3200/2 9176/3268/2 9175/3271/2
f 9174/5635/2 9173/3275/2 9172/3203/2
f 9168/3200/2 9175/3271/2 9174/5635/2
f 9171/3202/2 9170/3266/2 9169/3269/2
f 9169/3269/2 9168/3200/2 9171/3202/2
f 9168/3200/2 9174/5635/2 9172/3203/2
f 9177/3217/2 9184/3205/2 9178/3213/2
f 9184/3205/2 9183/5622/2 9182/3204/2
f 9184/3205/2 9182/3204/2 9181/3206/2
f 9178/3213/2 9184/3205/2 9181/3206/2
f 9180/3267/2 9179/4056/2 9178/3213/2
f 9185/3197/2 9190/5634/2 9189/3196/2
f 9189/3196/2 9188/5636/2 9186/3198/2
f 9188/5636/2 9187/3276/2 9186/3198/2
f 9193/3198/2 9192/3276/2 9191/3268/2
f 9197/3266/2 9196/5634/2 9195/3197/2
f 9201/3270/2 9200/5635/2 9199/3271/2
f 9205/610/2 9204/5619/2 9203/3273/2
f 9207/3273/2 9212/5619/2 9211/3752/2
f 9211/3752/2 9210/3275/2 9207/3273/2
f 9210/3275/2 9209/5635/2 9208/3270/2
f 9213/5636/2 9220/5616/2 9214/3276/2
f 9220/5616/2 9219/610/2 9218/3274/2
f 9220/5616/2 9218/3274/2 9214/3276/2
f 9217/3272/2 9216/3271/2 9215/3268/2
f 9214/3276/2 9218/3274/2 9217/3272/2
f 9227/3195/1 9231/3097/1 9230/3248/1
f 9230/3248/1 9229/5588/1 9228/3249/1
f 9234/3224/7 9233/3214/7 9232/3277/7
f 10058/3150/3 10064/3149/3 10061/3278/3
f 10064/3149/3 10063/3216/3 10061/3278/3
f 10063/3216/3 10062/610/3 10061/3278/3
f 10060/3279/3 10059/5637/3 10058/3150/3
f 10220/3280/1 10219/5638/1 10218/3281/1
f 10222/5638/1 10226/3280/1 10223/3284/1
f 10226/3280/1 10225/3282/1 10223/3284/1
f 10227/3283/1 10231/3282/1 10228/3286/1
f 10231/3282/1 10230/3285/1 10228/3286/1
f 10232/3020/1 10236/3285/1 10233/3287/1
f 10236/3285/1 10235/3021/1 10233/3287/1
f 10237/3022/1 10241/3021/1 10238/3289/1
f 10241/3021/1 10240/3023/1 10238/3289/1
f 10295/3290/4 10294/3293/4 10293/3291/4
f 10299/3292/4 10298/3295/4 10297/3293/4
f 10303/3294/4 10302/5639/4 10301/3295/4
f 10376/3170/8 10380/3169/8 10377/3298/8
f 10380/3169/8 10379/3296/8 10377/3298/8
f 10384/3296/8 10383/3308/8 10382/3299/8
f 10388/3300/8 10387/5640/8 10386/3301/8
f 10389/3305/8 10393/3304/8 10390/3303/8
f 10393/3304/8 10392/3300/8 10390/3303/8
f 10394/5641/8 10398/5642/8 10395/3306/8
f 10398/5642/8 10397/3304/8 10395/3306/8
f 10399/3308/8 10403/5642/8 10401/3307/8
f 10403/5642/8 10402/5641/8 10401/3307/8
f 10404/3311/8 10408/5612/8 10407/3309/8
f 10407/3309/8 10406/3312/8 10405/3310/8
f 10411/3301/8 10410/5640/8 10409/3310/8
f 11242/3313/4 11241/5643/4 11240/3314/4
f 11906/3316/7 11905/3322/7 11904/3317/7
f 11911/3319/3 11910/3323/3 11909/3320/3
f 11914/3318/8 11913/3317/8 11912/3322/8
f 11918/3319/1 11917/3321/1 11916/3320/1
f 11922/3324/2 11921/5644/2 11920/3325/2
usemtl material_26
f 1912/3327/3 1910/3328/3 1913/3329/3
f 2423/3327/3 2421/3328/3 2424/3329/3
f 2494/3330/1 2493/3327/1 2492/3329/1
f 2499/3331/8 2497/3332/8 2500/3333/8
f 2606/3334/8 2604/3335/8 2607/3336/8
f 2611/3328/1 2609/3327/1 2608/3329/1
f 4436/3337/1 4435/3338/1 4434/3339/1
f 4729/3340/8 4727/3341/8 4730/3342/8
f 4733/3338/3 4731/3343/3 4734/3339/3
f 8913/3344/1 8911/3345/1 8910/3346/1
f 9020/3345/3 9019/3347/3 9018/3348/3
f 9024/3349/8 9022/3350/8 9025/3351/8
f 1912/3327/3 1911/5645/3 1910/3328/3
f 2423/3327/3 2422/5645/3 2421/3328/3
f 2492/3329/1 2496/3328/1 2494/3330/1
f 2496/3328/1 2495/5645/1 2494/3330/1
f 2499/3331/8 2498/5646/8 2497/3332/8
f 2606/3334/8 2605/5647/8 2604/3335/8
f 2611/3328/1 2610/5645/1 2609/3327/1
f 4434/3339/1 4438/3343/1 4436/3337/1
f 4438/3343/1 4437/5648/1 4436/3337/1
f 4729/3340/8 4728/5649/8 4727/3341/8
f 4733/3338/3 4732/5648/3 4731/3343/3
f 8913/3344/1 8912/3347/1 8911/3345/1
f 9017/3344/3 9021/3346/3 9018/3348/3
f 9021/3346/3 9020/3345/3 9018/3348/3
f 9024/3349/8 9023/5650/8 9022/3350/8
usemtl material_27
f 1968/3352/52 1967/3353/52 1966/3354/52
f 1971/3352/52 1969/3355/52 1972/3356/52
f 1975/3356/52 1973/3357/52 1976/3358/52
f 2154/3359/53 2152/3360/53 2155/3361/53
f 2159/3362/53 2157/3360/53 2156/3363/53
f 2164/3363/53 2162/3364/53 2161/3365/53
f 5038/3358/52 5036/3366/52 5039/3367/52
f 7110/3368/54 7108/3369/54 7107/3370/54
f 7655/3371/54 7653/3369/54 7656/3372/54
f 7663/3373/54 7659/3374/54 7658/3375/54
f 7668/3376/54 7667/3377/54 7666/3378/54
f 7712/3379/55 7711/3380/55 7710/3381/55
f 10071/3382/52 10069/3383/52 10072/3384/52
f 10457/3385/55 10455/3381/55 10458/3386/55
f 10462/3387/55 10460/3388/55 10459/3385/55
f 10467/3389/55 10465/3390/55 10464/3388/55
f 10472/3391/55 10470/3392/55 10469/3390/55
f 10476/3393/55 10474/3392/55 10477/3394/55
f 10524/3384/52 10522/3395/52 10525/3396/52
f 10529/3397/52 10527/3395/52 10526/3398/52
f 10533/3398/52 10531/3399/52 10534/3400/52
f 1971/3352/52 1970/3354/52 1969/3355/52
f 1975/3356/52 1974/3355/52 1973/3357/52
f 2154/3359/53 2153/5651/53 2152/3360/53
f 2156/3363/53 2160/5652/53 2159/3362/53
f 2159/3362/53 2158/3361/53 2157/3360/53
f 2161/3365/53 2165/5652/53 2164/3363/53
f 2164/3363/53 2163/5653/53 2162/3364/53
f 5038/3358/52 5037/3357/52 5036/3366/52
f 7107/3370/54 7111/5654/54 7110/3368/54
f 7110/3368/54 7109/3372/54 7108/3369/54
f 7655/3371/54 7654/5655/54 7653/3369/54
f 7657/5655/54 7664/3371/54 7658/3375/54
f 7664/3371/54 7663/3373/54 7658/3375/54
f 7663/3373/54 7662/5656/54 7660/5657/54
f 7662/5656/54 7661/5658/54 7660/5657/54
f 7663/3373/54 7660/5657/54 7659/3374/54
f 7665/5658/54 7669/5656/54 7666/3378/54
f 7669/5656/54 7668/3376/54 7666/3378/54
f 10071/3382/52 10070/5659/52 10069/3383/52
f 10457/3385/55 10456/3379/55 10455/3381/55
f 10459/3385/55 10463/3386/55 10462/3387/55
f 10462/3387/55 10461/5660/55 10460/3388/55
f 10464/3388/55 10468/5660/55 10467/3389/55
f 10467/3389/55 10466/5661/55 10465/3390/55
f 10469/3390/55 10473/5661/55 10472/3391/55
f 10472/3391/55 10471/3394/55 10470/3392/55
f 10476/3393/55 10475/5662/55 10474/3392/55
f 10524/3384/52 10523/3383/52 10522/3395/52
f 10526/3398/52 10530/3400/52 10529/3397/52
f 10529/3397/52 10528/3396/52 10527/3395/52
f 10533/3398/52 10532/5663/52 10531/3399/52
usemtl material_28
f 1983/3401/2 1980/3402/2 1979/3403/2
f 2004/3404/2 2002/3405/2 2005/3406/2
f 2009/3407/2 2007/3408/2 2006/3409/2
f 2060/3408/2 2058/3410/2 2061/3411/2
f 2064/3412/2 2062/3413/2 2065/3404/2
f 4409/3414/3 4407/3415/3 4406/3416/3
f 4424/3417/7 4422/495/7 4425/3418/7
f 4432/3415/1 4430/3414/1 4433/3416/1
f 8392/3419/3 8391/643/3 8389/3420/3
f 8397/2476/3 8395/3421/3 8398/3422/3
f 8455/3423/3 8453/493/3 8452/3424/3
f 1977/5664/2 1986/5665/2 1985/5666/2
f 1977/5664/2 1985/5666/2 1984/5667/2
f 1978/5668/2 1977/5664/2 1984/5667/2
f 1983/3401/2 1982/5669/2 1980/3402/2
f 1982/5669/2 1981/5670/2 1980/3402/2
f 1978/5668/2 1984/5667/2 1979/3403/2
f 1984/5667/2 1983/3401/2 1979/3403/2
f 2004/3404/2 2003/3413/2 2002/3405/2
f 2009/3407/2 2008/5671/2 2007/3408/2
f 2060/3408/2 2059/5671/2 2058/3410/2
f 2064/3412/2 2063/5672/2 2062/3413/2
f 4409/3414/3 4408/5673/3 4407/3415/3
f 4424/3417/7 4423/473/7 4422/495/7
f 4432/3415/1 4431/5673/1 4430/3414/1
f 8389/3420/3 8394/3422/3 8392/3419/3
f 8394/3422/3 8393/3421/3 8392/3419/3
f 8391/643/3 8390/5674/3 8389/3420/3
f 8397/2476/3 8396/643/3 8395/3421/3
f 8455/3423/3 8454/486/3 8453/493/3
usemtl material_29
f 2040/3425/2 2038/3426/2 2041/3427/2
f 2044/3428/2 2043/3429/2 2042/3430/2
f 2051/3431/2 2049/3432/2 2048/3425/2
f 2056/3430/2 2054/3433/2 2057/3431/2
f 2397/3428/4 2396/3434/4 2395/3435/4
f 2400/3436/4 2399/3437/4 2403/3426/4
f 2407/3438/4 2405/3439/4 2404/3440/4
f 2412/3434/4 2410/3440/4 2409/3441/4
f 2416/3436/4 2415/3442/4 2414/3443/4
f 2455/3444/3 2454/3445/3 2453/3446/3
f 2460/3447/3 2459/3448/3 2458/3449/3
f 2470/3450/3 2466/3451/3 2465/3452/3
f 2630/3453/4 2628/3454/4 2631/3455/4
f 2635/3456/4 2633/3457/4 2632/3458/4
f 2642/3459/4 2639/3460/4 2638/3461/4
f 2647/3462/4 2646/3463/4 2645/3446/4
f 2653/3464/4 2652/3465/4 2651/3466/4
f 2995/3467/3 2993/3444/3 2992/3468/3
f 3009/3469/2 3013/3470/2 3012/3471/2
f 3018/3472/2 3017/3473/2 3016/3474/2
f 3023/3475/2 3021/3476/2 3024/3471/2
f 3035/3473/2 3033/3477/2 3032/3456/2
f 3079/3427/2 3078/3426/2 3077/3478/2
f 3086/3444/6 3085/3463/6 3084/3467/6
f 7094/3479/3 7092/3480/3 7095/3478/3
f 7101/3481/2 7099/3482/2 7102/3483/2
f 7214/3484/2 7213/3485/2 7212/3486/2
f 7233/3487/2 7231/3488/2 7234/3489/2
f 7709/3479/1 7707/3480/1 7706/3490/1
f 7724/3455/4 7723/3454/4 7722/3491/4
f 7729/3492/4 7727/3493/4 7726/3494/4
f 7732/3495/4 7731/3496/4 7735/3497/4
f 7740/3464/2 7738/3454/2 7737/3465/2
f 8090/3480/3 8088/3498/3 8091/3478/3
f 8287/3499/8 8285/3500/8 8288/3501/8
f 8305/3444/2 8303/3502/2 8306/3445/2
f 8319/3502/5 8317/3498/5 8320/3503/5
f 10245/3504/1 10243/3502/1 10242/3480/1
f 10248/3446/1 10247/3502/1 10251/3505/1
f 10254/3506/1 10253/3507/1 10258/3447/1
f 10262/3450/1 10260/3508/1 10263/3509/1
f 10266/3510/1 10265/3511/1 10264/3512/1
f 10269/3513/1 10275/3512/1 10270/3451/1
f 10279/3514/1 10278/3511/1 10277/3515/1
f 10282/3481/4 10280/3516/4 10283/3517/4
f 10287/3517/4 10286/3516/4 10285/3518/4
f 10291/3519/4 10289/3489/4 10292/3520/4
f 2040/3425/2 2039/3432/2 2038/3426/2
f 2042/3430/2 2047/5675/2 2046/5676/2
f 2046/5676/2 2045/5677/2 2042/3430/2
f 2045/5677/2 2044/3428/2 2042/3430/2
f 2048/3425/2 2053/5678/2 2052/5679/2
f 2051/3431/2 2050/3433/2 2049/3432/2
f 2048/3425/2 2052/5679/2 2051/3431/2
f 2056/3430/2 2055/3429/2 2054/3433/2
f 2398/3457/4 2403/3426/4 2399/3437/4
f 2403/3426/4 2402/3428/4 2400/3436/4
f 2402/3428/4 2401/3435/4 2400/3436/4
f 2404/3440/4 2408/5680/4 2407/3438/4
f 2407/3438/4 2406/5681/4 2405/3439/4
f 2409/3441/4 2413/3442/4 2412/3434/4
f 2412/3434/4 2411/5680/4 2410/3440/4
f 2452/3448/3 2456/3447/3 2453/3446/3
f 2456/3447/3 2455/3444/3 2453/3446/3
f 2457/5682/3 2461/3450/3 2458/3449/3
f 2461/3450/3 2460/3447/3 2458/3449/3
f 2462/5683/3 2471/5684/3 2463/5685/3
f 2471/5684/3 2470/3450/3 2465/3452/3
f 2463/5685/3 2471/5684/3 2464/5686/3
f 2470/3450/3 2469/5682/3 2468/5687/3
f 2470/3450/3 2468/5687/3 2467/3513/3
f 2465/3452/3 2464/5686/3 2471/5684/3
f 2470/3450/3 2467/3513/3 2466/3451/3
f 2630/3453/4 2629/5688/4 2628/3454/4
f 2632/3458/4 2636/5689/4 2635/3456/4
f 2635/3456/4 2634/3426/4 2633/3457/4
f 2637/3446/4 2643/3463/4 2638/3461/4
f 2643/3463/4 2642/3459/4 2638/3461/4
f 2642/3459/4 2641/5689/4 2639/3460/4
f 2641/5689/4 2640/3458/4 2639/3460/4
f 2644/5690/4 2650/3465/4 2649/3454/4
f 2649/3454/4 2648/5688/4 2644/5690/4
f 2648/5688/4 2647/3462/4 2645/3446/4
f 2644/5690/4 2648/5688/4 2645/3446/4
f 2992/3468/3 2996/5691/3 2995/3467/3
f 2995/3467/3 2994/3463/3 2993/3444/3
f 3009/3469/2 3015/3474/2 3014/3473/2
f 3009/3469/2 3014/3473/2 3013/3470/2
f 3011/3476/2 3010/5692/2 3012/3471/2
f 3010/5692/2 3009/3469/2 3012/3471/2
f 3016/3474/2 3020/5693/2 3019/5694/2
f 3019/5694/2 3018/3472/2 3016/3474/2
f 3023/3475/2 3022/3498/2 3021/3476/2
f 3031/5689/2 3036/3470/2 3035/3473/2
f 3035/3473/2 3034/3472/2 3033/3477/2
f 3032/3456/2 3031/5689/2 3035/3473/2
f 3077/3478/2 3081/3480/2 3079/3427/2
f 3081/3480/2 3080/3457/2 3079/3427/2
f 3082/3446/6 3087/3445/6 3083/5695/6
f 3087/3445/6 3086/3444/6 3084/3467/6
f 3083/5695/6 3087/3445/6 3084/3467/6
f 7094/3479/3 7093/3490/3 7092/3480/3
f 7101/3481/2 7100/3496/2 7099/3482/2
f 7211/3496/2 7215/3481/2 7212/3486/2
f 7215/3481/2 7214/3484/2 7212/3486/2
f 7233/3487/2 7232/5696/2 7231/3488/2
f 7709/3479/1 7708/3478/1 7707/3480/1
f 7721/3493/4 7725/5697/4 7722/3491/4
f 7725/5697/4 7724/3455/4 7722/3491/4
f 7726/3494/4 7730/5698/4 7729/3492/4
f 7729/3492/4 7728/5697/4 7727/3493/4
f 7731/3496/4 7736/3481/4 7735/3497/4
f 7735/3497/4 7734/5698/4 7732/3495/4
f 7734/5698/4 7733/3494/4 7732/3495/4
f 7740/3464/4 7739/3491/4 7738/3454/4
f 8090/3480/3 8089/3503/3 8088/3498/3
f 8287/3499/8 8286/5699/8 8285/3500/8
f 8305/3444/2 8304/5700/2 8303/3502/2
f 8319/3502/5 8318/5700/5 8317/3498/5
f 10242/3480/1 10246/3478/1 10245/3504/1
f 10245/3504/1 10244/5700/1 10243/3502/1
f 10247/3502/1 10252/5700/1 10251/3505/1
f 10251/3505/1 10250/5701/1 10248/3446/1
f 10250/5701/1 10249/3507/1 10248/3446/1
f 10253/3507/1 10259/5701/1 10258/3447/1
f 10258/3447/1 10257/3509/1 10255/3514/1
f 10257/3509/1 10256/3508/1 10255/3514/1
f 10255/3514/1 10254/3506/1 10258/3447/1
f 10262/3450/1 10261/5702/1 10260/3508/1
f 10267/5703/1 10276/3510/1 10275/3512/1
f 10275/3512/1 10274/5702/1 10270/3451/1
f 10274/5702/1 10273/5684/1 10271/5685/1
f 10275/3512/153 10268/5687/153 10267/5703/153
f 10273/5684/1 10272/5683/1 10271/5685/1
f 10271/5685/1 10270/3451/1 10274/5702/1
f 10268/5687/1 10275/3512/1 10269/3513/1
f 10282/3481/4 10281/3496/4 10280/3516/4
f 10284/3519/4 10288/3520/4 10285/3518/4
f 10288/3520/4 10287/3517/4 10285/3518/4
f 10291/3519/4 10290/3487/4 10289/3489/4
usemtl material_30
f 2196/3521/8 2194/3522/8 2197/3523/8
f 2262/3524/2 2260/3525/2 2263/3526/2
f 2266/3527/3 2264/3528/3 2267/3529/3
f 2270/3530/1 2268/3529/1 2271/3528/1
f 2849/3531/1 2847/3532/1 2846/3533/1
f 2871/3534/4 2869/3535/4 2872/3536/4
f 2978/3537/3 2976/3538/3 2979/3539/3
f 7672/3540/3 7670/3541/3 7673/3542/3
f 7681/3541/1 7679/3540/1 7678/3542/1
f 7684/3543/8 7682/3544/8 7685/3545/8
f 7688/3546/2 7686/3547/2 7689/3548/2
f 8069/3549/2 8067/3550/2 8070/3551/2
f 8073/3552/2 8071/3553/2 8074/3554/2
f 8115/3532/3 8113/3531/3 8116/3533/3
f 8119/3535/4 8117/3555/4 8120/3536/4
f 8151/3556/1 8149/3557/1 8152/3558/1
f 8163/3559/1 8161/3539/1 8164/3538/1
f 8327/3560/8 8325/3561/8 8328/3562/8
f 8331/3563/8 8329/3564/8 8332/3565/8
f 8349/500/1 8347/3566/1 8346/3567/1
f 8354/3566/3 8353/3568/3 8352/500/3
f 8358/3569/4 8356/3554/4 8359/3553/4
f 8360/3567/1 8363/497/1 8361/3566/1
f 8368/3570/4 8366/3550/4 8369/3571/4
f 8372/3572/3 8371/500/3 8375/3567/3
f 11034/3573/3 11032/3574/3 11035/3575/3
f 11038/3576/4 11036/3577/4 11039/3578/4
f 11043/3579/1 11041/3580/1 11040/3581/1
f 11046/3582/2 11044/3578/2 11047/3577/2
f 11050/3583/7 11048/3584/7 11051/3585/7
f 11274/3586/7 11272/3587/7 11275/3588/7
f 11278/3589/2 11276/3590/2 11279/3591/2
f 11282/3592/1 11280/3593/1 11283/3594/1
f 11286/3595/4 11284/3591/4 11287/3590/4
f 11290/3596/8 11288/3588/8 11291/3587/8
f 2196/3521/8 2195/5704/8 2194/3522/8
f 2262/3524/2 2261/5705/2 2260/3525/2
f 2266/3527/3 2265/3530/3 2264/3528/3
f 2270/3530/1 2269/3527/1 2268/3529/1
f 2849/3531/1 2848/5706/1 2847/3532/1
f 2871/3534/4 2870/5707/4 2869/3535/4
f 2978/3537/3 2977/3559/3 2976/3538/3
f 7672/3540/3 7671/5708/3 7670/3541/3
f 7681/3541/1 7680/5708/1 7679/3540/1
f 7684/3543/8 7683/5709/8 7682/3544/8
f 7688/3546/2 7687/5710/2 7686/3547/2
f 8069/3549/2 8068/5711/2 8067/3550/2
f 8073/3552/2 8072/839/2 8071/3553/2
f 8115/3532/3 8114/5706/3 8113/3531/3
f 8119/3535/4 8118/5712/4 8117/3555/4
f 8151/3556/1 8150/5713/1 8149/3557/1
f 8163/3559/1 8162/3537/1 8161/3539/1
f 8327/3560/8 8326/5714/8 8325/3561/8
f 8331/3563/8 8330/5715/8 8329/3564/8
f 8346/3567/1 8350/5716/1 8349/500/1
f 8349/500/1 8348/3568/1 8347/3566/1
f 8351/5716/3 8355/3567/3 8352/500/3
f 8355/3567/3 8354/3566/3 8352/500/3
f 8358/3569/4 8357/5717/4 8356/3554/4
f 8360/3567/1 8365/5716/1 8364/500/1
f 8364/500/1 8363/497/1 8360/3567/1
f 8363/497/1 8362/3568/1 8361/3566/1
f 8368/3570/4 8367/5718/4 8366/3550/4
f 8370/5716/3 8375/3567/3 8371/500/3
f 8375/3567/3 8374/3566/3 8372/3572/3
f 8374/3566/3 8373/3568/3 8372/3572/3
f 11034/3573/3 11033/5719/3 11032/3574/3
f 11038/3576/4 11037/3582/4 11036/3577/4
f 11043/3579/1 11042/5720/1 11041/3580/1
f 11046/3582/2 11045/3576/2 11044/3578/2
f 11050/3583/7 11049/5721/7 11048/3584/7
f 11274/3586/7 11273/3596/7 11272/3587/7
f 11278/3589/2 11277/3595/2 11276/3590/2
f 11282/3592/1 11281/5722/1 11280/3593/1
f 11286/3595/4 11285/3589/4 11284/3591/4
f 11290/3596/8 11289/3586/8 11288/3588/8
usemtl material_31
f 2233/3597/4 2231/3598/4 2234/3599/4
f 2237/3599/4 2235/3600/4 2238/3601/4
f 2242/3602/2 2241/3597/2 2240/3603/2
f 2246/3598/2 2244/3601/2 2247/3600/2
f 2249/3604/3 2248/3605/3 2252/3606/3
f 2256/3607/3 2255/3608/3 2254/3609/3
f 2741/3601/4 2739/3610/4 2742/3611/4
f 3099/3612/1 3097/3613/1 3096/3614/1
f 3105/3615/1 3103/3616/1 3102/3617/1
f 3109/3601/2 3107/3610/2 3110/3600/2
f 4931/3618/1 4929/3616/1 4932/3619/1
f 4956/3608/1 4954/3620/1 4957/3618/1
f 7802/3621/4 7800/3622/4 7803/3623/4
f 7834/3624/3 7832/3625/3 7831/3626/3
f 7837/3627/3 7836/3628/3 7841/3629/3
f 7845/3630/3 7844/3613/3 7847/3612/3
f 7849/3615/3 7852/3616/3 7850/3608/3
f 9874/3623/2 9872/3631/2 9875/3621/2
f 10415/3623/4 10413/3632/4 10416/3633/4
f 10420/3634/4 10418/1841/4 10417/3635/4
f 10425/3633/2 10423/3622/2 10426/3623/2
f 10428/3634/2 10427/3632/2 10431/3635/2
f 10436/3624/1 10434/3625/1 10433/3636/1
f 10441/3637/1 10439/3630/1 10438/3638/1
f 10445/3605/1 10444/3639/1 10447/3640/1
f 10451/3607/1 10450/3641/1 10453/3642/1
f 2233/3597/4 2232/3602/4 2231/3598/4
f 2237/3599/4 2236/3598/4 2235/3600/4
f 2239/3599/2 2243/3598/2 2240/3603/2
f 2243/3598/2 2242/3602/2 2240/3603/2
f 2246/3598/2 2245/3599/2 2244/3601/2
f 2248/3605/3 2253/5723/3 2252/3606/3
f 2252/3606/3 2251/5724/3 2249/3604/3
f 2251/5724/3 2250/3614/3 2249/3604/3
f 2254/3609/3 2259/5723/3 2257/5725/3
f 2259/5723/3 2258/3605/3 2257/5725/3
f 2257/5725/3 2256/3607/3 2254/3609/3
f 2741/3601/4 2740/3600/4 2739/3610/4
f 3096/3614/1 3100/5724/1 3099/3612/1
f 3099/3612/1 3098/5726/1 3097/3613/1
f 3101/3613/1 3106/5726/1 3102/3617/1
f 3106/5726/1 3105/3615/1 3102/3617/1
f 3105/3615/1 3104/3619/1 3103/3616/1
f 3109/3601/2 3108/3611/2 3107/3610/2
f 4931/3618/1 4930/3620/1 4929/3616/1
f 4956/3608/1 4955/3607/1 4954/3620/1
f 7802/3621/4 7801/3631/4 7800/3622/4
f 7834/3624/3 7833/3636/3 7832/3625/3
f 7835/3630/3 7842/5727/3 7836/3628/3
f 7842/5727/3 7841/3629/3 7836/3628/3
f 7841/3629/3 7840/3624/3 7838/3638/3
f 7840/3624/3 7839/3626/3 7838/3638/3
f 7838/3638/3 7837/3627/3 7841/3629/3
f 7843/3605/3 7848/5723/3 7844/3613/3
f 7848/5723/3 7847/3612/3 7844/3613/3
f 7847/3612/3 7846/5727/3 7845/3630/3
f 7849/3615/3 7854/5723/3 7853/3605/3
f 7853/3605/3 7852/3616/3 7849/3615/3
f 7852/3616/3 7851/3607/3 7850/3608/3
f 9874/3623/2 9873/3622/2 9872/3631/2
f 10415/3623/4 10414/3622/4 10413/3632/4
f 10417/3635/4 10422/3633/4 10421/3632/4
f 10420/3634/4 10419/5728/4 10418/1841/4
f 10417/3635/4 10421/3632/4 10420/3634/4
f 10425/3633/2 10424/3632/2 10423/3622/2
f 10427/3632/2 10432/3633/2 10431/3635/2
f 10431/3635/2 10430/1841/2 10428/3634/2
f 10430/1841/2 10429/5728/2 10428/3634/2
f 10436/3624/1 10435/3626/1 10434/3625/1
f 10437/3626/1 10442/3624/1 10438/3638/1
f 10442/3624/1 10441/3637/1 10438/3638/1
f 10441/3637/1 10440/5727/1 10439/3630/1
f 10443/3630/1 10448/5727/1 10444/3639/1
f 10448/5727/1 10447/3640/1 10444/3639/1
f 10447/3640/1 10446/5723/1 10445/3605/1
f 10449/3605/1 10454/5723/1 10450/3641/1
f 10454/5723/1 10453/3642/1 10450/3641/1
f 10453/3642/1 10452/3608/1 10451/3607/1
usemtl material_32
f 2278/3643/8 2276/3644/8 2279/3645/8
f 2282/3646/8 2280/3647/8 2283/3648/8
f 2286/3649/8 2285/3650/8 2291/3651/8
f 2299/3652/8 2295/3653/8 2294/3654/8
f 2303/3655/8 2302/3656/8 2301/3657/8
f 2306/3658/8 2305/3659/8 2304/3660/8
f 2309/3661/8 2308/3662/8 2307/3663/8
f 2312/3664/8 2311/3665/8 2310/3666/8
f 2316/3667/8 2314/3668/8 2313/2659/8
f 2320/3669/8 2318/3670/8 2317/3667/8
f 2327/3663/8 2325/3652/8 2323/2659/8
f 2332/3669/8 2330/3671/8 2329/3659/8
f 2336/3672/8 2335/3673/8 2334/3674/8
f 2343/3660/8 2342/3659/8 2348/3675/8
f 2351/3676/8 2350/3677/8 2354/3657/8
f 2361/3644/8 2359/3673/8 2358/3672/8
f 2367/3678/8 2365/3679/8 2364/3680/8
f 2371/3681/8 2369/3682/8 2372/3678/8
f 2377/3683/8 2376/3684/8 2374/3651/8
f 2381/3685/8 2379/3686/8 2382/3683/8
f 2387/3687/8 2385/3688/8 2384/3689/8
f 2393/3679/8 2392/3643/8 2391/3645/8
f 2420/3684/56 2418/3690/56 2417/3688/56
f 2501/3691/8 2504/3692/8 2502/3693/8
f 2512/3661/57 2510/3694/57 2509/3657/57
f 2515/3694/58 2513/3655/58 2516/3657/58
f 2520/3665/59 2518/3693/59 2517/3660/59
f 2523/3693/60 2521/3658/60 2524/3660/60
f 2527/3695/61 2525/3664/61 2528/3655/61
f 2532/3663/62 2530/3696/62 2529/3661/62
f 2535/3692/63 2534/3663/63 2533/3668/63
f 2541/3664/64 2539/3691/64 2538/3665/64
f 2615/3697/8 2613/3698/8 2612/3690/8
f 2618/3683/65 2616/3698/65 2619/3699/65
f 2622/3684/66 2620/3699/66 2623/3697/66
f 2813/3700/8 2812/3649/8 2811/3701/8
f 2819/3702/8 2818/3703/8 2821/512/8
f 2827/3650/8 2826/3649/8 2825/3700/8
f 4952/3704/8 4950/3650/8 4953/3705/8
f 5142/3706/8 5141/3707/8 5140/3708/8
f 5146/3709/8 5145/3710/8 5143/3711/8
f 5152/3708/8 5151/3707/8 5149/3712/8
f 5160/3710/8 5158/3713/8 5161/3714/8
f 5165/3715/8 5163/3716/8 5162/3717/8
f 5169/3718/8 5167/3717/8 5166/3719/8
f 5175/3713/8 5173/3720/8 5171/3721/8
f 5183/3722/8 5181/3723/8 5180/3724/8
f 5193/3725/8 5191/3726/8 5190/3727/8
f 5196/3728/67 5194/3706/67 5197/3708/67
f 5200/3726/68 5198/3708/68 5201/3704/68
f 5205/3706/69 5203/3727/69 5202/3729/69
f 5225/3730/8 5223/3731/8 5222/3732/8
f 5229/3733/70 5227/3732/70 5226/3723/70
f 5232/3730/66 5230/3718/66 5233/3734/66
f 5592/3735/8 5591/3736/8 5595/3737/8
f 7157/3738/8 7162/3739/8 7161/3740/8
f 7165/3741/8 7169/3742/8 7166/3743/8
f 7175/3744/8 7173/3745/8 7176/3746/8
f 7957/3747/8 7961/3748/8 7960/562/8
f 7998/3749/8 7996/3750/8 7999/3751/8
f 8002/3752/8 8000/3753/8 8003/3754/8
f 8006/3755/8 8004/3756/8 8007/3757/8
f 8014/3758/8 8011/3754/8 8010/3749/8
f 8019/3748/8 8018/3758/8 8017/562/8
f 9883/3759/8 9882/3760/8 9881/3761/8
f 9889/3762/8 9888/3763/8 9886/3747/8
f 9896/3764/8 9894/3761/8 9893/3765/8
f 9903/3766/8 9901/3767/8 9900/3768/8
f 9908/3761/8 9907/3760/8 9906/3769/8
f 9914/3770/8 9912/3771/8 9911/3763/8
f 9918/3772/8 9916/3735/8 9919/3773/8
f 9993/3774/8 9992/3775/8 9991/3759/8
f 10095/3776/8 10093/3731/8 10096/3734/8
f 10100/3777/8 10098/3778/8 10097/3779/8
f 10125/3780/8 10123/3781/8 10122/3782/8
f 10130/3783/8 10128/3784/8 10131/3785/8
f 10134/3786/8 10132/3787/8 10135/3788/8
f 10139/3783/8 10137/3788/8 10136/3789/8
f 10142/3790/8 10140/3780/8 10143/3791/8
f 10144/3792/8 10149/3784/8 10147/3774/8
f 10154/3793/8 10153/3794/8 10152/3790/8
f 10163/3788/8 10162/3785/8 10159/3795/8
f 10169/3718/8 10167/3794/8 10166/3793/8
f 10172/3796/8 10171/3790/8 10170/3794/8
f 10199/3793/65 10198/3797/65 10196/3798/65
f 10203/3718/66 10201/3776/66 10204/3734/66
f 10208/3789/67 10206/3779/67 10205/3783/67
f 10211/3778/71 10210/3774/71 10209/3799/71
f 10216/3800/72 10214/3789/72 10217/3801/72
f 10537/3802/8 10535/3803/8 10538/3804/8
f 10542/3805/8 10541/3806/8 10539/3807/8
f 10550/3808/8 10547/3809/8 10546/3810/8
f 10555/3811/8 10553/3812/8 10552/3813/8
f 10557/3814/8 10556/3815/8 10560/3816/8
f 10566/3817/8 10564/3818/8 10563/3819/8
f 10571/3820/8 10569/3821/8 10572/3741/8
f 10574/3822/8 10577/3767/8 10575/3823/8
f 10579/3824/8 10578/3825/8 10581/3826/8
f 10586/3824/8 10585/3764/8 10584/3827/8
f 10593/3743/8 10591/3828/8 10590/3820/8
f 10597/3829/8 10595/3830/8 10594/3810/8
f 10602/3831/8 10600/3832/8 10599/3743/8
f 10607/3833/8 10605/3809/8 10604/3834/8
f 10610/3835/8 10609/3836/8 10608/3832/8
f 10614/510/8 10612/3837/8 10611/3831/8
f 10617/3838/8 10616/3839/8 10619/3840/8
f 10627/3841/8 10624/3842/8 10623/3816/8
f 10632/3843/8 10631/3841/8 10630/3844/8
f 10638/3844/8 10636/3845/8 10639/3846/8
f 10642/3813/8 10641/3847/8 10640/3802/8
f 10649/3848/8 10648/3849/8 10647/3850/8
f 10656/3851/8 10655/3852/8 10652/3853/8
f 10660/3848/8 10659/3792/8 10663/3854/8
f 10667/3804/8 10666/3803/8 10665/3855/8
f 10818/3856/8 10816/3857/8 10815/3858/8
f 10821/3859/73 10819/3840/73 10822/3860/73
f 10825/3861/8 10824/3862/8 10829/3863/8
f 10833/3864/74 10831/3824/74 10834/3822/74
f 10837/3865/75 10835/3822/75 10838/3836/75
f 10842/3846/76 10840/3861/76 10839/3844/76
f 10845/3866/77 10843/3846/77 10846/3833/77
f 10850/3835/78 10848/3865/78 10847/3836/78
f 10854/3824/79 10852/3867/79 10851/3834/79
f 10858/3834/80 10856/3866/80 10855/3833/80
f 10862/3844/81 10860/3868/81 10859/3835/81
f 10865/3857/82 10863/3860/82 10866/3815/82
f 10870/3840/83 10868/3858/83 10867/3812/83
f 2278/3643/8 2277/5729/8 2276/3644/8
f 2282/3646/8 2281/5730/8 2280/3647/8
f 2284/5731/8 2292/5732/8 2291/3651/8
f 2291/3651/8 2290/3648/8 2288/5733/8
f 2290/3648/8 2289/3647/8 2288/5733/8
f 2288/5733/8 2287/3701/8 2291/3651/8
f 2287/3701/8 2286/3649/8 2291/3651/8
f 2285/3650/8 2284/5731/8 2291/3651/8
f 2293/5734/8 2300/5735/8 2299/3652/8
f 2299/3652/8 2298/3677/8 2295/3653/8
f 2298/3677/8 2297/5736/8 2296/5737/8
f 2298/3677/8 2296/5737/8 2295/3653/8
f 2294/3654/8 2293/5734/8 2299/3652/8
f 2316/3667/8 2315/3670/8 2314/3668/8
f 2317/3667/8 2322/5738/8 2321/5739/8
f 2320/3669/8 2319/3659/8 2318/3670/8
f 2317/3667/8 2321/5739/8 2320/3669/8
f 2323/2659/8 2328/3668/8 2327/3663/8
f 2327/3663/8 2326/3662/8 2325/3652/8
f 2325/3652/8 2324/5735/8 2323/2659/8
f 2332/3669/8 2331/512/8 2330/3671/8
f 2333/5740/8 2341/3656/8 2337/5730/8
f 2341/3656/8 2340/3666/8 2337/5730/8
f 2340/3666/8 2339/5733/8 2338/3647/8
f 2340/3666/8 2338/3647/8 2337/5730/8
f 2334/3674/8 2333/5740/8 2336/3672/8
f 2336/3672/8 2333/5740/8 2337/5730/8
f 2342/3659/8 2349/3671/8 2348/3675/8
f 2348/3675/8 2347/3701/8 2344/3665/8
f 2347/3701/8 2346/5733/8 2345/3666/8
f 2344/3665/8 2347/3701/8 2345/3666/8
f 2344/3665/8 2343/3660/8 2348/3675/8
f 2350/3677/8 2357/3652/8 2356/3662/8
f 2356/3662/8 2355/3661/8 2350/3677/8
f 2355/3661/8 2354/3657/8 2350/3677/8
f 2353/3656/8 2352/5740/8 2351/3676/8
f 2354/3657/8 2353/3656/8 2351/3676/8
f 2358/3672/8 2362/5741/8 2361/3644/8
f 2361/3644/8 2360/5729/8 2359/3673/8
f 2363/3646/8 2368/5742/8 2367/3678/8
f 2367/3678/8 2366/3682/8 2365/3679/8
f 2364/3680/8 2363/3646/8 2367/3678/8
f 2371/3681/8 2370/5743/8 2369/3682/8
f 2373/5732/8 2378/3685/8 2377/3683/8
f 2376/3684/8 2375/3687/8 2374/3651/8
f 2373/5732/8 2377/3683/8 2374/3651/8
f 2381/3685/8 2380/5744/8 2379/3686/8
f 2383/5745/8 2389/5743/8 2388/3681/8
f 2387/3687/8 2386/3684/8 2385/3688/8
f 2383/5745/8 2388/3681/8 2384/3689/8
f 2388/3681/8 2387/3687/8 2384/3689/8
f 2390/5746/8 2394/3680/8 2391/3645/8
f 2394/3680/8 2393/3679/8 2391/3645/8
f 2420/3684/154 2419/3697/154 2418/3690/154
f 2501/3691/8 2508/5747/8 2504/3692/8
f 2508/5747/8 2507/3695/8 2505/3696/8
f 2507/3695/8 2506/3694/8 2505/3696/8
f 2505/3696/8 2504/3692/8 2508/5747/8
f 2504/3692/8 2503/5748/8 2502/3693/8
f 2512/3661/57 2511/3696/57 2510/3694/57
f 2515/3694/58 2514/3695/58 2513/3655/58
f 2520/3665/59 2519/3691/59 2518/3693/59
f 2523/3693/60 2522/5748/60 2521/3658/60
f 2527/3695/61 2526/5747/61 2525/3664/61
f 2532/3663/62 2531/3692/62 2530/3696/62
f 2533/3668/63 2537/3658/63 2536/5748/63
f 2536/5748/63 2535/3692/63 2533/3668/63
f 2541/3664/64 2540/5747/64 2539/3691/64
f 2615/3697/8 2614/3699/8 2613/3698/8
f 2618/3683/65 2617/3686/65 2616/3698/65
f 2622/3684/66 2621/3683/66 2620/3699/66
f 2811/3701/8 2815/3675/8 2814/5749/8
f 2814/5749/8 2813/3700/8 2811/3701/8
f 2816/5749/8 2823/3675/8 2817/5750/8
f 2823/3675/8 2822/3671/8 2817/5750/8
f 2821/512/8 2820/3053/8 2819/3702/8
f 2822/3671/8 2821/512/8 2818/3703/8
f 2817/5750/8 2822/3671/8 2818/3703/8
f 2824/5751/8 2828/3705/8 2825/3700/8
f 2828/3705/8 2827/3650/8 2825/3700/8
f 4952/3704/8 4951/5731/8 4950/3650/8
f 5143/3711/8 5148/3707/8 5146/3709/8
f 5148/3707/8 5147/3720/8 5146/3709/8
f 5145/3710/8 5144/5752/8 5143/3711/8
f 5149/3712/8 5157/5744/8 5156/3685/8
f 5155/5732/8 5154/5731/8 5153/3704/8
f 5149/3712/8 5156/3685/8 5152/3708/8
f 5156/3685/8 5155/5732/8 5153/3704/8
f 5152/3708/8 5156/3685/8 5153/3704/8
f 5151/3707/8 5150/3711/8 5149/3712/8
f 5160/3710/8 5159/3709/8 5158/3713/8
f 5165/3715/8 5164/3722/8 5163/3716/8
f 5169/3718/8 5168/3733/8 5167/3717/8
f 5170/5753/8 5178/3719/8 5177/3717/8
f 5170/5753/8 5177/3717/8 5176/3716/8
f 5173/3720/8 5172/3729/8 5171/3721/8
f 5171/3721/8 5170/5753/8 5176/3716/8
f 5175/3713/8 5174/3709/8 5173/3720/8
f 5171/3721/8 5176/3716/8 5175/3713/8
f 5179/5752/8 5185/3710/8 5180/3724/8
f 5185/3710/8 5184/3714/8 5180/3724/8
f 5183/3722/8 5182/3715/8 5181/3723/8
f 5184/3714/8 5183/3722/8 5180/3724/8
f 5193/3725/8 5192/3728/8 5191/3726/8
f 5196/3728/67 5195/3725/67 5194/3706/67
f 5200/3726/68 5199/3728/68 5198/3708/68
f 5205/3706/155 5204/3725/155 5203/3727/155
f 5225/3730/8 5224/3734/8 5223/3731/8
f 5229/3733/154 5228/3730/154 5227/3732/154
f 5232/3730/66 5231/3733/66 5230/3718/66
f 5591/3736/8 5597/5754/8 5596/5755/8
f 5596/5755/8 5595/3737/8 5591/3736/8
f 5595/3737/8 5594/3744/8 5592/3735/8
f 5594/3744/8 5593/3773/8 5592/3735/8
f 7157/3738/8 7164/5756/8 7162/3739/8
f 7164/5756/8 7163/3818/8 7162/3739/8
f 7160/3743/8 7159/5757/8 7161/3740/8
f 7159/5757/8 7158/5758/8 7161/3740/8
f 7158/5758/8 7157/3738/8 7161/3740/8
f 7165/3741/8 7172/3821/8 7171/3746/8
f 7171/3746/8 7170/3745/8 7165/3741/8
f 7170/3745/8 7169/3742/8 7165/3741/8
f 7168/5759/8 7167/5757/8 7166/3743/8
f 7169/3742/8 7168/5759/8 7166/3743/8
f 7175/3744/8 7174/3737/8 7173/3745/8
f 7957/3747/8 7963/5760/8 7962/3752/8
f 7957/3747/8 7962/3752/8 7961/3748/8
f 7959/5754/8 7958/3736/8 7960/562/8
f 7958/3736/8 7957/3747/8 7960/562/8
f 7998/3749/8 7997/5761/8 7996/3750/8
f 8002/3752/8 8001/5760/8 8000/3753/8
f 8006/3755/8 8005/5762/8 8004/3756/8
f 8008/3755/8 8016/3757/8 8015/5763/8
f 8014/3758/8 8013/3748/8 8012/3752/8
f 8008/3755/8 8015/5763/8 8009/3751/8
f 8015/5763/8 8014/3758/8 8009/3751/8
f 8014/3758/8 8012/3752/8 8011/3754/8
f 8010/3749/8 8009/3751/8 8014/3758/8
f 9880/3826/8 9884/3806/8 9881/3761/8
f 9884/3806/8 9883/3759/8 9881/3761/8
f 9885/3736/8 9892/3735/8 9891/5764/8
f 9885/3736/8 9891/5764/8 9890/5765/8
f 9888/3763/8 9887/5766/8 9886/3747/8
f 9886/3747/8 9885/3736/8 9889/3762/8
f 9885/3736/8 9890/5765/8 9889/3762/8
f 9893/3765/8 9898/3770/8 9897/3827/8
f 9896/3764/8 9895/3826/8 9894/3761/8
f 9893/3765/8 9897/3827/8 9896/3764/8
f 9899/3827/8 9904/3770/8 9900/3768/8
f 9904/3770/8 9903/3766/8 9900/3768/8
f 9903/3766/8 9902/5767/8 9901/3767/8
f 9905/3771/8 9909/3765/8 9906/3769/8
f 9909/3765/8 9908/3761/8 9906/3769/8
f 9910/3762/8 9915/3766/8 9911/3763/8
f 9915/3766/8 9914/3770/8 9911/3763/8
f 9914/3770/8 9913/3765/8 9912/3771/8
f 9918/3772/8 9917/5764/8 9916/3735/8
f 9990/3806/8 9994/3805/8 9991/3759/8
f 9994/3805/8 9993/3774/8 9991/3759/8
f 10095/3776/8 10094/3798/8 10093/3731/8
f 10100/3777/8 10099/3800/8 10098/3778/8
f 10121/3801/8 10127/3787/8 10122/3782/8
f 10127/3787/8 10126/5768/8 10122/3782/8
f 10125/3780/8 10124/3796/8 10123/3781/8
f 10126/5768/8 10125/3780/8 10122/3782/8
f 10130/3783/8 10129/3799/8 10128/3784/8
f 10134/3786/8 10133/5768/8 10132/3787/8
f 10139/3783/8 10138/3785/8 10137/3788/8
f 10142/3790/8 10141/3796/8 10140/3780/8
f 10144/3792/8 10151/5769/8 10150/5770/8
f 10149/3784/8 10148/3799/8 10147/3774/8
f 10144/3792/8 10150/5770/8 10149/3784/8
f 10147/3774/8 10146/3805/8 10145/5771/8
f 10145/5771/8 10144/3792/8 10147/3774/8
f 10152/3790/8 10156/3791/8 10154/3793/8
f 10156/3791/8 10155/3797/8 10154/3793/8
f 10157/3797/8 10165/3791/8 10164/3786/8
f 10157/3797/8 10164/3786/8 10158/5772/8
f 10164/3786/8 10163/3788/8 10159/3795/8
f 10159/3795/8 10158/5772/8 10164/3786/8
f 10161/3784/8 10160/5770/8 10162/3785/8
f 10160/5770/8 10159/3795/8 10162/3785/8
f 10169/3718/8 10168/3719/8 10167/3794/8
f 10170/3794/8 10175/3719/8 10172/3796/8
f 10175/3719/8 10174/5753/8 10172/3796/8
f 10174/5753/8 10173/3781/8 10172/3796/8
f 10196/3798/65 10200/3776/65 10199/3793/65
f 10198/3797/65 10197/5772/65 10196/3798/65
f 10203/3718/66 10202/3793/66 10201/3776/66
f 10208/3789/67 10207/3777/67 10206/3779/67
f 10209/3799/71 10213/3783/71 10211/3778/71
f 10213/3783/71 10212/3779/71 10211/3778/71
f 10216/3800/156 10215/3777/156 10214/3789/156
f 10537/3802/8 10536/3847/8 10535/3803/8
f 10539/3807/8 10544/3854/8 10542/3805/8
f 10544/3854/8 10543/5771/8 10542/3805/8
f 10541/3806/8 10540/3826/8 10539/3807/8
f 10545/3830/8 10551/5773/8 10550/3808/8
f 10550/3808/8 10549/3854/8 10547/3809/8
f 10549/3854/8 10548/3807/8 10547/3809/8
f 10546/3810/8 10545/3830/8 10550/3808/8
f 10555/3811/8 10554/3840/8 10553/3812/8
f 10556/3815/8 10561/3860/8 10560/3816/8
f 10560/3816/8 10559/3842/8 10557/3814/8
f 10559/3842/8 10558/5774/8 10557/3814/8
f 10562/5774/8 10568/3842/8 10567/5775/8
f 10566/3817/8 10565/3739/8 10564/3818/8
f 10562/5774/8 10567/5775/8 10563/3819/8
f 10567/5775/8 10566/3817/8 10563/3819/8
f 10571/3820/8 10570/5776/8 10569/3821/8
f 10573/3768/8 10577/3767/8 10574/3822/8
f 10577/3767/8 10576/3828/8 10575/3823/8
f 10578/3825/8 10583/3809/8 10582/3807/8
f 10582/3807/8 10581/3826/8 10578/3825/8
f 10581/3826/8 10580/3764/8 10579/3824/8
f 10584/3827/8 10588/3768/8 10587/3822/8
f 10587/3822/8 10586/3824/8 10584/3827/8
f 10593/3743/8 10592/3823/8 10591/3828/8
f 10590/3820/8 10589/3741/8 10593/3743/8
f 10594/3810/8 10598/3845/8 10597/3829/8
f 10597/3829/8 10596/3839/8 10595/3830/8
f 10599/3743/8 10603/3740/8 10602/3831/8
f 10602/3831/8 10601/3837/8 10600/3832/8
f 10607/3833/8 10606/3810/8 10605/3809/8
f 10611/3831/8 10615/5777/8 10614/510/8
f 10614/510/8 10613/5778/8 10612/3837/8
f 10616/3839/8 10622/3829/8 10619/3840/8
f 10622/3829/8 10621/3816/8 10620/3860/8
f 10622/3829/8 10620/3860/8 10619/3840/8
f 10619/3840/8 10618/3811/8 10617/3838/8
f 10623/3816/8 10629/3829/8 10628/3845/8
f 10627/3841/8 10626/3843/8 10624/3842/8
f 10626/3843/8 10625/5775/8 10624/3842/8
f 10623/3816/8 10628/3845/8 10627/3841/8
f 10630/3844/8 10635/5778/8 10632/3843/8
f 10635/5778/8 10634/510/8 10632/3843/8
f 10634/510/8 10633/5779/8 10632/3843/8
f 10638/3844/8 10637/3841/8 10636/3845/8
f 10640/3802/8 10645/5780/8 10643/3811/8
f 10645/5780/8 10644/3838/8 10643/3811/8
f 10643/3811/8 10642/3813/8 10640/3802/8
f 10646/5769/8 10650/3792/8 10647/3850/8
f 10650/3792/8 10649/3848/8 10647/3850/8
f 10651/3849/8 10658/3848/8 10652/3853/8
f 10658/3848/8 10657/5781/8 10652/3853/8
f 10657/5781/8 10656/3851/8 10652/3853/8
f 10654/3855/8 10653/5782/8 10655/3852/8
f 10653/5782/8 10652/3853/8 10655/3852/8
f 10659/3792/8 10664/5771/8 10663/3854/8
f 10663/3854/8 10662/3808/8 10660/3848/8
f 10662/3808/8 10661/5781/8 10660/3848/8
f 10665/3855/8 10669/3852/8 10667/3804/8
f 10669/3852/8 10668/5783/8 10667/3804/8
f 10818/3856/8 10817/3859/8 10816/3857/8
f 10821/3859/73 10820/3856/73 10819/3840/73
f 10823/3866/8 10830/3867/8 10824/3862/8
f 10830/3867/8 10829/3863/8 10824/3862/8
f 10829/3863/8 10828/3864/8 10825/3861/8
f 10828/3864/8 10827/3865/8 10826/3868/8
f 10825/3861/8 10828/3864/8 10826/3868/8
f 10833/3864/74 10832/3863/74 10831/3824/74
f 10837/3865/75 10836/3864/75 10835/3822/75
f 10842/3846/76 10841/3862/76 10840/3861/76
f 10845/3866/77 10844/3862/77 10843/3846/77
f 10850/3835/78 10849/3868/78 10848/3865/78
f 10854/3824/79 10853/3863/79 10852/3867/79
f 10858/3834/80 10857/3867/80 10856/3866/80
f 10862/3844/81 10861/3861/81 10860/3868/81
f 10865/3857/82 10864/3859/82 10863/3860/82
f 10870/3840/157 10869/3856/157 10868/3858/157
usemtl material_33
f 2490/3869/2 2488/2463/2 2491/2461/2
f 2602/3870/2 2600/2461/2 2603/848/2
f 4704/3871/4 4703/3872/4 4702/3873/4
f 4737/3872/2 4735/3874/2 4738/3873/2
f 9028/3875/4 9027/3876/4 9026/3877/4
f 2490/3869/2 2489/5784/2 2488/2463/2
f 2602/3870/2 2601/3869/2 2600/2461/2
f 4702/3873/4 4706/3874/4 4704/3871/4
f 4706/3874/4 4705/5785/4 4704/3871/4
f 4737/3872/2 4736/5785/2 4735/3874/2
f 9026/3877/4 9030/5786/4 9028/3875/4
f 9030/5786/4 9029/5787/4 9028/3875/4
usemtl material_34
f 2745/3878/2 2743/3879/2 2746/3880/2
f 2749/3880/2 2747/3881/2 2750/3882/2
f 5023/3883/3 5021/3884/3 5020/3885/3
f 5042/3886/7 5040/3887/7 5043/3888/7
f 5046/2875/4 5044/3882/4 5047/3881/4
f 5051/3879/4 5049/3878/4 5048/3880/4
f 5056/3889/7 5054/3890/7 5057/3891/7
f 5061/3892/7 5059/3893/7 5058/3894/7
f 5066/3891/8 5064/3894/8 5067/3889/8
f 5072/3892/8 5071/3895/8 5069/3894/8
f 5077/3896/1 5076/3897/1 5075/3898/1
f 5082/3899/1 5080/3900/1 5079/3901/1
f 5086/3902/1 5084/3885/1 5083/3883/1
f 5096/3903/7 5095/3904/7 5092/3905/7
f 5118/3906/3 5116/3897/3 5115/3896/3
f 5120/3899/3 5119/3901/3 5123/3898/3
f 5128/3907/2 5126/3908/2 5129/3909/2
f 5132/3910/8 5131/3905/8 5130/3904/8
f 5138/3911/4 5137/3912/4 5136/3909/4
f 7806/3881/2 7804/3913/2 7807/3882/2
f 7810/2382/2 7808/3914/2 7811/3915/2
f 9850/3916/8 9848/3917/8 9851/3918/8
f 9854/3917/7 9852/3916/7 9855/3918/7
f 9858/2383/3 9856/3919/3 9859/3920/3
f 9863/2383/1 9861/3919/1 9860/3921/1
f 10041/3883/1 10039/3884/1 10038/3922/1
f 10046/3923/7 10044/3924/7 10043/3925/7
f 10050/3882/4 10048/3926/4 10051/3881/4
f 10055/3925/8 10054/3924/8 10052/3923/8
f 2745/3878/2 2744/5788/2 2743/3879/2
f 2749/3880/2 2748/3879/2 2747/3881/2
f 5023/3883/3 5022/3922/3 5021/3884/3
f 5042/3886/7 5041/5789/7 5040/3887/7
f 5046/2875/4 5045/2873/4 5044/3882/4
f 5048/3880/4 5053/4456/4 5052/4457/4
f 5051/3879/4 5050/5788/4 5049/3878/4
f 5048/3880/4 5052/4457/4 5051/3879/4
f 5056/3889/7 5055/3894/7 5054/3890/7
f 5058/3894/7 5063/3889/7 5062/3895/7
f 5061/3892/7 5060/5790/7 5059/3893/7
f 5058/3894/7 5062/3895/7 5061/3892/7
f 5066/3891/8 5065/3890/8 5064/3894/8
f 5068/3893/8 5073/5790/8 5072/3892/8
f 5071/3895/8 5070/3889/8 5069/3894/8
f 5068/3893/8 5072/3892/8 5069/3894/8
f 5074/3899/1 5078/5791/1 5075/3898/1
f 5078/5791/1 5077/3896/1 5075/3898/1
f 5082/3899/1 5081/3898/1 5080/3900/1
f 5086/3902/1 5085/5792/1 5084/3885/1
f 5091/3910/7 5098/3892/7 5097/3895/7
f 5091/3910/7 5097/3895/7 5096/3903/7
f 5094/5793/7 5093/5794/7 5092/3905/7
f 5092/3905/7 5091/3910/7 5096/3903/7
f 5095/3904/7 5094/5793/7 5092/3905/7
f 5118/3906/3 5117/3898/3 5116/3897/3
f 5119/3901/3 5125/5795/3 5124/5796/3
f 5124/5796/3 5123/3898/3 5119/3901/3
f 5123/3898/3 5122/3906/3 5120/3899/3
f 5122/3906/3 5121/5791/3 5120/3899/3
f 5128/3907/2 5127/5797/2 5126/3908/2
f 5130/3904/8 5134/3895/8 5132/3910/8
f 5134/3895/8 5133/3892/8 5132/3910/8
f 5135/3908/4 5139/5797/4 5136/3909/4
f 5139/5797/4 5138/3911/4 5136/3909/4
f 7806/3881/2 7805/5798/2 7804/3913/2
f 7810/2382/2 7809/5799/2 7808/3914/2
f 9850/3916/8 9849/5800/8 9848/3917/8
f 9854/3917/7 9853/5800/7 9852/3916/7
f 9858/2383/3 9857/3921/3 9856/3919/3
f 9863/2383/1 9862/3920/1 9861/3919/1
f 10041/3883/1 10040/3885/1 10039/3884/1
f 10042/3893/7 10047/5790/7 10043/3925/7
f 10047/5790/7 10046/3923/7 10043/3925/7
f 10046/3923/7 10045/5801/7 10044/3924/7
f 10050/3882/4 10049/4714/4 10048/3926/4
f 10052/3923/8 10057/5790/8 10055/3925/8
f 10057/5790/8 10056/3893/8 10055/3925/8
f 10054/3924/8 10053/5801/8 10052/3923/8
usemtl material_35
f 2986/3927/1 2984/3928/1 2987/3929/1
f 2990/2377/1 2988/3930/1 2991/2355/1
f 3129/3931/8 3127/3932/8 3130/3933/8
f 3133/3934/8 3132/3935/8 3131/3936/8
f 3152/3933/8 3151/3937/8 3150/3938/8
f 3156/3939/8 3155/3940/8 3160/3941/8
f 3164/3942/8 3162/3940/8 3165/3934/8
f 3168/3943/8 3167/3944/8 3166/3932/8
f 3187/3945/7 3186/3946/7 3185/3947/7
f 3193/3948/7 3192/3949/7 3191/3950/7
f 3197/3947/8 3196/3946/8 3195/3945/8
f 3201/3951/8 3200/3952/8 3204/3950/8
f 3212/3953/2 3210/3954/2 3213/3955/2
f 3216/3054/7 3214/3956/7 3217/3957/7
f 3219/3958/7 3218/3959/7 3222/3960/7
f 3226/3961/7 3225/3959/7 3224/3962/7
f 3235/3952/7 3232/3963/7 3231/3048/7
f 3239/3054/4 3237/3964/4 3240/3965/4
f 3244/3966/3 3242/3967/3 3241/3101/3
f 3248/3948/8 3247/3957/8 3246/3054/8
f 3252/3968/2 3250/3965/2 3253/3964/2
f 3256/3956/8 3254/3054/8 3257/3957/8
f 3284/3969/8 3283/3970/8 3287/3952/8
f 3292/3971/8 3291/3972/8 3290/3958/8
f 3296/3970/8 3294/3960/8 3297/3973/8
f 3299/3971/8 3298/3960/8 3301/3962/8
f 3306/3974/4 3304/3955/4 3307/3954/4
f 3311/3975/1 3309/3976/1 3308/3977/1
f 3451/3976/3 3449/3975/3 3452/3977/3
f 3455/3971/8 3453/3973/8 3456/3960/8
f 3555/3978/3 3553/3979/3 3552/3980/3
f 3561/3946/7 3559/3981/7 3558/3982/7
f 3566/3982/8 3565/3981/8 3563/3946/8
f 3580/3983/7 3579/3984/7 3578/3985/7
f 3585/3985/7 3583/3986/7 3586/3973/7
f 3591/3973/8 3590/3987/8 3588/3983/8
f 3595/3968/2 3593/3965/2 3596/3964/2
f 3647/3981/8 3646/3988/8 3645/3989/8
f 3651/3989/7 3650/3988/7 3649/3981/7
f 3656/3054/4 3654/3964/4 3657/3965/4
f 4007/3990/7 4014/3984/7 4013/3983/7
f 4025/3991/7 4022/3956/7 4021/3968/7
f 4063/3992/2 4062/3993/2 4061/3994/2
f 4067/3992/2 4065/3995/2 4064/3996/2
f 4072/3996/2 4071/3995/2 4070/3968/2
f 4075/3983/8 4074/3986/8 4081/3990/8
f 4088/3968/8 4087/3956/8 4085/3997/8
f 4095/3998/3 4093/3999/3 4096/2355/3
f 4099/4000/8 4097/4001/8 4100/4002/8
f 4103/4003/84 4101/4002/84 4104/4001/84
f 4107/4004/8 4105/4001/8 4108/4002/8
f 4112/3999/1 4110/3998/1 4109/2355/1
f 4116/4001/85 4114/4004/85 4113/4002/85
f 4123/4005/8 4119/3931/8 4118/4006/8
f 4131/4007/8 4128/4008/8 4127/4009/8
f 9257/4010/8 9256/4011/8 9255/4012/8
f 9262/4013/8 9261/4014/8 9260/4015/8
f 9269/4016/8 9268/4017/8 9267/4012/8
f 9277/4018/8 9275/4019/8 9273/4020/8
f 9282/4021/8 9280/4015/8 9283/4019/8
f 9287/4022/8 9285/4023/8 9284/4024/8
f 9305/3927/3 9303/3928/3 9302/4025/3
f 9309/2377/3 9307/3930/3 9306/4026/3
f 9319/4027/7 9317/4028/7 9316/4029/7
f 9325/4030/7 9324/4031/7 9321/4032/7
f 9336/4033/8 9333/4034/8 9332/4029/8
f 9339/4030/8 9343/4032/8 9340/4031/8
f 9371/4035/7 9369/4036/7 9372/4037/7
f 9378/4038/7 9376/4039/7 9375/4040/7
f 9382/4041/7 9381/491/7 9380/4040/7
f 9388/4042/7 9386/4043/7 9385/4044/7
f 9393/4031/7 9391/4045/7 9394/4046/7
f 9397/4031/4 9395/4047/4 9398/4048/4
f 9401/3966/1 9399/3967/1 9402/4049/1
f 9405/4039/2 9403/4048/2 9406/4047/2
f 9409/4045/8 9407/4031/8 9410/4046/8
f 9429/4039/8 9428/4045/8 9427/4038/8
f 9444/4050/8 9443/4051/8 9442/4036/8
f 9449/4052/8 9448/4053/8 9452/4030/8
f 9456/4042/8 9455/4054/8 9454/4053/8
f 9461/4052/8 9459/4051/8 9462/4050/8
f 9468/4035/8 9465/4051/8 9464/4055/8
f 9472/4056/4 9470/4057/4 9473/4058/4
f 9476/4059/2 9474/4058/2 9477/4057/2
f 9480/4060/3 9478/4061/3 9481/4062/3
f 9485/4061/1 9483/4060/1 9482/4062/1
f 9488/4052/8 9486/4063/8 9489/4053/8
f 9734/3978/1 9732/3979/1 9735/4064/1
f 9764/4036/8 9762/4029/8 9765/4034/8
f 9768/4065/7 9767/4036/7 9766/4043/7
f 9773/4039/2 9771/4048/2 9774/4047/2
f 9795/4028/8 9793/4066/8 9796/4067/8
f 9799/4066/7 9797/4028/7 9800/4067/7
f 9803/4031/4 9801/4047/4 9804/4048/4
f 9819/4068/7 9818/4066/7 9817/4069/7
f 9827/4069/8 9826/4066/8 9825/4068/8
f 9831/4037/7 9830/4069/7 9829/4070/7
f 9836/4071/7 9834/4035/7 9837/4072/7
f 9841/4070/8 9840/4069/8 9839/4037/8
f 9845/4073/8 9844/4038/8 9843/4071/8
f 11054/4074/8 11052/4075/8 11055/4076/8
f 2986/3927/1 2985/4025/1 2984/3928/1
f 2990/2377/1 2989/4026/1 2988/3930/1
f 3129/3931/8 3128/5802/8 3127/3932/8
f 3131/3936/8 3135/4007/8 3133/3934/8
f 3135/4007/8 3134/3942/8 3133/3934/8
f 3150/3938/8 3154/4006/8 3152/3933/8
f 3154/4006/8 3153/3931/8 3152/3933/8
f 3155/3940/8 3161/5803/8 3160/3941/8
f 3160/3941/8 3159/4006/8 3157/5804/8
f 3159/4006/8 3158/3938/8 3157/5804/8
f 3157/5804/8 3156/3939/8 3160/3941/8
f 3164/3942/8 3163/5803/8 3162/3940/8
f 3166/3932/8 3170/5802/8 3169/5805/8
f 3169/5805/8 3168/3943/8 3166/3932/8
f 3185/3947/7 3189/3952/7 3188/5806/7
f 3188/5806/7 3187/3945/7 3185/3947/7
f 3190/5806/7 3194/3952/7 3191/3950/7
f 3194/3952/7 3193/3948/7 3191/3950/7
f 3195/3945/8 3199/5806/8 3197/3947/8
f 3199/5806/8 3198/3952/8 3197/3947/8
f 3200/3952/8 3205/5806/8 3204/3950/8
f 3204/3950/8 3203/3949/8 3201/3951/8
f 3203/3949/8 3202/3948/8 3201/3951/8
f 3212/3953/2 3211/3974/2 3210/3954/2
f 3216/3054/7 3215/3968/7 3214/3956/7
f 3218/3959/7 3223/3961/7 3222/3960/7
f 3222/3960/7 3221/3973/7 3219/3958/7
f 3221/3973/7 3220/3986/7 3219/3958/7
f 3224/3962/7 3228/3048/7 3226/3961/7
f 3228/3048/7 3227/3963/7 3226/3961/7
f 3229/3957/7 3236/3948/7 3230/3054/7
f 3236/3948/7 3235/3952/7 3231/3048/7
f 3230/3054/7 3236/3948/7 3231/3048/7
f 3235/3952/7 3234/3947/7 3233/3970/7
f 3235/3952/7 3233/3970/7 3232/3963/7
f 3239/3054/4 3238/3968/4 3237/3964/4
f 3244/3966/3 3243/4049/3 3242/3967/3
f 3245/3048/8 3249/3951/8 3246/3054/8
f 3249/3951/8 3248/3948/8 3246/3054/8
f 3252/3968/2 3251/3054/2 3250/3965/2
f 3256/3956/8 3255/3968/8 3254/3054/8
f 3283/3970/8 3288/3947/8 3287/3952/8
f 3287/3952/8 3286/3951/8 3284/3969/8
f 3286/3951/8 3285/3048/8 3284/3969/8
f 3289/3986/8 3293/3987/8 3290/3958/8
f 3293/3987/8 3292/3971/8 3290/3958/8
f 3296/3970/8 3295/3969/8 3294/3960/8
f 3298/3960/8 3303/3969/8 3302/3048/8
f 3302/3048/8 3301/3962/8 3298/3960/8
f 3301/3962/8 3300/3972/8 3299/3971/8
f 3306/3974/4 3305/3953/4 3304/3955/4
f 3311/3975/1 3310/3250/1 3309/3976/1
f 3451/3976/3 3450/3250/3 3449/3975/3
f 3455/3971/8 3454/3987/8 3453/3973/8
f 3555/3978/3 3554/4064/3 3553/3979/3
f 3556/3970/7 3562/3947/7 3557/5807/7
f 3562/3947/7 3561/3946/7 3558/3982/7
f 3557/5807/7 3562/3947/7 3558/3982/7
f 3561/3946/7 3560/3030/7 3559/3981/7
f 3563/3946/8 3568/3947/8 3566/3982/8
f 3568/3947/8 3567/3970/8 3566/3982/8
f 3565/3981/8 3564/3030/8 3563/3946/8
f 3578/3985/7 3582/5807/7 3581/3982/7
f 3581/3982/7 3580/3983/7 3578/3985/7
f 3585/3985/7 3584/3984/7 3583/3986/7
f 3587/3982/8 3592/3970/8 3591/3973/8
f 3590/3987/8 3589/3986/8 3588/3983/8
f 3587/3982/8 3591/3973/8 3588/3983/8
f 3595/3968/2 3594/3054/2 3593/3965/2
f 3644/5808/8 3648/3030/8 3645/3989/8
f 3648/3030/8 3647/3981/8 3645/3989/8
f 3649/3981/7 3653/3030/7 3651/3989/7
f 3653/3030/7 3652/5808/7 3651/3989/7
f 3656/3054/4 3655/3968/4 3654/3964/4
f 4007/3990/7 4017/5809/7 4016/3958/7
f 4007/3990/7 4016/3958/7 4015/3986/7
f 4009/5810/7 4008/5811/7 4007/3990/7
f 4012/3988/7 4011/3989/7 4010/5812/7
f 4010/5812/7 4009/5810/7 4013/3983/7
f 4009/5810/7 4007/3990/7 4013/3983/7
f 4007/3990/7 4015/3986/7 4014/3984/7
f 4013/3983/7 4012/3988/7 4010/5812/7
f 4018/3958/7 4027/5809/7 4019/3959/7
f 4027/5809/7 4026/5813/7 4019/3959/7
f 4025/3991/7 4024/5814/7 4022/3956/7
f 4024/5814/7 4023/5815/7 4022/3956/7
f 4026/5813/7 4025/3991/7 4021/3968/7
f 4019/3959/7 4026/5813/7 4020/3962/7
f 4020/3962/7 4026/5813/7 4021/3968/7
f 4064/3996/2 4069/5816/2 4068/5817/2
f 4067/3992/2 4066/3994/2 4065/3995/2
f 4064/3996/2 4068/5817/2 4067/3992/2
f 4073/3958/8 4082/5809/8 4081/3990/8
f 4081/3990/8 4080/5811/8 4079/5810/8
f 4078/5812/8 4077/3989/8 4076/3988/8
f 4081/3990/8 4079/5810/8 4075/3983/8
f 4079/5810/8 4078/5812/8 4075/3983/8
f 4074/3986/8 4073/3958/8 4081/3990/8
f 4078/5812/8 4076/3988/8 4075/3983/8
f 4083/5814/8 4092/5809/8 4084/5818/8
f 4092/5809/8 4091/3958/8 4090/3972/8
f 4092/5809/8 4090/3972/8 4089/3962/8
f 4084/5818/8 4092/5809/8 4089/3962/8
f 4087/3956/8 4086/5815/8 4085/3997/8
f 4085/3997/8 4084/5818/8 4088/3968/8
f 4084/5818/8 4089/3962/8 4088/3968/8
f 4095/3998/3 4094/5819/3 4093/3999/3
f 4099/4000/8 4098/4003/8 4097/4001/8
f 4103/4003/84 4102/4000/84 4101/4002/84
f 4107/4004/8 4106/5820/8 4105/4001/8
f 4112/3999/1 4111/5819/1 4110/3998/1
f 4116/4001/85 4115/5820/85 4114/4004/85
f 4117/3941/8 4124/5821/8 4123/4005/8
f 4123/4005/8 4122/5822/8 4119/3931/8
f 4122/5822/8 4121/5805/8 4120/5802/8
f 4122/5822/8 4120/5802/8 4119/3931/8
f 4118/4006/8 4117/3941/8 4123/4005/8
f 4125/5823/8 4135/5821/8 4134/3941/8
f 4125/5823/8 4134/3941/8 4133/5803/8
f 4126/5824/8 4125/5823/8 4133/5803/8
f 4126/5824/8 4133/5803/8 4127/4009/8
f 4133/5803/8 4132/3942/8 4127/4009/8
f 4131/4007/8 4130/5825/8 4129/5826/8
f 4127/4009/8 4132/3942/8 4131/4007/8
f 4131/4007/8 4129/5826/8 4128/4008/8
f 9255/4012/8 9259/4022/8 9257/4010/8
f 9259/4022/8 9258/5827/8 9257/4010/8
f 9260/4015/8 9266/5828/8 9263/5829/8
f 9266/5828/8 9265/5830/8 9263/5829/8
f 9265/5830/8 9264/5831/8 9263/5829/8
f 9263/5829/8 9262/4013/8 9260/4015/8
f 9267/4012/8 9271/4011/8 9270/5832/8
f 9270/5832/8 9269/4016/8 9267/4012/8
f 9272/4016/8 9279/5832/8 9278/5833/8
f 9277/4018/8 9276/4021/8 9275/4019/8
f 9272/4016/8 9278/5833/8 9273/4020/8
f 9278/5833/8 9277/4018/8 9273/4020/8
f 9275/4019/8 9274/5834/8 9273/4020/8
f 9282/4021/8 9281/5828/8 9280/4015/8
f 9284/4024/8 9288/5827/8 9287/4022/8
f 9287/4022/8 9286/5835/8 9285/4023/8
f 9305/3927/3 9304/3929/3 9303/3928/3
f 9309/2377/3 9308/2355/3 9307/3930/3
f 9314/4042/7 9320/4033/7 9315/4034/7
f 9320/4033/7 9319/4027/7 9316/4029/7
f 9315/4034/7 9320/4033/7 9316/4029/7
f 9319/4027/7 9318/4067/7 9317/4028/7
f 9321/4032/7 9328/4033/7 9325/4030/7
f 9328/4033/7 9327/4042/7 9326/5836/7
f 9328/4033/7 9326/5836/7 9325/4030/7
f 9324/4031/7 9323/4046/7 9322/5837/7
f 9322/5837/7 9321/4032/7 9324/4031/7
f 9329/4027/8 9336/4033/8 9332/4029/8
f 9336/4033/8 9335/4042/8 9334/5838/8
f 9336/4033/8 9334/5838/8 9333/4034/8
f 9331/4028/8 9330/4067/8 9329/4027/8
f 9332/4029/8 9331/4028/8 9329/4027/8
f 9337/4042/8 9344/4033/8 9338/4054/8
f 9344/4033/8 9343/4032/8 9339/4030/8
f 9338/4054/8 9344/4033/8 9339/4030/8
f 9342/5837/8 9341/4046/8 9340/4031/8
f 9343/4032/8 9342/5837/8 9340/4031/8
f 9371/4035/7 9370/857/7 9369/4036/7
f 9373/857/7 9379/4035/7 9374/491/7
f 9379/4035/7 9378/4038/7 9375/4040/7
f 9374/491/7 9379/4035/7 9375/4040/7
f 9378/4038/7 9377/4045/7 9376/4039/7
f 9380/4040/7 9384/4030/7 9382/4041/7
f 9384/4030/7 9383/5836/7 9382/4041/7
f 9385/4044/7 9390/4041/7 9389/5836/7
f 9388/4042/7 9387/4034/7 9386/4043/7
f 9385/4044/7 9389/5836/7 9388/4042/7
f 9393/4031/7 9392/4039/7 9391/4045/7
f 9397/4031/4 9396/4039/4 9395/4047/4
f 9401/3966/1 9400/3101/1 9399/3967/1
f 9405/4039/2 9404/4031/2 9403/4048/2
f 9409/4045/8 9408/4039/8 9407/4031/8
f 9427/4038/8 9431/4073/8 9429/4039/8
f 9431/4073/8 9430/4040/8 9429/4039/8
f 9442/4036/8 9447/4034/8 9444/4050/8
f 9447/4034/8 9446/5838/8 9445/4063/8
f 9447/4034/8 9445/4063/8 9444/4050/8
f 9448/4053/8 9453/4054/8 9452/4030/8
f 9452/4030/8 9451/4040/8 9449/4052/8
f 9451/4040/8 9450/4055/8 9449/4052/8
f 9454/4053/8 9458/4063/8 9456/4042/8
f 9458/4063/8 9457/5838/8 9456/4042/8
f 9461/4052/8 9460/4055/8 9459/4051/8
f 9463/4040/8 9469/4073/8 9464/4055/8
f 9469/4073/8 9468/4035/8 9464/4055/8
f 9468/4035/8 9467/4037/8 9465/4051/8
f 9467/4037/8 9466/4036/8 9465/4051/8
f 9472/4056/4 9471/4059/4 9470/4057/4
f 9476/4059/2 9475/4056/2 9474/4058/2
f 9480/4060/3 9479/5839/3 9478/4061/3
f 9485/4061/1 9484/5839/1 9483/4060/1
f 9488/4052/8 9487/4050/8 9486/4063/8
f 9734/3978/1 9733/3980/1 9732/3979/1
f 9764/4036/8 9763/4065/8 9762/4029/8
f 9766/4043/7 9770/4034/7 9769/4029/7
f 9769/4029/7 9768/4065/7 9766/4043/7
f 9773/4039/2 9772/4031/2 9771/4048/2
f 9795/4028/8 9794/4068/8 9793/4066/8
f 9799/4066/7 9798/4068/7 9797/4028/7
f 9803/4031/4 9802/4039/4 9801/4047/4
f 9817/4069/7 9822/4037/7 9819/4068/7
f 9822/4037/7 9821/4036/7 9820/4065/7
f 9822/4037/7 9820/4065/7 9819/4068/7
f 9823/4036/8 9828/4037/8 9824/4065/8
f 9828/4037/8 9827/4069/8 9825/4068/8
f 9824/4065/8 9828/4037/8 9825/4068/8
f 9829/4070/7 9833/4072/7 9831/4037/7
f 9833/4072/7 9832/4035/7 9831/4037/7
f 9836/4071/7 9835/4038/7 9834/4035/7
f 9838/4035/8 9842/4072/8 9839/4037/8
f 9842/4072/8 9841/4070/8 9839/4037/8
f 9843/4071/8 9847/4072/8 9845/4073/8
f 9847/4072/8 9846/4035/8 9845/4073/8
f 11054/4074/8 11053/5840/8 11052/4075/8
usemtl material_36
f 3174/4077/1 3172/4078/1 3171/4079/1
f 3176/4080/1 3175/4078/1 3179/4081/1
f 3677/3111/1 3675/3191/1 3674/4082/1
f 3682/4083/1 3680/4084/1 3679/3258/1
f 3686/3191/1 3684/4085/1 3687/4082/1
f 3689/4086/1 3688/462/1 3692/3258/1
f 7869/4087/3 7867/4078/3 7870/4088/3
f 7873/4078/3 7871/4089/3 7874/4088/3
f 7877/3080/3 7875/3191/3 7878/2955/3
f 7882/4090/3 7880/3191/3 7879/4084/3
f 9983/3052/3 9982/3046/3 9981/4091/3
f 9987/4033/3 9986/3140/3 9985/4084/3
f 3174/4077/1 3173/4088/1 3172/4078/1
f 3175/4078/1 3180/4088/1 3179/4081/1
f 3179/4081/1 3178/4089/1 3177/5841/1
f 3177/5841/1 3176/4080/1 3179/4081/1
f 3677/3111/1 3676/2955/1 3675/3191/1
f 3678/3191/1 3683/2955/1 3682/4083/1
f 3682/4083/1 3681/4090/1 3680/4084/1
f 3679/3258/1 3678/3191/1 3682/4083/1
f 3686/3191/1 3685/462/1 3684/4085/1
f 3688/462/1 3693/3191/1 3692/3258/1
f 3692/3258/1 3691/4084/1 3689/4086/1
f 3691/4084/1 3690/3140/1 3689/4086/1
f 7869/4087/3 7868/5842/3 7867/4078/3
f 7873/4078/3 7872/5841/3 7871/4089/3
f 7877/3080/3 7876/3052/3 7875/3191/3
f 7882/4090/3 7881/2955/3 7880/3191/3
f 9980/462/3 9984/3191/3 9981/4091/3
f 9984/3191/3 9983/3052/3 9981/4091/3
f 9985/4084/3 9989/3191/3 9987/4033/3
f 9989/3191/3 9988/462/3 9987/4033/3
usemtl material_37
f 3280/4092/8 3278/4093/8 3276/4094/8
f 3325/4095/86 3323/4096/86 3326/4097/86
f 3329/4098/86 3327/4099/86 3330/4100/86
f 3333/4100/86 3331/4096/86 3334/4098/86
f 3359/4101/87 3357/4102/87 3356/4103/87
f 3362/4104/7 3360/4105/7 3363/4106/7
f 3370/4107/7 3368/4108/7 3371/4105/7
f 3375/4109/88 3373/4102/88 3372/4110/88
f 3388/4111/89 3386/4099/89 3385/4112/89
f 3392/4113/90 3390/4114/90 3389/4111/90
f 3396/4115/91 3394/4116/91 3393/4117/91
f 3399/4118/92 3397/4116/92 3400/4101/92
f 3418/4119/93 3416/4111/93 3415/4120/93
f 3422/4121/94 3420/4117/94 3419/4122/94
f 3426/4123/95 3424/4124/95 3423/4125/95
f 3434/4126/7 3433/4106/7 3432/4105/7
f 4488/4127/4 4486/4128/4 4489/4129/4
f 4552/4130/8 4550/4131/8 4553/4132/8
f 8975/4133/1 8973/4134/1 8972/4135/1
f 8978/4136/4 8977/4137/4 8976/4138/4
f 9015/4139/8 9013/4140/8 9016/4141/8
f 9439/4142/8 9437/4143/8 9435/4144/8
f 9504/4095/96 9502/4096/96 9501/4145/96
f 9507/4099/96 9505/4098/96 9508/4100/96
f 9511/4097/96 9509/4098/96 9512/4096/96
f 9538/4146/87 9536/4147/87 9535/4148/87
f 9541/4149/7 9539/4150/7 9542/4151/7
f 9550/4152/7 9548/4153/7 9551/4149/7
f 9555/4154/88 9553/4147/88 9552/4155/88
f 9558/4114/97 9556/4119/97 9559/4120/97
f 9562/4100/86 9561/4114/86 9560/4156/86
f 9566/4100/86 9564/4157/86 9563/4099/86
f 9593/4158/7 9596/4149/7 9594/4159/7
f 9599/4160/98 9597/4161/98 9600/4154/98
f 9611/4162/99 9609/4161/99 9608/4163/99
f 9615/4164/100 9613/4165/100 9612/4166/100
f 11298/4167/1 11296/4168/1 11299/4169/1
f 11302/4170/1 11301/4171/1 11300/4172/1
f 11305/4173/1 11304/4174/1 11303/4175/1
f 11308/4176/1 11307/4177/1 11306/4178/1
f 11312/4179/1 11310/4174/1 11309/4168/1
f 11316/4173/1 11315/4175/1 11314/4180/1
f 11324/4181/1 11322/4176/1 11321/4172/1
f 11329/4182/1 11327/4169/1 11326/4178/1
f 11405/4183/2 11403/4184/2 11406/4185/2
f 11408/4186/3 11407/4187/3 11411/4188/3
f 11415/4189/3 11413/4190/3 11416/4191/3
f 11418/4192/8 11417/4193/8 11420/4194/8
f 11427/4195/4 11425/4196/4 11424/4197/4
f 11431/4198/7 11430/4199/7 11436/4200/7
f 11441/4201/1 11439/4202/1 11438/4203/1
f 11446/4195/2 11443/4204/2 11442/4205/2
f 11451/4197/2 11449/4206/2 11452/4207/2
f 11456/4207/2 11454/4208/2 11453/4209/2
f 11460/4210/2 11459/4205/2 11458/4206/2
f 11465/4202/3 11463/4201/3 11466/4203/3
f 11469/4211/8 11467/4212/8 11470/4213/8
f 11473/4214/7 11471/4215/7 11474/4216/7
f 11544/4217/101 11542/4218/101 11545/4219/101
f 11548/4220/1 11547/4221/1 11546/4222/1
f 11551/4223/1 11550/4224/1 11549/4225/1
f 11554/4226/1 11553/4227/1 11552/4228/1
f 11558/4229/1 11556/4224/1 11555/4218/1
f 11562/4223/1 11561/4225/1 11560/4230/1
f 11570/4231/1 11568/4226/1 11567/4222/1
f 11575/4232/1 11573/4219/1 11572/4228/1
f 11651/4233/2 11649/4234/2 11652/4235/2
f 11654/4186/3 11653/4187/3 11657/4188/3
f 11661/4189/3 11659/4190/3 11662/4191/3
f 11664/4236/8 11663/4237/8 11666/4238/8
f 11673/4239/4 11671/4240/4 11670/4241/4
f 11677/4242/7 11676/4243/7 11682/4244/7
f 11687/4245/1 11685/4246/1 11684/4247/1
f 11692/4239/2 11689/4248/2 11688/4249/2
f 11697/4241/2 11695/4250/2 11698/4251/2
f 11702/4251/2 11700/4252/2 11699/4253/2
f 11706/4254/2 11705/4249/2 11704/4250/2
f 11711/4246/3 11709/4245/3 11712/4247/3
f 11715/4255/8 11713/4256/8 11716/4257/8
f 11719/4258/7 11717/4259/7 11720/4260/7
f 11862/4261/1 11860/4262/1 11863/4263/1
f 11870/4264/102 11868/4265/102 11871/4130/102
f 3274/5843/8 3282/5844/8 3281/5845/8
f 3280/4092/8 3279/5846/8 3278/4093/8
f 3274/5843/8 3281/5845/8 3276/4094/8
f 3281/5845/8 3280/4092/8 3276/4094/8
f 3276/4094/8 3275/5847/8 3274/5843/8
f 3278/4093/8 3277/5848/8 3276/4094/8
f 3325/4095/158 3324/4145/158 3323/4096/158
f 3329/4098/86 3328/5849/86 3327/4099/86
f 3333/4100/86 3332/4097/86 3331/4096/86
f 3359/4101/87 3358/4110/87 3357/4102/87
f 3362/4104/7 3361/4107/7 3360/4105/7
f 3370/4107/7 3369/5850/7 3368/4108/7
f 3375/4109/88 3374/5851/88 3373/4102/88
f 3388/4111/159 3387/4114/159 3386/4099/159
f 3392/4113/96 3391/4095/96 3390/4114/96
f 3396/4115/160 3395/4109/160 3394/4116/160
f 3399/4118/161 3398/5852/161 3397/4116/161
f 3418/4119/162 3417/4113/162 3416/4111/162
f 3422/4121/163 3421/4115/163 3420/4117/163
f 3426/4123/164 3425/4118/164 3424/4124/164
f 3431/4108/7 3435/5853/7 3432/4105/7
f 3435/5853/7 3434/4126/7 3432/4105/7
f 4488/4127/4 4487/4457/4 4486/4128/4
f 4552/4130/8 4551/5854/8 4550/4131/8
f 8975/4133/1 8974/4467/1 8973/4134/1
f 8976/4138/4 8980/4460/4 8978/4136/4
f 8980/4460/4 8979/3920/4 8978/4136/4
f 9015/4139/8 9014/5855/8 9013/4140/8
f 9432/5856/8 9441/5857/8 9440/5858/8
f 9439/4142/8 9438/5859/8 9437/4143/8
f 9432/5856/8 9440/5858/8 9434/5860/8
f 9440/5858/8 9439/4142/8 9435/4144/8
f 9434/5860/8 9433/5861/8 9432/5856/8
f 9437/4143/8 9436/5862/8 9435/4144/8
f 9435/4144/8 9434/5860/8 9440/5858/8
f 9504/4095/96 9503/4097/96 9502/4096/96
f 9507/4099/96 9506/5849/96 9505/4098/96
f 9511/4097/96 9510/4100/96 9509/4098/96
f 9538/4146/87 9537/5863/87 9536/4147/87
f 9541/4149/7 9540/4153/7 9539/4150/7
f 9550/4152/7 9549/5864/7 9548/4153/7
f 9555/4154/88 9554/4148/88 9553/4147/88
f 9558/4114/86 9557/4095/86 9556/4119/86
f 9566/4100/165 9565/5865/165 9564/4157/165
f 9592/4152/7 9596/4149/7 9593/4158/7
f 9596/4149/7 9595/4151/7 9594/4159/7
f 9599/4160/166 9598/5866/166 9597/4161/166
f 9611/4162/92 9610/4146/92 9609/4161/92
f 9615/4164/167 9614/4162/167 9613/4165/167
f 11298/4167/168 11297/5867/168 11296/4168/168
f 11309/4168/1 11313/5867/1 11312/4179/1
f 11312/4179/1 11311/4175/1 11310/4174/1
f 11314/4180/1 11319/5868/1 11317/4170/1
f 11319/5868/1 11318/4171/1 11317/4170/1
f 11317/4170/1 11316/4173/1 11314/4180/1
f 11320/4171/1 11325/5868/1 11324/4181/1
f 11324/4181/1 11323/4177/1 11322/4176/1
f 11321/4172/1 11320/4171/1 11324/4181/1
f 11326/4178/1 11330/4177/1 11329/4182/1
f 11329/4182/1 11328/4167/1 11327/4169/1
f 11405/4183/2 11404/5869/2 11403/4184/2
f 11407/4187/3 11412/5870/3 11411/4188/3
f 11411/4188/3 11410/5871/3 11408/4186/3
f 11410/5871/3 11409/5872/3 11408/4186/3
f 11415/4189/3 11414/5873/3 11413/4190/3
f 11417/4193/8 11423/5874/8 11420/4194/8
f 11423/5874/8 11422/5875/8 11420/4194/8
f 11422/5875/8 11421/5876/8 11420/4194/8
f 11420/4194/8 11419/5877/8 11418/4192/8
f 11424/4197/4 11429/4209/4 11428/5878/4
f 11427/4195/4 11426/5879/4 11425/4196/4
f 11424/4197/4 11428/5878/4 11427/4195/4
f 11430/4199/7 11437/5880/7 11436/4200/7
f 11436/4200/7 11435/5881/7 11434/5882/7
f 11433/5883/7 11432/5884/7 11436/4200/7
f 11432/5884/7 11431/4198/7 11436/4200/7
f 11436/4200/7 11434/5882/7 11433/5883/7
f 11441/4201/1 11440/5885/1 11439/4202/1
f 11442/4205/2 11448/4210/2 11447/5879/2
f 11446/4195/2 11445/5878/2 11443/4204/2
f 11445/5878/2 11444/4208/2 11443/4204/2
f 11442/4205/2 11447/5879/2 11446/4195/2
f 11451/4197/2 11450/5886/2 11449/4206/2
f 11453/4209/2 11457/4197/2 11456/4207/2
f 11456/4207/2 11455/4204/2 11454/4208/2
f 11458/4206/2 11462/5886/2 11461/4196/2
f 11461/4196/2 11460/4210/2 11458/4206/2
f 11465/4202/3 11464/5885/3 11463/4201/3
f 11469/4211/8 11468/5887/8 11467/4212/8
f 11473/4214/7 11472/5888/7 11471/4215/7
f 11544/4217/1 11543/5889/1 11542/4218/1
f 11555/4218/1 11559/5889/1 11558/4229/1
f 11558/4229/1 11557/4225/1 11556/4224/1
f 11560/4230/1 11565/5890/1 11563/4220/1
f 11565/5890/1 11564/4221/1 11563/4220/1
f 11563/4220/1 11562/4223/1 11560/4230/1
f 11566/4221/1 11571/5890/1 11570/4231/1
f 11570/4231/1 11569/4227/1 11568/4226/1
f 11567/4222/1 11566/4221/1 11570/4231/1
f 11572/4228/1 11576/4227/1 11575/4232/1
f 11575/4232/1 11574/4217/1 11573/4219/1
f 11651/4233/2 11650/5891/2 11649/4234/2
f 11653/4187/3 11658/5870/3 11657/4188/3
f 11657/4188/3 11656/5871/3 11654/4186/3
f 11656/5871/3 11655/5872/3 11654/4186/3
f 11661/4189/3 11660/5873/3 11659/4190/3
f 11663/4237/8 11669/5892/8 11666/4238/8
f 11669/5892/8 11668/5893/8 11666/4238/8
f 11668/5893/8 11667/5894/8 11666/4238/8
f 11666/4238/8 11665/5895/8 11664/4236/8
f 11670/4241/4 11675/4253/4 11674/5896/4
f 11673/4239/4 11672/5897/4 11671/4240/4
f 11670/4241/4 11674/5896/4 11673/4239/4
f 11676/4243/7 11683/5898/7 11682/4244/7
f 11682/4244/7 11681/5899/7 11680/5900/7
f 11679/5901/7 11678/5902/7 11682/4244/7
f 11678/5902/7 11677/4242/7 11682/4244/7
f 11682/4244/7 11680/5900/7 11679/5901/7
f 11687/4245/1 11686/5903/1 11685/4246/1
f 11688/4249/2 11694/4254/2 11693/5897/2
f 11692/4239/2 11691/5896/2 11689/4248/2
f 11691/5896/2 11690/4252/2 11689/4248/2
f 11688/4249/2 11693/5897/2 11692/4239/2
f 11697/4241/2 11696/5904/2 11695/4250/2
f 11699/4253/2 11703/4241/2 11702/4251/2
f 11702/4251/2 11701/4248/2 11700/4252/2
f 11704/4250/2 11708/5904/2 11707/4240/2
f 11707/4240/2 11706/4254/2 11704/4250/2
f 11711/4246/3 11710/5903/3 11709/4245/3
f 11715/4255/8 11714/5905/8 11713/4256/8
f 11719/4258/7 11718/5906/7 11717/4259/7
f 11862/4261/1 11861/5907/1 11860/4262/1
f 11870/4264/102 11869/5908/102 11868/4265/102
usemtl material_38
f 3798/4266/7 3796/4267/7 3799/4268/7
f 8225/4269/7 8223/4270/7 8226/4271/7
f 3798/4266/7 3797/5909/7 3796/4267/7
f 8225/4269/7 8224/5910/7 8223/4270/7
usemtl material_39
f 3849/4272/3 3847/4273/3 3850/4274/3
f 3854/4275/3 3852/4276/3 3851/4277/3
f 3868/4275/3 3866/4276/3 3865/4277/3
f 3875/4278/3 3873/4279/3 3876/4280/3
f 3849/4272/3 3848/5911/3 3847/4273/3
f 3854/4275/3 3853/5912/3 3852/4276/3
f 3868/4275/3 3867/5912/3 3866/4276/3
f 3875/4278/3 3874/5913/3 3873/4279/3
usemtl material_40
f 3863/4281/8 3861/4282/8 3864/4283/8
f 3871/4284/8 3869/4285/8 3872/4281/8
f 3879/4286/8 3877/4287/8 3880/4284/8
f 3863/4281/8 3862/4285/8 3861/4282/8
f 3871/4284/8 3870/4287/8 3869/4285/8
f 3879/4286/8 3878/5914/8 3877/4287/8
usemtl material_41
f 3920/4288/1 3918/4289/1 3921/4290/1
f 3946/4291/1 3944/4292/1 3947/4293/1
f 3967/4294/1 3966/4295/1 3970/4296/1
f 7237/4297/2 7235/4298/2 7238/4299/2
f 7241/4300/2 7239/4301/2 7242/4302/2
f 7245/4303/2 7243/4304/2 7246/4305/2
f 7250/4306/2 7248/4298/2 7247/4307/2
f 7269/4308/2 7268/4309/2 7265/4310/2
f 3920/4288/1 3919/5915/1 3918/4289/1
f 3946/4291/1 3945/5916/1 3944/4292/1
f 3965/5917/1 3970/4296/1 3966/4295/1
f 3970/4296/1 3969/5918/1 3967/4294/1
f 3969/5918/1 3968/5919/1 3967/4294/1
f 7237/4297/2 7236/5920/2 7235/4298/2
f 7241/4300/2 7240/5921/2 7239/4301/2
f 7245/4303/2 7244/5922/2 7243/4304/2
f 7250/4306/2 7249/4299/2 7248/4298/2
f 7264/5923/2 7273/5924/2 7271/5925/2
f 7273/5924/2 7272/5926/2 7271/5925/2
f 7267/5927/2 7266/5928/2 7268/4309/2
f 7266/5928/2 7265/4310/2 7268/4309/2
f 7265/4310/2 7264/5923/2 7270/5929/2
f 7264/5923/2 7271/5925/2 7270/5929/2
f 7265/4310/2 7270/5929/2 7269/4308/2
usemtl material_42
f 4030/4311/7 4028/4312/7 4031/4313/7
f 9351/4314/7 9349/4315/7 9352/4316/7
f 4030/4311/7 4029/5930/7 4028/4312/7
f 9351/4314/7 9350/5931/7 9349/4315/7
usemtl material_43
f 4034/4317/103 4032/4318/103 4035/4319/103
f 4039/4320/1 4037/4321/1 4036/4322/1
f 4042/4321/3 4040/4320/3 4043/4322/3
f 4046/4323/4 4044/4324/4 4047/4325/4
f 4668/4326/4 4666/4327/4 4669/4328/4
f 4686/4329/1 4684/4330/1 4687/4331/1
f 4690/4331/3 4688/4332/3 4691/4329/3
f 4714/4333/3 4712/4334/3 4711/4335/3
f 4717/4328/2 4715/4336/2 4718/4326/2
f 4721/4333/1 4719/4334/1 4722/4337/1
f 6856/4338/8 6854/4339/8 6857/4340/8
f 6861/4341/1 6859/4342/1 6858/4343/1
f 6868/4344/4 6866/4345/4 6869/4346/4
f 6872/4342/3 6870/4341/3 6873/4343/3
f 8808/4331/3 8806/4332/3 8809/4329/3
f 8816/4347/4 8814/4348/4 8817/4349/4
f 8824/4329/1 8822/4330/1 8825/4331/1
f 8916/4349/2 8914/4350/2 8917/4347/2
f 8947/4333/3 8945/4334/3 8944/4335/3
f 8950/4333/1 8948/4334/1 8951/4337/1
f 9312/4351/104 9310/4352/104 9313/4353/104
f 9347/4354/1 9345/4355/1 9348/4356/1
f 9355/4355/3 9353/4354/3 9356/4356/3
f 9359/4357/2 9357/4358/2 9360/4359/2
f 11058/4360/4 11056/4361/4 11059/4362/4
f 11062/4363/1 11060/4364/1 11063/4365/1
f 11066/4366/8 11064/4367/8 11067/4368/8
f 11071/4363/3 11069/4364/3 11068/4369/3
f 11074/4362/2 11072/4370/2 11075/4360/2
f 11083/4363/3 11081/4364/3 11080/4369/3
f 11086/4371/2 11084/4372/2 11087/4373/2
f 11090/4374/8 11088/4375/8 11091/4376/8
f 11094/4363/1 11092/4364/1 11095/4365/1
f 11098/4373/4 11096/4377/4 11099/4371/4
f 4034/4317/103 4033/5932/103 4032/4318/103
f 4039/4320/1 4038/5933/1 4037/4321/1
f 4042/4321/3 4041/5933/3 4040/4320/3
f 4046/4323/4 4045/5934/4 4044/4324/4
f 4668/4326/4 4667/4336/4 4666/4327/4
f 4686/4329/1 4685/4332/1 4684/4330/1
f 4690/4331/3 4689/4330/3 4688/4332/3
f 4714/4333/3 4713/4337/3 4712/4334/3
f 4717/4328/2 4716/4327/2 4715/4336/2
f 4721/4333/1 4720/4335/1 4719/4334/1
f 6856/4338/8 6855/5935/8 6854/4339/8
f 6861/4341/1 6860/5936/1 6859/4342/1
f 6868/4344/4 6867/5937/4 6866/4345/4
f 6872/4342/3 6871/5936/3 6870/4341/3
f 8808/4331/3 8807/4330/3 8806/4332/3
f 8816/4347/4 8815/4350/4 8814/4348/4
f 8824/4329/1 8823/4332/1 8822/4330/1
f 8916/4349/2 8915/4348/2 8914/4350/2
f 8947/4333/3 8946/4337/3 8945/4334/3
f 8950/4333/1 8949/4335/1 8948/4334/1
f 9312/4351/104 9311/5938/104 9310/4352/104
f 9347/4354/1 9346/5939/1 9345/4355/1
f 9355/4355/3 9354/5939/3 9353/4354/3
f 9359/4357/2 9358/5940/2 9357/4358/2
f 11058/4360/4 11057/4370/4 11056/4361/4
f 11062/4363/1 11061/4369/1 11060/4364/1
f 11066/4366/8 11065/5941/8 11064/4367/8
f 11071/4363/3 11070/4365/3 11069/4364/3
f 11074/4362/2 11073/4361/2 11072/4370/2
f 11083/4363/3 11082/4365/3 11081/4364/3
f 11086/4371/2 11085/4377/2 11084/4372/2
f 11090/4374/8 11089/5942/8 11088/4375/8
f 11094/4363/1 11093/4369/1 11092/4364/1
f 11098/4373/4 11097/4372/4 11096/4377/4
usemtl material_44
f 4449/4378/3 4447/4379/3 4450/4380/3
f 8969/4381/2 8968/4382/2 8967/4383/2
f 11866/4384/1 11864/4385/1 11867/4386/1
f 11875/4387/87 11873/4388/87 11872/4389/87
f 11878/4390/105 11877/4391/105 11876/4392/105
f 11881/4393/106 11880/4394/106 11879/4395/106
f 4449/4378/3 4448/5943/3 4447/4379/3
f 8967/4383/2 8971/4380/2 8969/4381/2
f 8971/4380/2 8970/4378/2 8969/4381/2
f 11866/4384/1 11865/5944/1 11864/4385/1
f 11875/4387/87 11874/5945/87 11873/4388/87
f 11879/4395/169 11883/5946/169 11882/5947/169
f 11882/5947/169 11881/4393/169 11879/4395/169
usemtl material_45
f 4494/4396/8 4500/1935/8 4497/2334/8
f 4558/3071/8 4564/4397/8 4561/4398/8
f 8853/4399/8 8859/4400/8 8856/4401/8
f 4490/5948/8 4501/5949/8 4500/1935/8
f 4500/1935/8 4499/5950/8 4498/5951/8
f 4498/5951/8 4497/2334/8 4500/1935/8
f 4497/2334/8 4496/5952/8 4494/4396/8
f 4496/5952/8 4495/5953/8 4494/4396/8
f 4494/4396/8 4493/5954/8 4492/5955/8
f 4492/5955/8 4491/5956/8 4494/4396/8
f 4491/5956/8 4490/5948/8 4500/1935/8
f 4494/4396/8 4491/5956/8 4500/1935/8
f 4554/5957/8 4565/5958/8 4564/4397/8
f 4564/4397/8 4563/5959/8 4562/5960/8
f 4562/5960/8 4561/4398/8 4564/4397/8
f 4561/4398/8 4560/5961/8 4558/3071/8
f 4560/5961/8 4559/5962/8 4558/3071/8
f 4558/3071/8 4557/5963/8 4556/5964/8
f 4556/5964/8 4555/5576/8 4558/3071/8
f 4555/5576/8 4554/5957/8 4564/4397/8
f 4558/3071/8 4555/5576/8 4564/4397/8
f 8849/5965/8 8860/5966/8 8859/4400/8
f 8859/4400/8 8858/5967/8 8857/5968/8
f 8857/5968/8 8856/4401/8 8859/4400/8
f 8856/4401/8 8855/5969/8 8853/4399/8
f 8855/5969/8 8854/5970/8 8853/4399/8
f 8853/4399/8 8852/5971/8 8851/5972/8
f 8851/5972/8 8850/5973/8 8853/4399/8
f 8850/5973/8 8849/5965/8 8859/4400/8
f 8853/4399/8 8850/5973/8 8859/4400/8
usemtl material_46
f 4504/4402/107 4502/4403/107 4505/4404/107
f 4508/4405/108 4506/4404/108 4509/4406/108
f 4512/4407/109 4510/4408/109 4513/4409/109
f 4517/4408/110 4515/4407/110 4514/4409/110
f 4520/4410/111 4518/4411/111 4521/4408/111
f 4524/4412/112 4522/4408/112 4525/4411/112
f 4528/4412/113 4526/4413/113 4529/4411/113
f 4532/4414/114 4530/4411/114 4533/4413/114
f 4536/4414/5 4534/4415/5 4537/4413/5
f 4541/4415/6 4539/4414/6 4538/4413/6
f 4544/4416/115 4542/4404/115 4545/4403/115
f 4549/4404/116 4547/4405/116 4546/4406/116
f 4568/4417/107 4566/4418/107 4569/4419/107
f 4573/4420/108 4571/4417/108 4570/4419/108
f 4576/4421/109 4574/4422/109 4577/4423/109
f 4580/4424/110 4578/4423/110 4581/4422/110
f 4584/4424/111 4582/4425/111 4585/4422/111
f 4589/4425/112 4587/4424/112 4586/4422/112
f 4592/4426/113 4591/4427/113 4590/4428/113
f 4597/4426/114 4596/4429/114 4595/4425/114
f 4602/4427/5 4600/4430/5 4603/4428/5
f 4607/4430/6 4605/4427/6 4604/4428/6
f 4610/4431/115 4608/4419/115 4611/4418/115
f 4614/4417/116 4612/4420/116 4615/4419/116
f 8863/4432/107 8861/4433/107 8864/4434/107
f 8867/4435/108 8865/4434/108 8868/4436/108
f 8871/4437/109 8869/4438/109 8872/4439/109
f 8875/4440/110 8873/4439/110 8876/4438/110
f 8879/4440/111 8877/4441/111 8880/4438/111
f 8883/4442/112 8881/4438/112 8884/4441/112
f 8887/4442/113 8885/4443/113 8888/4441/113
f 8892/4443/114 8890/4442/114 8889/4441/114
f 8895/4444/5 8893/4445/5 8896/4443/5
f 8899/4446/6 8898/4444/6 8897/4443/6
f 8904/4447/115 8902/4448/115 8905/4449/115
f 8908/4450/116 8906/4451/116 8909/4448/116
f 4504/4402/107 4503/4416/107 4502/4403/107
f 4508/4405/108 4507/4402/108 4506/4404/108
f 4512/4407/109 4511/4410/109 4510/4408/109
f 4517/4408/110 4516/4410/110 4515/4407/110
f 4520/4410/111 4519/4412/111 4518/4411/111
f 4524/4412/112 4523/4410/112 4522/4408/112
f 4528/4412/113 4527/4414/113 4526/4413/113
f 4532/4414/114 4531/4412/114 4530/4411/114
f 4536/4414/5 4535/5974/5 4534/4415/5
f 4541/4415/6 4540/5974/6 4539/4414/6
f 4544/4416/115 4543/4402/115 4542/4404/115
f 4549/4404/116 4548/4402/116 4547/4405/116
f 4568/4417/107 4567/4431/107 4566/4418/107
f 4573/4420/108 4572/5975/108 4571/4417/108
f 4576/4421/109 4575/4424/109 4574/4422/109
f 4580/4424/110 4579/4421/110 4578/4423/110
f 4584/4424/111 4583/4429/111 4582/4425/111
f 4589/4425/112 4588/4429/112 4587/4424/112
f 4590/4428/113 4594/4425/113 4592/4426/113
f 4594/4425/113 4593/4429/113 4592/4426/113
f 4595/4425/114 4599/4428/114 4597/4426/114
f 4599/4428/114 4598/4427/114 4597/4426/114
f 4602/4427/5 4601/5976/5 4600/4430/5
f 4607/4430/6 4606/5976/6 4605/4427/6
f 4610/4431/115 4609/4417/115 4608/4419/115
f 4614/4417/116 4613/5975/116 4612/4420/116
f 8863/4432/107 8862/5977/107 8861/4433/107
f 8867/4435/108 8866/4432/108 8865/4434/108
f 8871/4437/109 8870/4440/109 8869/4438/109
f 8875/4440/110 8874/4437/110 8873/4439/110
f 8879/4440/111 8878/4442/111 8877/4441/111
f 8883/4442/112 8882/4440/112 8881/4438/112
f 8887/4442/113 8886/4444/113 8885/4443/113
f 8892/4443/114 8891/4444/114 8890/4442/114
f 8895/4444/5 8894/5978/5 8893/4445/5
f 8897/4443/6 8901/4445/6 8899/4446/6
f 8901/4445/6 8900/5978/6 8899/4446/6
f 8904/4447/115 8903/4450/115 8902/4448/115
f 8908/4450/116 8907/5979/116 8906/4451/116
usemtl material_47
f 4638/4452/2 4636/4453/2 4639/4454/2
f 4642/4452/8 4640/414/8 4643/4455/8
f 4647/2875/1 4645/4456/1 4644/4457/1
f 4652/4453/4 4651/4455/4 4650/4458/4
f 8598/4459/4 8596/4460/4 8595/4461/4
f 8812/2879/8 8810/4462/8 8813/4452/8
f 8832/2874/2 8830/4452/2 8833/4454/2
f 8836/4452/4 8834/2874/4 8837/4454/4
f 8840/4456/3 8838/2875/3 8841/4457/3
f 8965/2383/2 8964/2382/2 8963/4463/2
f 8983/3920/2 8981/4461/2 8984/4460/2
f 8987/4464/8 8985/4465/8 8988/561/8
f 8995/2874/1 8994/4466/1 8998/4455/1
f 9002/4464/8 9000/4465/8 9003/561/8
f 9012/4467/1 9010/4468/1 9009/4134/1
f 4638/4452/2 4637/4455/2 4636/4453/2
f 4642/4452/8 4641/4462/8 4640/414/8
f 4647/2875/1 4646/2873/1 4645/4456/1
f 4648/4452/4 4653/4454/4 4649/5980/4
f 4653/4454/4 4652/4453/4 4650/4458/4
f 4649/5980/4 4653/4454/4 4650/4458/4
f 8595/4461/4 8599/2382/4 8598/4459/4
f 8598/4459/4 8597/2383/4 8596/4460/4
f 8812/2879/8 8811/2353/8 8810/4462/8
f 8832/2874/2 8831/2879/2 8830/4452/2
f 8836/4452/4 8835/2879/4 8834/2874/4
f 8840/4456/3 8839/2873/3 8838/2875/3
f 8962/3915/2 8966/3920/2 8963/4463/2
f 8966/3920/2 8965/2383/2 8963/4463/2
f 8983/3920/2 8982/3915/2 8981/4461/2
f 8987/4464/8 8986/5981/8 8985/4465/8
f 8994/4466/1 8999/2879/1 8998/4455/1
f 8998/4455/1 8997/5982/1 8995/2874/1
f 8997/5982/1 8996/5983/1 8995/2874/1
f 9002/4464/8 9001/5981/8 9000/4465/8
f 9012/4467/1 9011/5984/1 9010/4468/1
usemtl material_48
f 4664/4469/7 4662/4470/7 4665/4471/7
f 4709/4472/7 4707/4473/7 4710/4474/7
f 8820/4475/7 8818/4476/7 8821/4477/7
f 8928/4478/7 8926/4479/7 8929/4480/7
f 4664/4469/7 4663/5985/7 4662/4470/7
f 4709/4472/7 4708/5986/7 4707/4473/7
f 8820/4475/7 8819/5987/7 8818/4476/7
f 8928/4478/7 8927/5988/7 8926/4479/7
usemtl material_49
f 4761/4481/7 4759/4482/7 4762/4483/7
f 4859/4484/7 4857/4485/7 4860/4486/7
f 4863/4487/7 4861/4488/7 4864/4489/7
f 8667/4490/7 8665/4491/7 8668/4492/7
f 8671/4493/7 8669/4494/7 8672/4495/7
f 8703/4493/7 8701/4494/7 8704/4495/7
f 8707/4490/7 8705/4491/7 8708/4492/7
f 9121/4496/7 9119/4497/7 9122/4498/7
f 11078/4499/7 11076/4500/7 11079/4501/7
f 11102/4502/7 11100/4503/7 11103/4504/7
f 4761/4481/7 4760/5989/7 4759/4482/7
f 4859/4484/7 4858/5990/7 4857/4485/7
f 4863/4487/7 4862/5991/7 4861/4488/7
f 8667/4490/7 8666/5992/7 8665/4491/7
f 8671/4493/7 8670/5993/7 8669/4494/7
f 8703/4493/7 8702/5993/7 8701/4494/7
f 8707/4490/7 8706/5992/7 8705/4491/7
f 9121/4496/7 9120/5994/7 9119/4497/7
f 11078/4499/7 11077/5995/7 11076/4500/7
f 11102/4502/7 11101/5996/7 11100/4503/7
usemtl material_50
f 6389/4505/4 6387/4506/4 6390/4507/4
f 6389/4505/4 6388/5997/4 6387/4506/4
usemtl material_51
f 6680/4508/3 6678/496/3 6677/497/3
f 6693/2372/2 6691/402/2 6694/539/2
f 6709/803/1 6708/4509/1 6707/497/1
f 6677/497/3 6682/4509/3 6681/803/3
f 6680/4508/3 6679/473/3 6678/496/3
f 6677/497/3 6681/803/3 6680/4508/3
f 6693/2372/2 6692/401/2 6691/402/2
f 6707/497/1 6711/496/1 6710/473/1
f 6710/473/1 6709/803/1 6707/497/1
usemtl material_52
f 10779/4510/8 10777/4511/8 10780/4512/8
f 10783/4513/2 10781/4514/2 10784/4515/2
f 10787/4516/1 10785/4517/1 10788/4518/1
f 10779/4510/8 10778/5998/8 10777/4511/8
f 10783/4513/2 10782/5999/2 10781/4514/2
f 10787/4516/1 10786/6000/1 10785/4517/1
usemtl material_53
f 11130/4519/7 11128/4520/7 11131/4521/7
f 11134/4522/1 11132/4523/1 11135/4524/1
f 11138/4521/8 11136/4525/8 11139/4519/8
f 11142/4524/3 11140/4526/3 11143/4522/3
f 11146/4527/4 11144/4528/4 11147/4529/4
f 11154/4530/7 11152/4531/7 11155/4532/7
f 11158/4533/1 11156/4534/1 11159/4535/1
f 11162/4532/8 11160/4536/8 11163/4530/8
f 11166/4535/3 11164/4537/3 11167/4533/3
f 11170/4538/4 11168/4539/4 11171/4540/4
f 11130/4519/7 11129/4525/7 11128/4520/7
f 11134/4522/1 11133/4526/1 11132/4523/1
f 11138/4521/8 11137/4520/8 11136/4525/8
f 11142/4524/3 11141/4523/3 11140/4526/3
f 11146/4527/4 11145/6001/4 11144/4528/4
f 11154/4530/7 11153/4536/7 11152/4531/7
f 11158/4533/1 11157/4537/1 11156/4534/1
f 11162/4532/8 11161/4531/8 11160/4536/8
f 11166/4535/3 11165/4534/3 11164/4537/3
f 11170/4538/4 11169/2926/4 11168/4539/4
usemtl material_54
f 11150/2353/2 11148/412/2 11151/414/2
f 11174/2353/2 11172/412/2 11175/414/2
f 11150/2353/2 11149/402/2 11148/412/2
f 11174/2353/2 11173/402/2 11172/412/2
usemtl material_55
f 11178/4541/7 11176/4542/7 11179/4543/7
f 11182/4544/8 11180/4543/8 11183/4542/8
f 11186/4545/3 11184/4546/3 11187/4547/3
f 11190/4548/1 11188/4549/1 11191/4550/1
f 11194/4551/4 11192/4552/4 11195/4553/4
f 11198/4554/2 11196/4553/2 11199/4552/2
f 11178/4541/7 11177/4544/7 11176/4542/7
f 11182/4544/8 11181/4541/8 11180/4543/8
f 11186/4545/3 11185/6002/3 11184/4546/3
f 11190/4548/1 11189/6003/1 11188/4549/1
f 11194/4551/4 11193/4554/4 11192/4552/4
f 11198/4554/2 11197/4551/2 11196/4553/2
usemtl material_56
f 11202/4555/7 11200/4556/7 11203/4557/7
f 11206/4558/3 11204/4559/3 11207/4560/3
f 11210/4557/8 11208/4561/8 11211/4555/8
f 11214/4560/1 11212/4562/1 11215/4558/1
f 11218/4563/4 11216/4564/4 11219/4565/4
f 11202/4555/7 11201/4561/7 11200/4556/7
f 11206/4558/3 11205/4562/3 11204/4559/3
f 11210/4557/8 11209/4556/8 11208/4561/8
f 11214/4560/1 11213/4559/1 11212/4562/1
f 11218/4563/4 11217/6004/4 11216/4564/4
usemtl material_57
f 11222/4566/2 11220/4567/2 11223/4568/2
f 11222/4566/2 11221/6005/2 11220/4567/2
usemtl material_58
f 11246/4569/2 11244/4570/2 11247/4571/2
f 11246/4569/2 11245/6006/2 11244/4570/2
usemtl material_59
f 11270/638/3 11268/4572/3 11271/4573/3
f 11270/638/3 11269/631/3 11268/4572/3
usemtl material_60
f 11294/4574/3 11292/4575/3 11295/4576/3
f 11294/4574/3 11293/6007/3 11292/4575/3
usemtl material_61
f 11333/4577/1 11331/4578/1 11334/4579/1
f 11357/4580/2 11355/4581/2 11358/4582/2
f 11361/4583/7 11359/4584/7 11362/4585/7
f 11365/4582/4 11363/4586/4 11366/4580/4
f 11369/4587/8 11367/4585/8 11370/4584/8
f 11579/4588/1 11577/4589/1 11580/4590/1
f 11603/4591/2 11601/4592/2 11604/4593/2
f 11607/4594/7 11605/4595/7 11608/4596/7
f 11611/4593/4 11609/4597/4 11612/4591/4
f 11615/4598/8 11613/4596/8 11616/4595/8
f 11333/4577/1 11332/6008/1 11331/4578/1
f 11357/4580/2 11356/4586/2 11355/4581/2
f 11361/4583/7 11360/4587/7 11359/4584/7
f 11365/4582/4 11364/4581/4 11363/4586/4
f 11369/4587/8 11368/4583/8 11367/4585/8
f 11579/4588/1 11578/6009/1 11577/4589/1
f 11603/4591/2 11602/4597/2 11601/4592/2
f 11607/4594/7 11606/4598/7 11605/4595/7
f 11611/4593/4 11610/4592/4 11609/4597/4
f 11615/4598/8 11614/4594/8 11613/4596/8
usemtl material_62
f 11336/4599/1 11335/4600/1 11339/4601/1
f 11342/4602/1 11341/4603/1 11345/4604/1
f 11349/4605/1 11347/4603/1 11350/4599/1
f 11353/4600/1 11351/4606/1 11354/4607/1
f 11374/4608/117 11372/4609/117 11371/4610/117
f 11378/4611/118 11376/4612/118 11375/4613/118
f 11381/4608/119 11379/4609/119 11382/4614/119
f 11385/4611/120 11383/4612/120 11386/4615/120
f 11390/4616/121 11388/4617/121 11387/4618/121
f 11393/4619/122 11391/4620/122 11394/4621/122
f 11397/4617/123 11395/4616/123 11398/4618/123
f 11402/4614/124 11400/4622/124 11399/4623/124
f 11477/4624/8 11475/4625/8 11478/4626/8
f 11482/4624/8 11480/4627/8 11479/4628/8
f 11487/4629/8 11486/4625/8 11485/4630/8
f 11491/4631/2 11490/4632/2 11489/4633/2
f 11496/4634/2 11494/4633/2 11497/4635/2
f 11500/4636/7 11498/4627/7 11501/4626/7
f 11505/4637/3 11504/4638/3 11503/4639/3
f 11509/4640/125 11507/4641/125 11510/4634/125
f 11514/4629/7 11512/4642/7 11511/4625/7
f 11518/4643/3 11516/4644/3 11515/4645/3
f 11523/4633/4 11521/4631/4 11520/4641/4
f 11527/4646/4 11525/4635/4 11528/4633/4
f 11531/4630/7 11529/4626/7 11532/4625/7
f 11535/4639/3 11533/4647/3 11536/4648/3
f 11540/4641/126 11539/4631/126 11538/4649/126
f 11582/4599/1 11581/4600/1 11585/4601/1
f 11588/4602/1 11587/4603/1 11591/4604/1
f 11595/4605/1 11593/4603/1 11596/4599/1
f 11599/4600/1 11597/4606/1 11600/4607/1
f 11620/4650/117 11618/4651/117 11617/4652/117
f 11624/4653/118 11622/4654/118 11621/4655/118
f 11627/4650/119 11625/4651/119 11628/4656/119
f 11631/4653/120 11629/4654/120 11632/4657/120
f 11636/4658/121 11634/4659/121 11633/4660/121
f 11639/4661/122 11637/4662/122 11640/4663/122
f 11643/4659/123 11641/4658/123 11644/4660/123
f 11648/4656/124 11646/4664/124 11645/4665/124
f 11723/4666/8 11721/4667/8 11724/4668/8
f 11728/4666/8 11726/4669/8 11725/4670/8
f 11733/4671/8 11732/4667/8 11731/4672/8
f 11737/4673/2 11736/4674/2 11735/4675/2
f 11742/4676/2 11740/4675/2 11743/4677/2
f 11746/4678/7 11744/4669/7 11747/4668/7
f 11751/4637/3 11750/4638/3 11749/4639/3
f 11755/4679/125 11753/4680/125 11756/4676/125
f 11760/4671/7 11758/4681/7 11757/4667/7
f 11764/4643/3 11762/4644/3 11761/4645/3
f 11769/4675/4 11767/4673/4 11766/4680/4
f 11773/4682/4 11771/4677/4 11774/4675/4
f 11777/4672/7 11775/4668/7 11778/4667/7
f 11781/4639/3 11779/4647/3 11782/4648/3
f 11786/4680/126 11785/4673/126 11784/4683/126
f 11335/4600/1 11340/4607/1 11339/4601/1
f 11339/4601/1 11338/6010/1 11336/4599/1
f 11338/6010/1 11337/4605/1 11336/4599/1
f 11341/4603/1 11346/6011/1 11345/4604/1
f 11345/4604/1 11344/6012/1 11342/4602/1
f 11344/6012/1 11343/4606/1 11342/4602/1
f 11349/4605/1 11348/6011/1 11347/4603/1
f 11353/4600/1 11352/4602/1 11351/4606/1
f 11374/4608/117 11373/4614/117 11372/4609/117
f 11378/4611/118 11377/4615/118 11376/4612/118
f 11381/4608/119 11380/4610/119 11379/4609/119
f 11385/4611/120 11384/4613/120 11383/4612/120
f 11390/4616/121 11389/6013/121 11388/4617/121
f 11393/4619/122 11392/6014/122 11391/4620/122
f 11397/4617/123 11396/6013/123 11395/4616/123
f 11402/4614/124 11401/4608/124 11400/4622/124
f 11477/4624/8 11476/4630/8 11475/4625/8
f 11479/4628/8 11483/4636/8 11482/4624/8
f 11482/4624/8 11481/4626/8 11480/4627/8
f 11484/4642/8 11488/6015/8 11485/4630/8
f 11488/6015/8 11487/4629/8 11485/4630/8
f 11489/4633/2 11493/4646/2 11492/4641/2
f 11492/4641/2 11491/4631/2 11489/4633/2
f 11496/4634/2 11495/4646/2 11494/4633/2
f 11500/4636/7 11499/4628/7 11498/4627/7
f 11502/4648/3 11506/6016/3 11503/4639/3
f 11506/6016/3 11505/4637/3 11503/4639/3
f 11509/4640/125 11508/4631/125 11507/4641/125
f 11514/4629/7 11513/6015/7 11512/4642/7
f 11515/4645/3 11519/4647/3 11518/4643/3
f 11518/4643/3 11517/6017/3 11516/4644/3
f 11520/4641/4 11524/4646/4 11523/4633/4
f 11523/4633/4 11522/4632/4 11521/4631/4
f 11527/4646/4 11526/4634/4 11525/4635/4
f 11531/4630/7 11530/4624/7 11529/4626/7
f 11535/4639/3 11534/4643/3 11533/4647/3
f 11537/4640/126 11541/4634/126 11538/4649/126
f 11541/4634/126 11540/4641/126 11538/4649/126
f 11581/4600/1 11586/4607/1 11585/4601/1
f 11585/4601/1 11584/6010/1 11582/4599/1
f 11584/6010/1 11583/4605/1 11582/4599/1
f 11587/4603/1 11592/6011/1 11591/4604/1
f 11591/4604/1 11590/6012/1 11588/4602/1
f 11590/6012/1 11589/4606/1 11588/4602/1
f 11595/4605/1 11594/6011/1 11593/4603/1
f 11599/4600/1 11598/4602/1 11597/4606/1
f 11620/4650/117 11619/4656/117 11618/4651/117
f 11624/4653/118 11623/4657/118 11622/4654/118
f 11627/4650/119 11626/4652/119 11625/4651/119
f 11631/4653/120 11630/4655/120 11629/4654/120
f 11636/4658/121 11635/6018/121 11634/4659/121
f 11639/4661/122 11638/6019/122 11637/4662/122
f 11643/4659/123 11642/6018/123 11641/4658/123
f 11648/4656/124 11647/4650/124 11646/4664/124
f 11723/4666/8 11722/4672/8 11721/4667/8
f 11725/4670/8 11729/4678/8 11728/4666/8
f 11728/4666/8 11727/4668/8 11726/4669/8
f 11730/4681/8 11734/6020/8 11731/4672/8
f 11734/6020/8 11733/4671/8 11731/4672/8
f 11735/4675/2 11739/4682/2 11738/4680/2
f 11738/4680/2 11737/4673/2 11735/4675/2
f 11742/4676/2 11741/4682/2 11740/4675/2
f 11746/4678/7 11745/4670/7 11744/4669/7
f 11748/4648/3 11752/6016/3 11749/4639/3
f 11752/6016/3 11751/4637/3 11749/4639/3
f 11755/4679/125 11754/4673/125 11753/4680/125
f 11760/4671/7 11759/6020/7 11758/4681/7
f 11761/4645/3 11765/4647/3 11764/4643/3
f 11764/4643/3 11763/6017/3 11762/4644/3
f 11766/4680/4 11770/4682/4 11769/4675/4
f 11769/4675/4 11768/4674/4 11767/4673/4
f 11773/4682/4 11772/4676/4 11771/4677/4
f 11777/4672/7 11776/4666/7 11775/4668/7
f 11781/4639/3 11780/4643/3 11779/4647/3
f 11783/4679/126 11787/4676/126 11784/4683/126
f 11787/4676/126 11786/4680/126 11784/4683/126
usemtl material_63
f 11790/4684/4 11788/4685/4 11791/4686/4
f 11795/4687/1 11793/4688/1 11792/4689/1
f 11798/4690/2 11796/4686/2 11799/4685/2
f 11802/4691/3 11800/4692/3 11803/4693/3
f 11806/4694/8 11804/4695/8 11807/4696/8
f 11810/401/7 11808/4696/7 11811/4695/7
f 11814/4697/3 11812/4698/3 11815/4699/3
f 11818/4700/2 11816/4701/2 11819/4702/2
f 11823/4698/1 11821/4697/1 11820/4699/1
f 11826/4703/4 11824/4702/4 11827/4701/4
f 11830/4704/7 11828/4705/7 11831/4706/7
f 11834/4705/8 11832/4704/8 11835/4706/8
f 11838/4707/3 11836/4708/3 11839/4709/3
f 11842/4710/8 11840/4711/8 11843/4712/8
f 11846/4708/1 11844/4707/1 11847/4709/1
f 11850/4712/7 11848/4713/7 11851/4710/7
f 11854/2382/4 11852/3920/4 11855/3915/4
f 11858/4714/2 11856/4715/2 11859/3926/2
f 11790/4684/4 11789/4690/4 11788/4685/4
f 11795/4687/1 11794/6021/1 11793/4688/1
f 11798/4690/2 11797/4684/2 11796/4686/2
f 11802/4691/3 11801/6022/3 11800/4692/3
f 11806/4694/8 11805/401/8 11804/4695/8
f 11810/401/7 11809/4694/7 11808/4696/7
f 11814/4697/3 11813/6023/3 11812/4698/3
f 11818/4700/2 11817/4703/2 11816/4701/2
f 11823/4698/1 11822/6023/1 11821/4697/1
f 11826/4703/4 11825/4700/4 11824/4702/4
f 11830/4704/7 11829/6024/7 11828/4705/7
f 11834/4705/8 11833/6024/8 11832/4704/8
f 11838/4707/3 11837/6025/3 11836/4708/3
f 11842/4710/8 11841/4713/8 11840/4711/8
f 11846/4708/1 11845/6025/1 11844/4707/1
f 11850/4712/7 11849/4711/7 11848/4713/7
f 11854/2382/4 11853/2383/4 11852/3920/4
f 11858/4714/2 11857/6026/2 11856/4715/2
usemtl material_64
f 11886/4716/127 11884/4717/127 11887/4718/127
f 11898/4719/128 11896/4720/128 11899/4721/128
f 11902/4722/129 11900/4723/129 11903/4724/129
f 11886/4716/127 11885/6027/127 11884/4717/127
f 11898/4719/128 11897/6028/128 11896/4720/128
f 11902/4722/129 11901/6029/129 11900/4723/129
usemtl material_65
f 11891/4725/130 11889/4726/130 11888/4727/130
f 11891/4725/170 11890/6030/170 11889/4726/170
usemtl material_66
f 11895/4728/3 11893/4729/3 11892/4730/3
f 11895/4728/3 11894/6031/3 11893/4729/3
usemtl material_67
f 11926/4731/4 11924/4732/4 11927/4733/4
f 11926/4731/4 11925/6032/4 11924/4732/4
